<?xml version="1.0" encoding="UTF-8" standalone="no" ?>
<COLLADA version="1.4.1" xmlns="http://www.collada.org/2005/11/COLLADASchema">

  <asset>
    <contributor>
      <authoring_tool>ONSHAPE BY PTC INC, 1.212</authoring_tool>
    </contributor>
    <created>2026-03-28T14:52:18</created>
    <modified>2026-03-28T14:52:18</modified>
    <unit meter="1" name="meters"/>
    <up_axis>Z_UP</up_axis>
  </asset>

  <library_materials>
    <material id="ID9" name="ID9">
      <instance_effect url="#ID9-fx"/>
    </material>
    <material id="ID10" name="ID10">
      <instance_effect url="#ID10-fx"/>
    </material>
  </library_materials>

  <library_effects>
    <effect id="ID9-fx" name="ID9">
      <profile_COMMON>
        <technique sid="COMMON">
          <lambert>
            <diffuse>
              <color sid="diffuse">0.0980392 0.0980392 0.0980392 1</color>
            </diffuse>
            <transparent opaque="A_ONE">
              <color sid="transparent">1 1 1 1</color>
            </transparent>
            <transparency>
              <float sid="transparency">1</float>
            </transparency>
          </lambert>
        </technique>
        <extra>
          <technique profile="OTHER">
            <double_sided>1</double_sided>
          </technique>
        </extra>
      </profile_COMMON>
    </effect>
    <effect id="ID10-fx" name="ID10">
      <profile_COMMON>
        <technique sid="COMMON">
          <lambert>
            <diffuse>
              <color sid="diffuse">0.301961 0.301961 0.301961 1</color>
            </diffuse>
            <transparent opaque="A_ONE">
              <color sid="transparent">1 1 1 1</color>
            </transparent>
            <transparency>
              <float sid="transparency">1</float>
            </transparency>
          </lambert>
        </technique>
        <extra>
          <technique profile="OTHER">
            <double_sided>1</double_sided>
          </technique>
        </extra>
      </profile_COMMON>
    </effect>
  </library_effects>

  <library_geometries>
    <geometry id="ID3">
      <mesh>
        <source id="ID4">
          <float_array count="18480" id="ID5">-0.0451362 -0.0280551 -0.0096 -0.0453768 -0.0279743 -0.0096 -0.0437408 -0.025528 -0.0096 0.0315536 0.0218603 -0.0096 0.0315536 0.0164 -0.0096 0.0306358 0.0199258 -0.0096 -0.00940489 -0.0348009 -0.0096 -0.0142188 -0.0349966 -0.0096 -0.00409815 -0.03 -0.0096 -0.043767 -0.0303254 -0.0096 -0.04422 -0.0299597 -0.0096 -0.0408546 -0.0254729 -0.0096 -0.0464013 -0.0233657 -0.0096 -0.0472641 -0.0187356 -0.0096 -0.00937147 0.0347968 -0.0096 0.015445 0.00307682 -0.0096 -0.0141946 0.0349978 -0.0096 -0.0446151 -0.0295322 -0.0096 -0.0451997 -0.0285289 -0.0096 -0.044944 -0.0290519 -0.0096 -0.0479651 -0.014084 -0.0096 0.0159581 0.00507226 -0.0096 -0.0240982 -0.025 -0.0096 -0.0485045 -0.00941082 -0.0096 -0.0488822 -0.00471617 -0.0096 -0.0408546 0.0254729 -0.0096 -0.0393638 0.0279449 -0.0096 -0.0286039 0.0340619 -0.0096 -0.0238015 0.0346279 -0.0096 -0.0485045 0.00941082 -0.0096 -0.0479651 0.014084 -0.0096 -0.0437408 0.025528 -0.0096 -0.0464013 0.0233657 -0.0096 -0.0472641 0.0187356 -0.0096 -0.04422 0.0299597 -0.0096 -0.043767 0.0303254 -0.0096 -0.0451362 0.0280551 -0.0096 -0.044944 0.0290519 -0.0096 -0.0451997 0.0285289 -0.0096 -0.0446151 0.0295322 -0.0096 -0.0453768 0.0279743 -0.0096 -0.043451 0.0305234 -0.0096 -0.0430757 0.0307096 -0.0096 -0.0407592 0.030472 -0.0096 -0.0189935 0.0349401 -0.0096 -0.033331 0.0332456 -0.0096 -0.038024 0.0321767 -0.0096 -0.0426831 0.0308555 -0.0096 0.00490203 0.0326797 -0.0096 0.016716 0.00698539 -0.0096 0.000180703 0.0336394 -0.0096 -0.00456941 0.0343428 -0.0096 0.00957719 0.031469 -0.0096 0.0177072 0.00878838 -0.0096 0.0189196 0.0104564 -0.0096 0.0203307 0.0119581 -0.0096 0.0141591 0.0300213 -0.0096 0.021917 0.0132697 -0.0096 0.0186476 0.0283365 -0.0096 0.0263713 0.0225363 -0.0096 0.0273449 0.0242561 -0.0096 0.0292571 0.0224621 -0.0096 0.0248642 0.0200742 -0.0096 0.0291287 0.0174637 -0.0096 0.0294954 0.0162702 -0.0096 0.0151861 0.00103122 -0.0096 -0.00409815 -0.025 -0.0096 0.0154436 -0.00306842 -0.0096 0.0159552 -0.00506388 -0.0096 0.0151861 -0.00102732 -0.0096 -0.0488822 0.00471617 -0.0096 0.0230429 0.0264148 -0.0096 -0.0490982 -1.72589e-09 -0.0096 0.0177059 -0.00878599 -0.0096 0.0189146 -0.01045 -0.0096 0.0167137 -0.00698102 -0.0096 0.0141194 -0.0300331 -0.0096 0.00487887 -0.0326867 -0.0096 0.00014729 -0.0336434 -0.0096 0.0186476 -0.0283365 -0.0096 0.020324 -0.0119519 -0.0096 0.0219121 -0.0132664 -0.0096 0.0236521 -0.0143709 -0.0096 0.0248642 -0.0200742 -0.0096 0.0274708 -0.0158834 -0.0096 0.0291287 -0.0174637 -0.0096 0.0262429 -0.0175379 -0.0096 0.0255126 -0.0152464 -0.0096 0.0306358 -0.0199258 -0.0096 0.0315536 -0.0218603 -0.0096 0.0292571 -0.0224621 -0.0096 0.0273449 -0.0242561 -0.0096 0.0315536 -0.0164 -0.0096 0.00952509 -0.0314846 -0.0096 -0.00462424 -0.0343494 -0.0096 -0.0286039 -0.0340619 -0.0096 -0.0230982 -0.03 -0.0096 -0.0238428 -0.0346259 -0.0096 -0.0393638 -0.0279449 -0.0096 -0.0240982 -0.029 -0.0096 -0.033331 -0.0332456 -0.0096 -0.038024 -0.0321767 -0.0096 -0.0407592 -0.030472 -0.0096 -0.0426831 -0.0308555 -0.0096 -0.043451 -0.0305234 -0.0096 -0.0430757 -0.0307096 -0.0096 -0.0190478 -0.0349375 -0.0096 0.0274797 0.0158856 -0.0096 0.0255194 0.0152494 -0.0096 0.0262429 0.0175379 -0.0096 0.0236533 0.0143717 -0.0096 0.0230429 -0.0264148 -0.0096 0.0263713 -0.0225363 -0.0096 0.0294954 -0.0162702 -0.0096 -0.0408546 -0.0254729 -0.008 -0.0437408 -0.025528 7.10543e-18 -0.0408546 -0.0254729 7.10543e-18 -0.0437408 -0.025528 -0.008 -0.0393638 -0.0279449 -0.008 -0.0408546 -0.0254729 7.10543e-18 -0.0393638 -0.0279449 1.42109e-17 -0.0408546 -0.0254729 -0.008 -0.0407592 -0.030472 -0.008 -0.0393638 -0.0279449 1.42109e-17 -0.0407592 -0.030472 -1.06581e-17 -0.0393638 -0.0279449 -0.008 -0.0437408 -0.025528 -0.008 -0.0451362 -0.0280551 -3.55271e-18 -0.0437408 -0.025528 7.10543e-18 -0.0451362 -0.0280551 -0.008 0.0292571 -0.0224621 -0.008 0.0306358 -0.0199258 -7.10543e-18 0.0292571 -0.0224621 -7.10543e-18 0.0306358 -0.0199258 -0.008 0.0263713 -0.0225363 -0.008 0.0292571 -0.0224621 -7.10543e-18 0.0263713 -0.0225363 1.06581e-17 0.0292571 -0.0224621 -0.008 0.0248642 -0.0200742 -0.008 0.0263713 -0.0225363 1.06581e-17 0.0248642 -0.0200742 1.06581e-17 0.0263713 -0.0225363 -0.008 0.0262429 -0.0175379 -0.008 0.0248642 -0.0200742 1.06581e-17 0.0262429 -0.0175379 1.06581e-17 0.0248642 -0.0200742 -0.008 0.0291287 -0.0174637 -0.008 0.0262429 -0.0175379 1.06581e-17 0.0291287 -0.0174637 1.06581e-17 0.0262429 -0.0175379 -0.008 0.0306358 -0.0199258 -0.008 0.0291287 -0.0174637 1.06581e-17 0.0306358 -0.0199258 -7.10543e-18 0.0291287 -0.0174637 -0.008 0.0291287 0.0174637 -0.008 0.0306358 0.0199258 3.55271e-18 0.0291287 0.0174637 3.55271e-18 0.0306358 0.0199258 -0.008 0.0262429 0.0175379 -0.008 0.0291287 0.0174637 3.55271e-18 0.0262429 0.0175379 1.06581e-17 0.0291287 0.0174637 -0.008 0.0248642 0.0200742 -0.008 0.0262429 0.0175379 1.06581e-17 0.0248642 0.0200742 1.06581e-17 0.0262429 0.0175379 -0.008 0.0263713 0.0225363 -0.008 0.0248642 0.0200742 1.06581e-17 0.0263713 0.0225363 1.06581e-17 0.0248642 0.0200742 -0.008 0.0292571 0.0224621 -0.008 0.0263713 0.0225363 1.06581e-17 0.0292571 0.0224621 1.06581e-17 0.0263713 0.0225363 -0.008 0.0306358 0.0199258 -0.008 0.0292571 0.0224621 1.06581e-17 0.0306358 0.0199258 3.55271e-18 0.0292571 0.0224621 -0.008 -0.0451362 0.0280551 -0.008 -0.0437408 0.025528 1.77636e-17 -0.0451362 0.0280551 1.77636e-17 -0.0437408 0.025528 -0.008 -0.0393638 0.0279449 -0.008 -0.0407592 0.030472 -1.06581e-17 -0.0393638 0.0279449 -1.06581e-17 -0.0407592 0.030472 -0.008 -0.0408546 0.0254729 -0.008 -0.0393638 0.0279449 -1.06581e-17 -0.0408546 0.0254729 1.42109e-17 -0.0393638 0.0279449 -0.008 -0.0437408 0.025528 -0.008 -0.0408546 0.0254729 1.42109e-17 -0.0437408 0.025528 1.77636e-17 -0.0408546 0.0254729 -0.008 -0.0451362 -0.0280551 -3.55271e-18 -0.0436715 -0.0304838 0 -0.0441956 -0.0301152 -4.44089e-19 -0.0455286 -0.0279743 0 -0.0437408 -0.025528 7.10543e-18 -0.0450352 -0.0291526 -4.44089e-19 -0.0446541 -0.0296676 -4.44089e-19 -0.0453293 -0.0285833 -4.44089e-19 -0.0435978 -0.0305262 0 -0.0407592 -0.030472 -1.06581e-17 -0.042835 -0.0308555 0 -0.021907 -0.0248463 0 -0.0299989 -0.0338724 -4.44089e-19 -0.0243432 -0.0239606 0 -0.0193983 -0.0254851 0 -0.0212741 -0.0348341 -4.44089e-19 -0.0256532 -0.0344582 -4.44089e-19 0.0462635 0.00553018 0 0.0486946 0.00437276 0 0.0468476 0.00356472 0 -0.0393638 -0.0279449 1.42109e-17 -0.0385898 -0.0320711 -4.44089e-19 -0.0168459 -0.0258697 0 -0.0343111 -0.0330767 -4.44089e-19 -0.01425 -0.026 0 -0.0168614 -0.035 0 0.00918571 -0.0315375 0 0.000402489 -0.0214774 0 0.0024652 -0.0199143 0 -0.0144979 -0.035 0 0.0216837 -0.0128247 0 0.0233988 -0.0139412 0 0.0248642 -0.0200742 1.06581e-17 0.00995319 -0.00949705 0 0.0187429 -0.00997843 0 0.00888986 -0.011854 0 0.0201229 -0.0114968 0 0.0182933 -0.0284182 0 0.0226867 -0.0265097 0 -0.018133 0.0257078 0 -0.0168614 0.035 0 -0.0155502 0.0259674 0 0.0311905 -0.0219879 0 0.0292571 -0.0224621 -7.10543e-18 0.0306358 -0.0199258 -7.10543e-18 0.045908 0.0103536 0 0.0430913 0.0107599 0 0.0445101 0.0120688 0 0.00924079 0.0315222 0 -0.00069917 0.0221887 0 0.00458161 0.0327177 0 0.0472417 -0.000511378 0 0.0471758 0.00153867 0 0.04925 -2.6408e-10 0 0.0416177 0.012186 0 0.042909 0.0135993 0 0.0486916 -0.00438374 0 0.0465898 -0.00454789 0 0.0470452 -0.00254892 0 0.0480125 -0.00648512 0 0.0458816 -0.00647418 0 0.0491069 0.00221033 0 0.0491069 -0.00221033 0 0.0470811 0.00848251 0 0.0443715 0.00915554 0 0.0470787 -0.00848767 0 0.0449327 -0.00829337 0 0.0391307 0.0166145 0 0.0399765 0.0134104 0 0.0381905 0.0144163 0 0.0362876 0.015186 0 0.0322725 0.015967 0 0.0352246 0.0194107 0 0.0343036 0.0157055 0 0.0454345 0.00740216 0 0.0480149 0.00647997 0 0.0459015 -0.0103629 0 0.0437618 -0.00997203 0 0.0271964 -0.0154777 0 0.0291287 -0.0174637 1.06581e-17 0.0262429 -0.0175379 1.06581e-17 0.042909 -0.0135993 0 0.0408219 -0.0128209 0 0.0423841 -0.0114901 0 0.0269915 -0.0243635 0 0.0263713 -0.0225363 1.06581e-17 0.0352246 -0.0194107 0 0.033299 -0.0158682 0 -0.00909288 -0.0254828 0 -0.00658186 -0.0248434 0 -0.00488452 -0.034363 0 -0.00181422 -0.0228331 0 0.00454227 -0.0327287 0 -0.00414365 -0.0239547 0 -0.0485248 -0.0106929 0 -0.0392754 -0.00704938 0 -0.0384523 -0.0094998 0 -0.0408546 -0.0254729 7.10543e-18 -0.0473056 -0.019382 0 -0.0328568 -0.0181591 0 -0.0488917 0.00641576 0 -0.0400482 0.00323228 0 -0.0490752 0.00213859 0 -0.0379514 0.0106868 0 -0.0485248 0.0106929 0 -0.047985 0.0150496 0 -0.0367696 0.0129944 0 0.015324 0.00153282 0 0.0117411 0.000656285 0 0.0115482 0.00323327 0 -0.0473056 0.019382 0 -0.0353618 0.0151747 0 -0.0278117 0.0221826 0 -0.0299546 0.0207203 0 -0.0393638 0.0279449 -1.06581e-17 -0.0337492 0.0171975 0 -0.0408546 0.0254729 1.42109e-17 -0.0319359 0.019058 0 -0.0407592 0.030472 -1.06581e-17 -0.0385898 0.0320711 0 -0.0343111 0.0330767 0 -0.042835 0.0308555 0 -0.0435978 0.0305262 0 0.0170639 0.00739967 0 0.0162333 0.00552222 0 0.0110961 0.00579267 0 -0.0464868 0.0236902 0 -0.0437408 0.025528 1.77636e-17 -0.0488917 -0.00641576 0 0.017568 -0.00829473 0 0.0107797 -0.00703532 0 0.0166213 -0.00647984 0 -0.0451362 0.0280551 1.77636e-17 -0.0455286 0.0279743 0 -0.0453293 0.0285833 0 -0.0441956 0.0301152 0 -0.0436715 0.0304838 0 -0.0450352 0.0291526 0 -0.0446541 0.0296676 0 0.00759207 -0.014104 0 0.0252487 -0.0148318 0 0.00608169 -0.0162045 0 0.0152583 -0.00051362 0 0.0154558 -0.00255714 0 0.0116775 -0.0019391 0 0.00436643 -0.0181498 0 -0.0266823 -0.0228347 0 -0.0288894 -0.0214863 0 -0.0464868 -0.0236902 0 -0.0144979 0.035 0 -0.0129602 0.0259674 0 0.0208754 0.0121804 0 0.0068594 0.0151787 0 0.0225203 0.0134087 0 0.0159131 -0.00455713 0 0.0113555 -0.00450836 0 0.0353131 -0.0154752 0 0.0372582 -0.0148286 0 0.0391307 -0.0166145 0 0.029201 -0.0158682 0 0.03125 -0.016 0 -0.0053653 0.0244342 0 -0.000147804 0.0336705 0 -0.00297172 0.0234264 0 -0.0388971 0.00827752 0 -0.0309607 -0.0199186 0 -0.0401763 -0.0019488 0 -0.0398541 -0.00451924 0 -0.0490752 -0.00213859 0 -0.034574 -0.016215 0 -0.0360879 -0.0141096 0 0.0156504 0.00355538 0 -0.0373828 -0.0118681 0 -0.047985 -0.0150496 0 -0.0402417 0.000641116 0 -0.0299989 0.0338724 0 -0.0256532 0.0344582 0 -0.0231495 0.024429 0 -0.0206663 0.0251958 0 -0.0212741 0.0348341 0 -0.00966787 0.0348061 0 -0.0103818 0.0257103 0 -0.00488452 0.034363 0 -0.00783558 0.0251962 0 0.0138114 0.0300891 0 0.00144395 0.0207289 0 0.0248642 0.0200742 1.06581e-17 0.00523872 0.0172094 0 0.0183204 0.0284054 0 0.0262429 0.0175379 1.06581e-17 0.0243053 0.0144139 0 0.0291287 0.0174637 3.55271e-18 0.0281874 0.015704 0 0.0262037 0.015183 0 0.0311905 0.0219879 0 0.0306358 0.0199258 3.55271e-18 0.0302233 0.015967 0 0.0445101 -0.0120688 0 0.0391019 -0.0139408 0 0.0292571 0.0224621 1.06581e-17 0.0270284 0.0243461 0 0.0263713 0.0225363 1.06581e-17 0.0227384 0.0264852 0 -0.0116541 -0.0258697 0 -0.00966787 -0.0348061 0 0.0103939 0.00828538 0 0.0181257 0.009151 0 0.00944693 0.010698 0 0.0194025 0.0107529 0 0.00826218 0.0130064 0 -0.0395994 0.00577748 0 -0.0255351 0.0234226 0 0.00343169 0.0190614 0 0.0137825 -0.0300971 0 -0.000147804 -0.0336705 0 0.0491069 0.00221033 0.005 0.0486916 0.00438374 0.005 0.0402193 0.000743214 0.005 0.0355335 -0.00791526 0.005 0.0341723 -0.00851235 0.005 0.038962 -0.0167422 0.005 0.034874 0.019647 0.005 0.0341723 0.00851235 0.005 0.038962 0.0167422 0.005 0.0285353 0.0190275 0.005 0.03125 0.009 0.005 0.0286883 0.0191742 0.005 0.0327314 0.00887725 0.005 0.020716 -0.00152249 0.005 0.0225254 -0.00220937 0.005 0.0222807 -0.000743214 0.005 0.0273336 0.0188214 0.005 0.0271404 0.0189087 0.005 0.0269665 0.00791526 0.005 0.0246285 0.00609553 0.005 0.019936 0.00750308 0.005 0.0237155 0.00492253 0.005 0.013642 0.0211421 0.005 0.0171113 0.0288854 0.005 0.0117131 0.0234711 0.005 0.0217224 0.0269529 0.005 0.0153657 0.0186517 0.005 0.00728532 0.0275898 0.005 0.0123563 0.0305726 0.005 0.00754551 0.0319888 0.005 0.00958541 0.0256287 0.005 -0.000521424 0.0321948 0.005 0.00221466 0.0308849 0.005 0.00267878 0.033134 0.005 0.00481681 0.02935 0.005 -0.00224387 0.0340081 0.005 -0.00626988 0.0340779 0.005 -0.00334756 0.033258 0.005 -0.00923531 0.0346383 0.005 -0.00722242 0.0346112 0.005 0.00481161 -0.0293539 0.005 0.00758946 -0.0319759 0.005 0.00726942 -0.0276018 0.005 0.0257221 0.00710226 0.005 0.0191597 0.0104278 0.005 -0.0122569 0.0349432 0.005 0.0168655 0.0160242 0.005 0.0275388 0.018768 0.005 0.0283277 0.00851235 0.005 0.02775 0.01875 0.005 0.0204561 0.00452007 0.005 0.0225254 0.00220937 0.005 0.023008 0.00361526 0.005 0.0222807 0.000743214 0.005 0.0207173 0.00150669 0.005 0.0402193 -0.000743214 0.005 0.0491069 -0.00221033 0.005 0.04925 -2.6408e-10 0.005 0.0204548 -0.00453465 0.005 0.0237155 -0.00492253 0.005 0.023008 -0.00361526 0.005 0.02775 -0.01875 0.005 0.0297686 -0.00887725 0.005 0.0283277 -0.00851235 0.005 0.0399746 -0.00220937 0.005 0.0486946 -0.00437276 0.005 0.0279557 -0.018767 0.005 0.0171113 -0.0288854 0.005 0.0217636 -0.0269329 0.005 0.0136364 -0.0211506 0.005 0.0168607 -0.0160349 0.005 0.0153553 -0.0186672 0.005 0.00957964 -0.0256348 0.005 0.0124003 -0.0305597 0.005 0.0116998 -0.0234851 0.005 0.00267878 -0.033134 0.005 0.00219661 -0.0308943 0.005 -0.000525395 -0.0321968 0.005 -0.00336718 -0.0332643 0.005 -0.00224387 -0.0340081 0.005 -0.00722242 -0.0346112 0.005 -0.00627207 -0.0340786 0.005 -0.00923531 -0.0346383 0.005 -0.0122569 -0.0349432 0.005 0.0262748 -0.0247424 0.005 0.02775 -0.02125 0.005 0.0275443 -0.021233 0.005 0.0285178 -0.0209864 0.005 0.030645 -0.0223137 0.005 0.0286697 -0.0208466 0.005 0.034874 -0.019647 0.005 0.0288947 -0.0194979 0.005 0.0289617 -0.0196931 0.005 0.0181269 -0.0132918 0.005 0.0266053 -0.0194979 0.005 0.0470811 -0.00848251 0.005 0.0480149 -0.00647997 0.005 0.039492 -0.00361526 0.005 0.0246285 -0.00609553 0.005 0.0199318 -0.00751948 0.005 0.0257221 -0.00710226 0.005 0.0367779 0.00710226 0.005 0.042909 0.0135993 0.005 0.0399746 0.00220937 0.005 0.0480125 0.00648512 0.005 0.0378715 0.00609553 0.005 0.0445101 0.0120688 0.005 0.0470787 0.00848767 0.005 0.039492 0.00361526 0.005 0.0387845 0.00492253 0.005 0.0459015 0.0103629 0.005 0.0378715 -0.00609553 0.005 0.0445101 -0.0120688 0.005 0.0387845 -0.00492253 0.005 0.0267035 -0.0193163 0.005 0.0268303 -0.0191534 0.005 0.0266053 -0.0205021 0.005 0.0191563 -0.0104406 0.005 0.0269665 -0.00791526 0.005 0.0297686 0.00887725 0.005 0.0289719 0.0197367 0.005 0.030645 0.0223137 0.005 0.0286149 0.0209024 0.005 0.028755 0.0207433 0.005 0.0355335 0.00791526 0.005 0.045908 -0.0103536 0.005 0.042909 -0.0135993 0.005 0.0367779 -0.00710226 0.005 0.03125 -0.009 0.005 0.0327314 -0.00887725 0.005 0.0283449 -0.0189007 0.005 0.0269822 -0.0190136 0.005 0.0271551 -0.0189007 0.005 0.0281559 -0.0188177 0.005 0.0285178 -0.0190136 0.005 0.0286697 -0.0191534 0.005 0.0287965 -0.0193163 0.005 0.0289957 -0.0198968 0.005 0.0289617 -0.0203069 0.005 0.0289957 -0.0201032 0.005 0.0287965 -0.0206837 0.005 0.0288947 -0.0205021 0.005 0.0283449 -0.0210993 0.005 0.0281559 -0.0211823 0.005 0.0279557 -0.021233 0.005 0.0273441 -0.0211823 0.005 0.0268303 -0.0208466 0.005 0.0267035 -0.0206837 0.005 0.0271551 -0.0210993 0.005 0.0269822 -0.0209864 0.005 0.0265382 -0.0203069 0.005 0.0265043 -0.0201032 0.005 0.0265043 -0.0198968 0.005 0.0265382 -0.0196931 0.005 0.0273441 -0.0188177 0.005 0.0275443 -0.018767 0.005 0.0265101 0.0201588 0.005 0.0265548 0.020366 0.005 0.027856 0.0212455 0.005 0.0262336 0.0247624 0.005 0.027644 0.0212455 0.005 0.0265901 0.0195339 0.005 0.0265281 0.0197367 0.005 0.0269647 0.0190275 0.005 0.0181342 0.0132755 0.005 0.0268117 0.0191742 0.005 0.0266856 0.0193446 0.005 0.0265011 0.0199469 0.005 0.0266338 0.0205628 0.005 0.0268851 0.0209024 0.005 0.026745 0.0207433 0.005 0.0272351 0.021139 0.005 0.02705 0.0210356 0.005 0.027435 0.0212097 0.005 0.028065 0.0212097 0.005 0.02845 0.0210356 0.005 0.0282649 0.021139 0.005 0.0288662 0.0205628 0.005 0.0289452 0.020366 0.005 0.0289899 0.0201588 0.005 0.0289989 0.0199469 0.005 0.0289099 0.0195339 0.005 0.0288144 0.0193446 0.005 0.0283596 0.0189087 0.005 0.0281664 0.0188214 0.005 0.0279613 0.018768 0.005 -0.0478269 0.00987781 0.005 -0.0485248 0.0106929 0.005 -0.0488264 0.00736755 0.005 -0.0416404 0.0269087 0.005 -0.0418336 0.0268214 0.005 -0.0386885 0.0250542 0.005 -0.0490168 0.00403394 0.005 -0.0485447 0.00698865 0.005 -0.0468615 0.0127066 0.005 -0.047985 0.0150496 0.005 -0.0456625 0.0154344 0.005 -0.0473056 0.019382 0.005 -0.0442327 0.0180559 0.005 -0.0425865 0.0205426 0.005 -0.0464868 0.0236902 0.005 -0.0407344 0.0228814 0.005 -0.04225 0.02675 0.005 -0.0424612 0.026768 0.005 -0.0315578 0.030421 0.005 -0.0299989 0.0338724 0.005 -0.0343111 0.0330767 0.005 -0.0385898 0.0320711 0.005 -0.0340815 0.0288385 0.005 -0.0261455 0.0329165 0.005 -0.0256532 0.0344582 0.005 -0.0288995 0.0317859 0.005 -0.0232927 0.033811 0.005 -0.0212741 0.0348341 0.005 -0.0174419 0.0348536 0.005 -0.0168614 0.035 0.005 -0.0203884 0.0344575 0.005 -0.0144979 0.0349995 0.005 -0.0144533 0.0349994 0.005 -0.0364682 0.0270433 0.005 -0.042835 0.0308555 0.005 -0.0434702 0.0305949 0.005 -0.042565 0.0292097 0.005 -0.0453112 0.0286256 0.005 -0.0455286 0.0279743 0.005 -0.0434989 0.0279469 0.005 -0.0434452 0.028366 0.005 -0.0449857 0.0292301 0.005 -0.0434099 0.0275339 0.005 -0.0434719 0.0277367 0.005 -0.0433662 0.0285628 0.005 -0.043255 0.0287433 0.005 -0.04155 0.0290356 0.005 -0.0413851 0.0289024 0.005 -0.0433144 0.0273446 0.005 -0.0431883 0.0271742 0.005 -0.0430353 0.0270275 0.005 -0.0428596 0.0269087 0.005 -0.0426664 0.0268214 0.005 -0.0440514 0.0302294 0.005 -0.0445616 0.02977 0.005 -0.0431149 0.0289024 0.005 -0.0434899 0.0281588 0.005 -0.0410548 0.028366 0.005 -0.04295 0.0290356 0.005 -0.0427649 0.029139 0.005 -0.042356 0.0292455 0.005 -0.042144 0.0292455 0.005 -0.041935 0.0292097 0.005 -0.0417351 0.029139 0.005 -0.041245 0.0287433 0.005 -0.0411338 0.0285628 0.005 -0.0410101 0.0281588 0.005 -0.0410011 0.0279469 0.005 -0.0410281 0.0277367 0.005 -0.0411856 0.0273446 0.005 -0.0410901 0.0275339 0.005 -0.0414647 0.0270275 0.005 -0.0413117 0.0271742 0.005 -0.0420387 0.026768 0.005 -0.0168614 0.035 0.005 -0.0144979 0.035 0 -0.0168614 0.035 0 -0.0144979 0.0349995 0.005 -0.0144979 -0.0349995 0.005 -0.0168614 -0.035 0 -0.0144979 -0.035 0 -0.0168614 -0.035 0.005 -0.0473056 -0.019382 0.005 -0.0442409 -0.0180414 0.005 -0.0456662 -0.0154278 0.005 -0.0299989 -0.0338724 0.005 -0.0256532 -0.0344582 0.005 -0.0261525 -0.0329135 0.005 -0.0203923 -0.0344565 0.005 -0.0212741 -0.0348341 0.005 -0.0174419 -0.0348536 0.005 -0.0386982 -0.0250454 0.005 -0.0410382 -0.0276931 0.005 -0.0364779 -0.0270346 0.005 -0.0385898 -0.0320711 0.005 -0.0340943 -0.0288304 0.005 -0.04225 -0.02925 0.005 -0.042835 -0.0308555 0.005 -0.0420443 -0.029233 0.005 -0.0414822 -0.0289864 0.005 -0.0413303 -0.0288466 0.005 -0.0464868 -0.0236902 0.005 -0.0428449 -0.0269007 0.005 -0.0426559 -0.0268177 0.005 -0.0428449 -0.0290993 0.005 -0.0434702 -0.0305949 0.005 -0.0426559 -0.0291823 0.005 -0.0407439 -0.0228697 0.005 -0.0425932 -0.0205343 0.005 -0.0433947 -0.0274979 0.005 -0.0455286 -0.0279743 0.005 -0.0434618 -0.0276931 0.005 -0.0468677 -0.0126901 0.005 -0.0485248 -0.0106929 0.005 -0.047985 -0.0150496 0.005 -0.0488264 -0.00736755 0.005 -0.0485447 -0.00698865 0.005 -0.0490168 -0.00403394 0.005 -0.0478283 -0.00987403 0.005 -0.0420443 -0.026767 0.005 -0.04225 -0.02675 0.005 -0.0418441 -0.0268177 0.005 -0.0416551 -0.0290993 0.005 -0.0418441 -0.0291823 0.005 -0.0343111 -0.0330767 0.005 -0.0315667 -0.0304153 0.005 -0.0289147 -0.0317793 0.005 -0.0233098 -0.0338067 0.005 -0.0168614 -0.035 0.005 -0.0144979 -0.0349995 0.005 -0.0144533 -0.0349994 0.005 -0.0445616 -0.02977 0.005 -0.0430178 -0.0289864 0.005 -0.0431697 -0.0288466 0.005 -0.0440514 -0.0302294 0.005 -0.0416551 -0.0269007 0.005 -0.0414822 -0.0270136 0.005 -0.0413303 -0.0271534 0.005 -0.0412035 -0.0273163 0.005 -0.0411053 -0.0274979 0.005 -0.0410043 -0.0278968 0.005 -0.0410043 -0.0281032 0.005 -0.0410382 -0.0283069 0.005 -0.0411053 -0.0285021 0.005 -0.0412035 -0.0286837 0.005 -0.0424557 -0.029233 0.005 -0.0432965 -0.0286837 0.005 -0.0433947 -0.0285021 0.005 -0.0449857 -0.0292301 0.005 -0.0434618 -0.0283069 0.005 -0.0453112 -0.0286256 0.005 -0.0434957 -0.0281032 0.005 -0.0434957 -0.0278968 0.005 -0.0432965 -0.0273163 0.005 -0.0431697 -0.0271534 0.005 -0.0430178 -0.0270136 0.005 -0.0424557 -0.026767 0.005 -0.043451 -0.0305234 -0.008 -0.0435978 -0.0305262 -0.003 -0.0436454 -0.0305271 -0.003 -0.0407592 -0.030472 -1.06581e-17 -0.0407592 -0.030472 -0.008 -0.0435978 -0.0305262 0 -0.043451 -0.0305234 -0.0096 -0.0407592 -0.030472 -0.0246 -0.0436454 -0.0305271 -0.0246 -0.0407592 -0.030472 -0.0096 -0.0451362 -0.0280551 -3.55271e-18 -0.0451362 -0.0280551 -0.008 -0.043767 -0.0303254 -0.008 -0.0436715 -0.0304838 -0.003 -0.0436715 -0.0304838 0 -0.043767 -0.0303254 -0.0096 -0.0436454 -0.0305271 -0.0246 -0.0436454 -0.0305271 -0.003 -0.0451362 -0.0280551 -0.0246 -0.0451362 -0.0280551 -0.0096 -0.043767 0.0303254 -0.008 -0.0436715 0.0304838 -0.003 -0.0436454 0.0305271 -0.003 -0.0451362 0.0280551 1.77636e-17 -0.0451362 0.0280551 -0.008 -0.0436715 0.0304838 0 -0.043767 0.0303254 -0.0096 -0.0451362 0.0280551 -0.0246 -0.0436454 0.0305271 -0.0246 -0.0451362 0.0280551 -0.0096 -0.0407592 0.030472 -1.06581e-17 -0.0407592 0.030472 -0.008 -0.043451 0.0305234 -0.008 -0.0435978 0.0305262 -0.003 -0.0435978 0.0305262 0 -0.043451 0.0305234 -0.0096 -0.0436454 0.0305271 -0.0246 -0.0436454 0.0305271 -0.003 -0.0407592 0.030472 -0.0246 -0.0407592 0.030472 -0.0096 0.0402193 0.000743214 0.005 0.0402193 0.000743214 0.011 0.0402193 -0.000743214 0.011 0.0297686 -0.00887725 0.011 0.03125 -0.009 0.005 0.03125 -0.009 0.011 0.0399746 0.00220937 0.005 0.0399746 0.00220937 0.011 0.039492 0.00361526 0.011 0.039492 0.00361526 0.005 0.0387845 0.00492253 0.005 0.0387845 0.00492253 0.011 0.0378715 0.00609553 0.005 0.0378715 0.00609553 0.011 0.0367779 0.00710226 0.011 0.0367779 0.00710226 0.005 0.0355335 0.00791526 0.005 0.0355335 0.00791526 0.011 0.0341723 0.00851235 0.005 0.0341723 0.00851235 0.011 0.0327314 0.00887725 0.011 0.0327314 0.00887725 0.005 0.03125 0.009 0.005 0.03125 0.009 0.011 0.0402193 -0.000743214 0.005 0.0399746 -0.00220937 0.011 0.0399746 -0.00220937 0.005 0.039492 -0.00361526 0.011 0.039492 -0.00361526 0.005 0.0387845 -0.00492253 0.005 0.0387845 -0.00492253 0.011 0.0378715 -0.00609553 0.011 0.0378715 -0.00609553 0.005 0.0367779 -0.00710226 0.011 0.0367779 -0.00710226 0.005 0.0355335 -0.00791526 0.005 0.0355335 -0.00791526 0.011 0.0341723 -0.00851235 0.011 0.0341723 -0.00851235 0.005 0.0327314 -0.00887725 0.011 0.0327314 -0.00887725 0.005 0.0257221 -0.00710226 0.011 0.0269665 -0.00791526 0.005 0.0269665 -0.00791526 0.011 0.0283277 -0.00851235 0.011 0.0283277 -0.00851235 0.005 0.0297686 -0.00887725 0.005 0.0237155 -0.00492253 0.005 0.0237155 -0.00492253 0.011 0.023008 -0.00361526 0.011 0.0257221 -0.00710226 0.005 0.0246285 -0.00609553 0.011 0.0246285 -0.00609553 0.005 0.0222807 -0.000743214 0.011 0.0222807 0.000743214 0.011 0.0222807 -0.000743214 0.005 0.0225254 -0.00220937 0.011 0.0225254 -0.00220937 0.005 0.023008 -0.00361526 0.005 0.0237155 0.00492253 0.011 0.023008 0.00361526 0.005 0.023008 0.00361526 0.011 0.0225254 0.00220937 0.005 0.0222807 0.000743214 0.005 0.0225254 0.00220937 0.011 0.0257221 0.00710226 0.005 0.0246285 0.00609553 0.005 0.0257221 0.00710226 0.011 0.0237155 0.00492253 0.005 0.0246285 0.00609553 0.011 0.0269665 0.00791526 0.011 0.0269665 0.00791526 0.005 0.0283277 0.00851235 0.011 0.0283277 0.00851235 0.005 0.0297686 0.00887725 0.005 0.0297686 0.00887725 0.011 -0.0407439 -0.0228697 0.005 -0.0386982 -0.0250454 0.005 -0.0389987 -0.0247487 0.0311 -0.01425 -0.035 0.0311 -0.0144533 -0.0349994 0.005 -0.0122569 -0.0349432 0.005 -0.0410664 -0.0224911 0.0311 -0.0425932 -0.0205343 0.005 -0.0429224 -0.0200715 0.0311 -0.0442409 -0.0180414 0.005 -0.0456662 -0.0154278 0.005 -0.044564 -0.0174941 0.0311 -0.0459731 -0.0147851 0.0311 -0.0468677 -0.0126901 0.005 -0.0471408 -0.0119662 0.0311 -0.0478283 -0.00987403 0.005 -0.0485447 -0.00698865 0.005 -0.0480589 -0.00905044 0.0311 -0.0487187 -0.00607524 0.0311 -0.0490168 -0.00403394 0.005 -0.0491157 -0.00305843 0.0311 -0.04925 -7.71744e-17 0.005 -0.04925 -4.60882e-17 0.0311 -0.0364779 -0.0270346 0.005 -0.0367538 -0.0268056 0.0311 -0.0343272 -0.0286689 0.0311 -0.0340943 -0.0288304 0.005 -0.0315667 -0.0304153 0.005 -0.0317569 -0.0303062 0.0311 -0.0289147 -0.0317793 0.005 -0.0290459 -0.0317186 0.0311 -0.026227 -0.0328863 0.0311 -0.0261525 -0.0329135 0.005 -0.0233098 -0.0338067 0.005 -0.0233151 -0.0338054 0.0311 -0.0203923 -0.0344565 0.005 -0.0203317 -0.0344671 0.0311 -0.0174419 -0.0348536 0.005 -0.0173084 -0.0348657 0.0311 -0.00828117 -0.0344873 0.0311 -0.0112433 -0.0348698 0.0311 -0.00923531 -0.0346383 0.005 0.000279111 -0.0318411 0.0311 -0.00249035 -0.032965 0.0311 -0.000525395 -0.0321968 0.005 -0.00536351 -0.0338523 0.0311 -0.00627207 -0.0340786 0.005 -0.00336718 -0.0332643 0.005 0.00549615 -0.0288972 0.0311 0.00726942 -0.0276018 0.005 0.00790204 -0.0270971 0.0311 0.00219661 -0.0308943 0.005 0.00481161 -0.0293539 0.005 0.00295778 -0.0304773 0.0311 0.0136364 -0.0211506 0.005 0.014059 -0.0205806 0.0311 0.0121976 -0.0229234 0.0311 0.0116998 -0.0234851 0.005 0.0101348 -0.0251066 0.0311 0.00957964 -0.0256348 0.005 0.0183622 -0.012704 0.0311 0.017154 -0.0154516 0.0311 0.0181269 -0.0132918 0.005 0.0157187 -0.0180784 0.0311 0.0153553 -0.0186672 0.005 0.0168607 -0.0160349 0.005 0.0200507 -0.00695746 0.0311 0.0204548 -0.00453465 0.005 0.0205204 -0.003999 0.0311 0.0191563 -0.0104406 0.005 0.0199318 -0.00751948 0.005 0.0193291 -0.00986987 0.0311 0.0204561 0.00452007 0.005 0.020394 0.00497265 0.0311 0.020693 0.00198906 0.0311 0.0207173 0.00150669 0.005 0.0207347 -0.00100717 0.0311 0.020716 -0.00152249 0.005 0.0179922 0.0136167 0.0311 0.0190388 0.0108069 0.0311 0.0181342 0.0132755 0.005 0.019842 0.00791888 0.0311 0.019936 0.00750308 0.005 0.0191597 0.0104278 0.005 0.0151979 0.0189157 0.0311 0.013642 0.0211421 0.005 0.0134718 0.0213643 0.0311 0.0168655 0.0160242 0.005 0.0153657 0.0186517 0.005 0.0167087 0.0163246 0.0311 0.00728532 0.0275898 0.005 0.00712802 0.0277122 0.0311 0.00942296 0.0257783 0.0311 0.00958541 0.0256287 0.005 0.0115407 0.0236605 0.0311 0.0117131 0.0234711 0.005 -0.00061593 0.0322342 0.0311 0.00208896 0.030952 0.0311 -0.000521424 0.0321948 0.005 0.00468077 0.0294373 0.0311 0.00481681 0.02935 0.005 0.00221466 0.0308849 0.005 -0.006312 0.0340869 0.0311 -0.00923531 0.0346383 0.005 -0.00926361 0.0346428 0.0311 -0.00334756 0.033258 0.005 -0.00626988 0.0340779 0.005 -0.0034288 0.033285 0.0311 -0.0174419 0.0348536 0.005 -0.0182281 0.0347722 0.0311 -0.0152445 0.0349858 0.0311 -0.0144533 0.0349994 0.005 -0.0122406 0.0349413 0.0311 -0.0122569 0.0349432 0.005 -0.0269446 0.0326166 0.0311 -0.0240992 0.0335846 0.0311 -0.0261455 0.0329165 0.005 -0.0211963 0.0343037 0.0311 -0.0203884 0.0344575 0.005 -0.0232927 0.033811 0.005 -0.0315578 0.030421 0.005 -0.0296817 0.0314133 0.0311 -0.0288995 0.0317859 0.005 -0.0340815 0.0288385 0.005 -0.032321 0.0299739 0.0311 -0.0348123 0.0283218 0.0311 -0.0364682 0.0270433 0.005 -0.0386885 0.0250542 0.005 -0.037168 0.026453 0.0311 -0.0393407 0.0244007 0.0311 -0.0407344 0.0228814 0.005 -0.0413435 0.0221572 0.0311 -0.0425865 0.0205426 0.005 -0.0442327 0.0180559 0.005 -0.0431341 0.0197648 0.0311 -0.0456625 0.0154344 0.005 -0.0447253 0.0172121 0.0311 -0.0460814 0.0145499 0.0311 -0.0468615 0.0127066 0.005 -0.0478269 0.00987781 0.005 -0.0472142 0.0117628 0.0311 -0.0485447 0.00698865 0.005 -0.0480964 0.00890881 0.0311 -0.0487373 0.00596883 0.0311 -0.0490168 0.00403394 0.005 -0.0491198 0.00300667 0.0311 -0.01425 -0.033 0.0331 -0.01425 -0.013 0.0331 -0.0171764 -0.0328694 0.0331 -0.0240744 -0.00851355 0.0331 -0.032874 -0.0175145 0.0331 -0.0324781 -0.0178341 0.0331 -0.0212754 -0.010938 0.0331 -0.0318752 -0.0186494 0.0331 -0.0316854 -0.0191215 0.0331 -0.027117 -0.00185363 0.0331 -0.0462751 -0.0079588 0.0331 -0.026722 -0.00366634 0.0331 -0.0315782 -0.0196189 0.0331 -0.0227616 -0.00982606 0.0331 -0.0017768 0.00366321 0.0331 0.0164389 0.0121302 0.0331 -0.00242579 0.00540244 0.0331 0.00680987 -0.0170968 0.0331 0.0158794 -0.0134614 0.0331 0.0169518 -0.0107422 0.0331 -0.00442812 0.00851607 0.0331 0.0121867 0.0197506 0.0331 0.010332 0.0220157 0.0331 -0.00573469 -0.00982249 0.0331 -0.00721848 -0.0109339 0.0331 0.00337516 -0.0186494 0.0331 0.00605394 -0.023 0.0331 0.00554694 -0.0229568 0.0331 0.00721428 -0.0250646 0.0331 0.00327027 -0.0211186 0.0331 -0.00011217 -0.0298176 0.0331 0.00349935 -0.0215729 0.0331 0.00491643 -0.0268631 0.0331 0.00829471 0.0240979 0.0331 -0.00573986 0.00982694 0.0331 -0.0315566 -0.0201273 0.0331 -0.0316213 -0.020632 0.0331 -0.0179087 -0.0124742 0.0331 -0.00177574 -0.0036589 0.0331 0.0177786 -0.00794729 0.0331 0.00607212 0.0259996 0.0331 0.00369813 0.0276916 0.0331 -0.00722375 0.0109373 0.0331 0.00416928 -0.0223341 0.0331 0.00246477 -0.028453 0.0331 -0.025185 -0.00702989 0.0331 -0.033798 -0.0170968 0.0331 -0.0333182 -0.0172663 0.0331 -0.014254 0.0129997 0.0331 -0.014757 0.0255432 0.0331 -0.0161039 0.0128668 0.0331 -0.0397847 -0.0209038 0.0331 -0.0378338 -0.0230813 0.0331 -0.0373376 -0.0211186 0.0331 -0.0127869 0.025881 0.0331 -0.0124031 0.012868 0.0331 -0.0105893 0.0124739 0.0331 -0.0114663 0.0273814 0.0331 -0.00419893 0.0314317 0.0331 -0.0113173 0.027868 0.0331 -0.0145044 0.0314892 0.0331 -0.0127989 0.0329672 0.0331 -0.0157158 0.0329672 0.0331 -0.0374866 -0.020632 0.0331 -0.0170337 0.0273814 0.0331 -0.0243177 0.0314259 0.0331 -0.0270507 0.0304161 0.0331 -0.0169288 0.0298506 0.0331 -0.016662 0.0302839 0.0331 -0.0186268 0.0327076 0.0331 -0.0321419 -0.0182161 0.0331 -0.016502 0.026518 0.0331 -0.0168046 0.0269271 0.0331 -0.0296938 0.0291622 0.0331 -0.0470483 0.00363846 0.0331 -0.0271178 0.00184915 0.0331 -0.0465993 0.00651823 0.0331 -0.0272499 -2.48186e-06 0.0331 -0.0471763 -0.00219461 0.0331 -0.0472417 0.000721284 0.0331 -0.0345873 0.0259874 0.0331 -0.0212795 0.0109355 0.0331 -0.0322052 0.0276877 0.0331 -0.0260763 0.00539728 0.0331 -0.0437522 0.0147855 0.0331 -0.0449464 0.0121116 0.0331 -0.0251882 0.00702476 0.0331 -0.0154857 0.0312337 0.0331 -0.0150059 0.0314032 0.0331 -0.0454469 -0.0107582 0.0331 -0.044373 -0.013474 0.0331 -0.0353099 -0.0170968 0.0331 -0.0227653 0.00982279 0.0331 -0.0367988 0.0240946 0.0331 -0.0240771 0.00851016 0.0331 -0.0357896 -0.0172663 0.0331 -0.0348084 -0.0170108 0.0331 -0.0366298 -0.0178341 0.0331 -0.0362339 -0.0175145 0.0331 -0.0430658 -0.0160822 0.0331 -0.0369659 -0.0182161 0.0331 -0.0415296 -0.0185679 0.0331 -0.0172257 0.0288811 0.0331 -0.0214964 0.0321944 0.0331 -0.0172473 0.0283727 0.0331 -0.0375512 -0.0201273 0.0331 -0.0375296 -0.0196189 0.0331 -0.0372327 -0.0186494 0.0331 -0.0374224 -0.0191215 0.0331 -0.00701615 0.0321966 0.0331 -0.0112743 0.0288811 0.0331 -0.0112527 0.0283727 0.0331 -0.00988927 0.0327104 0.0331 -0.0115712 0.0298506 0.0331 -0.0113815 0.0293785 0.0331 -0.036806 -0.021982 0.0331 -0.0364386 -0.0223341 0.0331 -0.0371085 -0.0215729 0.0331 -0.011998 0.026518 0.0331 0.00117752 0.0291713 0.0331 -0.0116954 0.0269271 0.0331 -0.00145923 0.0304196 0.0331 -0.0357061 -0.0250725 0.0331 -0.0345539 -0.023 0.0331 -0.0350609 -0.0229568 0.0331 -0.01425 0.0255 0.0331 -0.013743 0.0255432 0.0331 -0.0132506 0.0256714 0.0331 -0.0200591 -0.0324847 0.0331 -0.0161017 -0.0128674 0.0331 -0.0228984 -0.0318458 0.0331 -0.0157131 0.025881 0.0331 -0.0179152 0.0124723 0.0331 -0.0152494 0.0256714 0.0331 -0.0256869 -0.0309548 0.0331 0.00397812 -0.0178341 0.0331 0.00437402 -0.0175145 0.0331 -0.00442475 -0.00851244 0.0331 0.00505452 -0.0228286 0.0331 0.00459086 -0.022619 0.0331 -0.0125701 0.0309855 0.0331 -0.0121742 0.0306659 0.0331 -0.0267236 0.00366124 0.0331 -0.045895 0.0093581 0.0331 -0.0406882 0.019749 0.0331 -0.0171827 0.027868 0.0331 -0.0171185 0.0293785 0.0331 -0.0163258 0.0306659 0.0331 -0.0159299 0.0309855 0.0331 -0.0139956 0.0314892 0.0331 -0.0134941 0.0314032 0.0331 -0.0130143 0.0312337 0.0331 -0.011838 0.0302839 0.0331 -0.0123653 0.0261659 0.0331 -0.00884982 0.0118253 0.0331 -0.0161347 0.0261659 0.0331 0.013824 0.0173439 0.0331 -0.00331573 0.00703116 0.0331 0.0152518 0.0147865 0.0331 0.00630836 -0.0170108 0.0331 -0.00242376 -0.00539793 0.0331 -0.0335545 -0.0228286 0.0331 -0.0340469 -0.0229568 0.0331 -0.0334012 -0.0268733 0.0331 -0.0283703 -0.0298256 0.0331 -0.0355534 -0.0228286 0.0331 -0.036017 -0.022619 0.0331 -0.0319994 -0.0215729 0.0331 -0.0309574 -0.028458 0.0331 -0.0260734 -0.00540354 0.0331 -0.0342995 -0.0170108 0.0331 0.00312127 -0.020632 0.0331 -0.00138205 -0.00184603 0.0331 0.0180952 0.00653743 0.0331 0.0173941 0.00936228 0.0331 -0.00280746 -0.0309522 0.0331 -0.0468535 -0.00509811 0.0331 -0.0196508 0.011825 0.0331 -0.00125033 3.45958e-06 0.0331 0.0187409 0.000740241 0.0331 0.018548 0.00364561 0.0331 0.00773386 -0.0175145 0.0331 0.0145727 -0.0160686 0.0331 0.00728964 -0.0172663 0.0331 0.00898661 -0.020632 0.0331 0.0112927 -0.020893 0.0331 0.00905124 -0.0201273 0.0331 0.00305664 -0.0201273 0.0331 -0.00884616 -0.0118234 0.0331 -0.0105846 -0.0124724 0.0331 -0.0317703 -0.0211186 0.0331 -0.0323019 -0.021982 0.0331 -0.0326693 -0.0223341 0.0331 -0.0330909 -0.022619 0.0331 0.00830596 -0.021982 0.0331 0.0079386 -0.0223341 0.0331 0.00934627 -0.0230694 0.0331 0.00846593 -0.0182161 0.0331 0.00873272 -0.0186494 0.0331 0.013039 -0.0185552 0.0331 0.00380192 -0.021982 0.0331 0.00307824 -0.0196189 0.0331 -0.00558248 -0.0318408 0.0331 0.00318544 -0.0191215 0.0331 0.00364195 -0.0182161 0.0331 -0.0113236 -0.0328694 0.0331 -0.0084377 -0.0324838 0.0331 -0.0123983 -0.0128674 0.0331 0.00529801 -0.0170968 0.0331 -0.00331308 -0.00702732 0.0331 0.00481824 -0.0172663 0.0331 -0.0196466 -0.0118266 0.0331 -0.00138275 0.00185171 0.0331 0.0186775 -0.00218495 0.0331 0.00812976 -0.0178341 0.0331 0.00892244 -0.0191215 0.0331 0.00902964 -0.0196189 0.0331 0.00883761 -0.0211186 0.0331 0.00860853 -0.0215729 0.0331 0.00751703 -0.022619 0.0331 0.00705336 -0.0228286 0.0331 0.00656094 -0.0229568 0.0331 0.00579952 -0.0170108 0.0331 -0.0423345 0.0173268 0.0331 -0.0388451 0.0220007 0.0331 0.0183558 -0.00508024 0.0331 -0.013912 0.0265288 0.0281 -0.01425 0.0265 0.0281 -0.01425 0.0265 0.0321 -0.0129936 0.0269439 0.0281 -0.0132746 0.026754 0.0281 -0.0132746 0.026754 0.0321 -0.0135837 0.0266142 0.0281 -0.013912 0.0265288 0.0321 -0.0135837 0.0266142 0.0321 -0.0125469 0.0274514 0.0321 -0.0123942 0.0277543 0.0281 -0.0125469 0.0274514 0.0281 -0.0129936 0.0269439 0.0321 -0.0127487 0.0271787 0.0321 -0.0127487 0.0271787 0.0281 -0.0122518 0.0284151 0.0281 -0.0122518 0.0284151 0.0321 -0.0122662 0.028754 0.0281 -0.0122949 0.0280786 0.0281 -0.0123942 0.0277543 0.0321 -0.0122949 0.0280786 0.0321 -0.012642 0.0296893 0.0281 -0.0124641 0.0294004 0.0281 -0.0124641 0.0294004 0.0321 -0.0123377 0.0290856 0.0321 -0.0123377 0.0290856 0.0281 -0.0122662 0.028754 0.0321 -0.0131301 0.030157 0.0321 -0.0134262 0.0303225 0.0281 -0.0131301 0.030157 0.0281 -0.012642 0.0296893 0.0321 -0.0128661 0.0299439 0.0321 -0.0128661 0.0299439 0.0281 -0.0140804 0.0304928 0.0281 -0.0140804 0.0304928 0.0321 -0.0144196 0.0304928 0.0281 -0.013746 0.0304355 0.0281 -0.0134262 0.0303225 0.0321 -0.013746 0.0304355 0.0321 -0.0153699 0.030157 0.0281 -0.0150738 0.0303225 0.0281 -0.0150738 0.0303225 0.0321 -0.014754 0.0304355 0.0321 -0.014754 0.0304355 0.0281 -0.0144196 0.0304928 0.0321 -0.015858 0.0296893 0.0321 -0.0160359 0.0294004 0.0281 -0.015858 0.0296893 0.0281 -0.0153699 0.030157 0.0321 -0.0156339 0.0299439 0.0321 -0.0156339 0.0299439 0.0281 -0.0162338 0.028754 0.0281 -0.0162338 0.028754 0.0321 -0.0162482 0.0284151 0.0281 -0.0161623 0.0290856 0.0281 -0.0160359 0.0294004 0.0321 -0.0161623 0.0290856 0.0321 -0.0162482 0.0284151 0.0321 -0.0162051 0.0280786 0.0321 -0.0162051 0.0280786 0.0281 -0.0161058 0.0277543 0.0321 -0.0161058 0.0277543 0.0281 -0.0159531 0.0274514 0.0281 -0.0159531 0.0274514 0.0321 -0.0157513 0.0271787 0.0321 -0.0157513 0.0271787 0.0281 -0.0155064 0.0269439 0.0321 -0.0155064 0.0269439 0.0281 -0.0152254 0.026754 0.0281 -0.0152254 0.026754 0.0321 -0.0149163 0.0266142 0.0321 -0.0149163 0.0266142 0.0281 -0.014588 0.0265288 0.0321 -0.014588 0.0265288 0.0281 -0.012642 0.0296893 0.0281 -0.0152254 0.026754 0.0281 -0.0124641 0.0294004 0.0281 -0.0129936 0.0269439 0.0281 -0.0125469 0.0274514 0.0281 -0.0132746 0.026754 0.0281 -0.0127487 0.0271787 0.0281 -0.0135837 0.0266142 0.0281 -0.0123942 0.0277543 0.0281 -0.0122949 0.0280786 0.0281 -0.013912 0.0265288 0.0281 -0.0122518 0.0284151 0.0281 -0.01425 0.0265 0.0281 -0.0123377 0.0290856 0.0281 -0.0149163 0.0266142 0.0281 -0.014588 0.0265288 0.0281 -0.0122662 0.028754 0.0281 -0.0131301 0.030157 0.0281 -0.0134262 0.0303225 0.0281 -0.0159531 0.0274514 0.0281 -0.0157513 0.0271787 0.0281 -0.0155064 0.0269439 0.0281 -0.0128661 0.0299439 0.0281 -0.013746 0.0304355 0.0281 -0.0162051 0.0280786 0.0281 -0.0161058 0.0277543 0.0281 -0.014754 0.0304355 0.0281 -0.0161623 0.0290856 0.0281 -0.0162338 0.028754 0.0281 -0.0144196 0.0304928 0.0281 -0.0162482 0.0284151 0.0281 -0.0140804 0.0304928 0.0281 -0.0153699 0.030157 0.0281 -0.0156339 0.0299439 0.0281 -0.015858 0.0296893 0.0281 -0.0160359 0.0294004 0.0281 -0.0150738 0.0303225 0.0281 -0.0342159 -0.0219712 0.0281 -0.0345539 -0.022 0.0281 -0.0345539 -0.022 0.0321 -0.0332975 -0.0215561 0.0281 -0.0335786 -0.021746 0.0281 -0.0335786 -0.021746 0.0321 -0.0338877 -0.0218858 0.0281 -0.0342159 -0.0219712 0.0321 -0.0338877 -0.0218858 0.0321 -0.0328509 -0.0210486 0.0321 -0.0326982 -0.0207457 0.0281 -0.0328509 -0.0210486 0.0281 -0.0332975 -0.0215561 0.0321 -0.0330526 -0.0213214 0.0321 -0.0330526 -0.0213214 0.0281 -0.0325557 -0.0200849 0.0281 -0.0325557 -0.0200849 0.0321 -0.0325701 -0.019746 0.0281 -0.0325988 -0.0204214 0.0281 -0.0326982 -0.0207457 0.0321 -0.0325988 -0.0204214 0.0321 -0.0329459 -0.0188107 0.0281 -0.0327681 -0.0190996 0.0281 -0.0327681 -0.0190996 0.0321 -0.0326416 -0.0194144 0.0321 -0.0326416 -0.0194144 0.0281 -0.0325701 -0.019746 0.0321 -0.033434 -0.018343 0.0321 -0.0337301 -0.0181775 0.0281 -0.033434 -0.018343 0.0281 -0.0329459 -0.0188107 0.0321 -0.0331701 -0.0185561 0.0321 -0.0331701 -0.0185561 0.0281 -0.0343843 -0.0180072 0.0281 -0.0343843 -0.0180072 0.0321 -0.0347236 -0.0180072 0.0281 -0.03405 -0.0180645 0.0281 -0.0337301 -0.0181775 0.0321 -0.03405 -0.0180645 0.0321 -0.0356739 -0.018343 0.0281 -0.0353777 -0.0181775 0.0281 -0.0353777 -0.0181775 0.0321 -0.0350579 -0.0180645 0.0321 -0.0350579 -0.0180645 0.0281 -0.0347236 -0.0180072 0.0321 -0.0361619 -0.0188107 0.0321 -0.0363398 -0.0190996 0.0281 -0.0361619 -0.0188107 0.0281 -0.0356739 -0.018343 0.0321 -0.0359378 -0.0185561 0.0321 -0.0359378 -0.0185561 0.0281 -0.0365377 -0.019746 0.0281 -0.0365377 -0.019746 0.0321 -0.0365521 -0.0200849 0.0281 -0.0364663 -0.0194144 0.0281 -0.0363398 -0.0190996 0.0321 -0.0364663 -0.0194144 0.0321 -0.0365521 -0.0200849 0.0321 -0.0365091 -0.0204214 0.0321 -0.0365091 -0.0204214 0.0281 -0.0364097 -0.0207457 0.0321 -0.0364097 -0.0207457 0.0281 -0.036257 -0.0210486 0.0281 -0.036257 -0.0210486 0.0321 -0.0360553 -0.0213214 0.0321 -0.0360553 -0.0213214 0.0281 -0.0358104 -0.0215561 0.0321 -0.0358104 -0.0215561 0.0281 -0.0355293 -0.021746 0.0281 -0.0355293 -0.021746 0.0321 -0.0352202 -0.0218858 0.0321 -0.0352202 -0.0218858 0.0281 -0.0348919 -0.0219712 0.0321 -0.0348919 -0.0219712 0.0281 -0.0329459 -0.0188107 0.0281 -0.0355293 -0.021746 0.0281 -0.0327681 -0.0190996 0.0281 -0.0332975 -0.0215561 0.0281 -0.0328509 -0.0210486 0.0281 -0.0335786 -0.021746 0.0281 -0.0330526 -0.0213214 0.0281 -0.0338877 -0.0218858 0.0281 -0.0326982 -0.0207457 0.0281 -0.0325988 -0.0204214 0.0281 -0.0342159 -0.0219712 0.0281 -0.0325557 -0.0200849 0.0281 -0.0345539 -0.022 0.0281 -0.0326416 -0.0194144 0.0281 -0.0352202 -0.0218858 0.0281 -0.0348919 -0.0219712 0.0281 -0.0325701 -0.019746 0.0281 -0.033434 -0.018343 0.0281 -0.0337301 -0.0181775 0.0281 -0.036257 -0.0210486 0.0281 -0.0360553 -0.0213214 0.0281 -0.0358104 -0.0215561 0.0281 -0.0331701 -0.0185561 0.0281 -0.03405 -0.0180645 0.0281 -0.0365091 -0.0204214 0.0281 -0.0364097 -0.0207457 0.0281 -0.0350579 -0.0180645 0.0281 -0.0364663 -0.0194144 0.0281 -0.0365377 -0.019746 0.0281 -0.0347236 -0.0180072 0.0281 -0.0365521 -0.0200849 0.0281 -0.0343843 -0.0180072 0.0281 -0.0356739 -0.018343 0.0281 -0.0359378 -0.0185561 0.0281 -0.0361619 -0.0188107 0.0281 -0.0363398 -0.0190996 0.0281 -0.0353777 -0.0181775 0.0281 0.00639194 -0.0219712 0.0281 0.00605394 -0.022 0.0281 0.00605394 -0.022 0.0321 0.00731038 -0.0215561 0.0281 0.00702933 -0.021746 0.0281 0.00702933 -0.021746 0.0321 0.00672022 -0.0218858 0.0281 0.00639194 -0.0219712 0.0321 0.00672022 -0.0218858 0.0321 0.007757 -0.0210486 0.0321 0.00790972 -0.0207457 0.0281 0.007757 -0.0210486 0.0281 0.00731038 -0.0215561 0.0321 0.00755529 -0.0213214 0.0321 0.00755529 -0.0213214 0.0281 0.00805214 -0.0200849 0.0281 0.00805214 -0.0200849 0.0321 0.00803774 -0.019746 0.0281 0.00800905 -0.0204214 0.0281 0.00790972 -0.0207457 0.0321 0.00800905 -0.0204214 0.0321 0.00766193 -0.0188107 0.0281 0.00783979 -0.0190996 0.0281 0.00783979 -0.0190996 0.0321 0.00796627 -0.0194144 0.0321 0.00796627 -0.0194144 0.0281 0.00803774 -0.019746 0.0321 0.00717389 -0.018343 0.0321 0.00687774 -0.0181775 0.0281 0.00717389 -0.018343 0.0281 0.00766193 -0.0188107 0.0321 0.00743782 -0.0185561 0.0321 0.00743782 -0.0185561 0.0281 0.00622355 -0.0180072 0.0281 0.00622355 -0.0180072 0.0321 0.00588433 -0.0180072 0.0281 0.0065579 -0.0180645 0.0281 0.00687774 -0.0181775 0.0321 0.0065579 -0.0180645 0.0321 0.00493399 -0.018343 0.0281 0.00523014 -0.0181775 0.0281 0.00523014 -0.0181775 0.0321 0.00554998 -0.0180645 0.0321 0.00554998 -0.0180645 0.0281 0.00588433 -0.0180072 0.0321 0.00444595 -0.0188107 0.0321 0.00426809 -0.0190996 0.0281 0.00444595 -0.0188107 0.0281 0.00493399 -0.018343 0.0321 0.00467006 -0.0185561 0.0321 0.00467006 -0.0185561 0.0281 0.00407014 -0.019746 0.0281 0.00407014 -0.019746 0.0321 0.00405574 -0.0200849 0.0281 0.00414161 -0.0194144 0.0281 0.00426809 -0.0190996 0.0321 0.00414161 -0.0194144 0.0321 0.00405574 -0.0200849 0.0321 0.00409883 -0.0204214 0.0321 0.00409883 -0.0204214 0.0281 0.00419816 -0.0207457 0.0321 0.00419816 -0.0207457 0.0281 0.00435088 -0.0210486 0.0281 0.00435088 -0.0210486 0.0321 0.0045526 -0.0213214 0.0321 0.0045526 -0.0213214 0.0281 0.0047975 -0.0215561 0.0321 0.0047975 -0.0215561 0.0281 0.00507855 -0.021746 0.0281 0.00507855 -0.021746 0.0321 0.00538766 -0.0218858 0.0321 0.00538766 -0.0218858 0.0281 0.00571594 -0.0219712 0.0321 0.00571594 -0.0219712 0.0281 0.00766193 -0.0188107 0.0281 0.00507855 -0.021746 0.0281 0.00783979 -0.0190996 0.0281 0.00731038 -0.0215561 0.0281 0.007757 -0.0210486 0.0281 0.00702933 -0.021746 0.0281 0.00755529 -0.0213214 0.0281 0.00672022 -0.0218858 0.0281 0.00790972 -0.0207457 0.0281 0.00800905 -0.0204214 0.0281 0.00639194 -0.0219712 0.0281 0.00805214 -0.0200849 0.0281 0.00605394 -0.022 0.0281 0.00796627 -0.0194144 0.0281 0.00538766 -0.0218858 0.0281 0.00571594 -0.0219712 0.0281 0.00803774 -0.019746 0.0281 0.00717389 -0.018343 0.0281 0.00687774 -0.0181775 0.0281 0.00435088 -0.0210486 0.0281 0.0045526 -0.0213214 0.0281 0.0047975 -0.0215561 0.0281 0.00743782 -0.0185561 0.0281 0.0065579 -0.0180645 0.0281 0.00409883 -0.0204214 0.0281 0.00419816 -0.0207457 0.0281 0.00554998 -0.0180645 0.0281 0.00414161 -0.0194144 0.0281 0.00407014 -0.019746 0.0281 0.00588433 -0.0180072 0.0281 0.00405574 -0.0200849 0.0281 0.00622355 -0.0180072 0.0281 0.00493399 -0.018343 0.0281 0.00467006 -0.0185561 0.0281 0.00444595 -0.0188107 0.0281 0.00426809 -0.0190996 0.0281 0.00523014 -0.0181775 0.0281 -0.0113517 0.0340525 0.032718 -0.00563851 0.0330728 0.032718 -0.0113315 0.0342902 0.0325142 0.00241725 -0.0298358 0.032718 -0.00286476 -0.0322234 0.032718 0.00253364 -0.0300441 0.0325142 -0.0171858 0.0344933 0.0322756 -0.0113142 0.0344933 0.0322756 -0.0171997 0.0346567 0.032008 -0.00557837 0.0333038 0.0325142 -7.47425e-05 0.0313592 0.0325142 -0.00552701 0.033501 0.0322756 -0.0171685 0.0342902 0.0325142 -0.0171483 0.0340525 0.032718 -0.0171256 0.0337858 0.032882 -0.011399 0.0334969 0.0330021 -0.0113744 0.0337858 0.032882 -0.0230143 0.0336597 0.032008 -0.022973 0.033501 0.0322756 -0.0229216 0.0333038 0.0325142 -0.0228615 0.0330728 0.032718 -0.0285092 0.0315449 0.0322756 -0.0285768 0.0316944 0.032008 -0.0336352 0.0286814 0.0322756 -0.0284253 0.0313592 0.0325142 -0.033727 0.0288172 0.032008 -0.028327 0.0311418 0.032718 -0.0335211 0.0285125 0.0325142 -0.0333875 0.0283148 0.032718 -0.0382036 0.0249927 0.0322756 -0.038317 0.0251111 0.032008 -0.0380625 0.0248455 0.0325142 -0.0378974 0.0246733 0.032718 -0.0412788 0.0199904 0.0330021 -0.0373005 0.0240504 0.0330754 -0.0375116 0.0242707 0.0330021 -0.0422146 0.0206825 0.032008 -0.0420828 0.020585 0.0322756 -0.0417271 0.0203219 0.032718 -0.0419189 0.0204638 0.0325142 -0.0410335 0.0198089 0.0330754 -0.0442684 0.015135 0.0330021 -0.0451613 0.0155852 0.0322756 -0.0453078 0.015659 0.032008 -0.0449793 0.0154934 0.0325142 -0.0447663 0.015386 0.032718 -0.0463944 0.00984413 0.0330021 -0.0439959 0.0149976 0.0330754 -0.0475074 0.010185 0.032008 -0.0473506 0.0101369 0.0322756 -0.0466717 0.00992903 0.032882 -0.0478833 0.00430692 0.032882 -0.0471557 0.0100773 0.0325142 -0.0469275 0.0100074 0.032718 -0.0487503 0.00441794 0.032008 -0.0485876 0.00439711 0.0322756 -0.0490007 -0.00147619 0.032008 -0.0488368 -0.00146923 0.0322756 -0.0483855 0.00437122 0.0325142 -0.0481488 0.00434091 0.032718 -0.0483948 -0.00145045 0.032718 -0.0486332 -0.00146058 0.0325142 -0.0481274 -0.0014391 0.032882 -0.0475957 0.00427009 0.0330021 -0.0259017 -0.0329775 0.0314129 -0.0313073 -0.030534 0.0314129 -0.0290459 -0.0317186 0.0311 -0.0478918 -0.00725036 0.0325142 -0.0476585 -0.00720008 0.032718 -0.0473969 -0.00714371 0.032882 -0.0478377 -0.00142679 0.0330021 -0.048091 -0.0072933 0.0322756 -0.0457128 -0.0126428 0.032882 -0.0471135 -0.00708262 0.0330021 -0.01425 -0.0333129 0.0330754 -0.01425 -0.033 0.0331 -0.0171764 -0.0328694 0.0331 -0.0454438 -0.0125347 0.0330021 -0.0431236 -0.0177782 0.032882 -0.0198799 -0.0328337 0.0330754 -0.0200591 -0.0324847 0.0331 -0.0228984 -0.0318458 0.0331 -0.0253478 -0.03141 0.0330754 -0.0400838 -0.0227366 0.0325142 -0.0435547 -0.0180436 0.0325142 -0.0402368 -0.0228713 0.0322756 -0.0397038 -0.0224021 0.032882 -0.0428767 -0.0176262 0.0330021 -0.0199315 -0.0331345 0.0330021 -0.0304965 -0.0290826 0.0330754 -0.0254495 -0.0316977 0.0330021 -0.0283703 -0.0298256 0.0331 -0.0353695 -0.026156 0.0330021 -0.0306453 -0.029349 0.0330021 -0.0351778 -0.0259186 0.0330754 -0.0399047 -0.0225789 0.032718 -0.0433515 -0.0179185 0.032718 -0.0355517 -0.0263816 0.032882 -0.0394861 -0.0222106 0.0330021 -0.0461826 -0.0128316 0.0325142 -0.0459611 -0.0127426 0.032718 -0.0482513 -0.00732785 0.032008 -0.0378338 -0.0230813 0.0331 -0.039257 -0.022009 0.0330754 -0.0438679 -0.0182365 0.032008 -0.0437283 -0.0181505 0.0322756 -0.0463717 -0.0129076 0.0322756 -0.0465239 -0.0129687 0.032008 -0.040505 -0.0231073 0.0314129 -0.0389987 -0.0247487 0.0311 -0.0362222 -0.0272121 0.0314129 -0.0403599 -0.0229796 0.032008 -0.0201485 -0.0344001 0.031718 -0.0258773 -0.0329084 0.031718 -0.0201609 -0.0344723 0.0314129 -0.0258373 -0.0327952 0.032008 -0.031133 -0.030222 0.0322756 -0.031213 -0.0303652 0.032008 -0.0343272 -0.0286689 0.0311 -0.01425 -0.0349754 0.0314129 -0.0173084 -0.0348657 0.0311 -0.01425 -0.0349021 0.031718 -0.0203317 -0.0344671 0.0311 -0.01425 -0.035 0.0311 -0.00577899 0.0325333 0.0330021 -0.00570593 0.0328139 0.032882 0.00502109 0.0285125 0.0325142 9.21141e-06 0.0315449 0.0322756 -0.0054857 0.0336597 0.032008 -0.00040269 0.0306337 0.0330021 -0.00028326 0.0308979 0.032882 -0.00017304 0.0311418 0.032718 0.00513523 0.0286814 0.0322756 0.00956253 0.0248455 0.0325142 7.67546e-05 0.0316944 0.032008 0.00473761 0.0280931 0.032882 0.00457525 0.0278529 0.0330021 0.00488746 0.0283148 0.032718 0.00970356 0.0249927 0.0322756 0.00522705 0.0288172 0.032008 0.00939741 0.0246733 0.032718 0.0134189 0.0204638 0.0325142 0.0135828 0.020585 0.0322756 0.00981703 0.0251111 0.032008 0.00901162 0.0242707 0.0330021 0.00921225 0.0244801 0.032882 0.0132271 0.0203219 0.032718 0.0164793 0.0154934 0.0325142 0.0166613 0.0155852 0.0322756 0.0137146 0.0206825 0.032008 0.0162663 0.015386 0.032718 0.0125335 0.0198089 0.0330754 0.0127788 0.0199904 0.0330021 0.0186557 0.0100773 0.0325142 0.0168078 0.015659 0.032008 0.0188506 0.0101369 0.0322756 0.0184275 0.0100074 0.032718 0.0154959 0.0149976 0.0330754 0.0157684 0.015135 0.0330021 0.0198855 0.00437122 0.0325142 0.0200876 0.00439711 0.0322756 0.0190074 0.010185 0.032008 0.0196488 0.00434091 0.032718 0.0178944 0.00984413 0.0330021 0.0176027 0.00975477 0.0330754 0.0201332 -0.00146058 0.0325142 0.0203368 -0.00146923 0.0322756 0.0202503 0.00441794 0.032008 0.0198948 -0.00145045 0.032718 0.0193918 -0.00725036 0.0325142 0.0191585 -0.00720008 0.032718 0.019591 -0.0072933 0.0322756 0.0205007 -0.00147619 0.032008 0.0176826 -0.0128316 0.0325142 0.0178717 -0.0129076 0.0322756 0.0197513 -0.00732785 0.032008 0.0150547 -0.0180436 0.0325142 0.0174611 -0.0127426 0.032718 0.0115838 -0.0227366 0.0325142 0.0152283 -0.0181505 0.0322756 0.0180238 -0.0129687 0.032008 0.0172128 -0.0126428 0.032882 0.0143767 -0.0176262 0.0330021 0.0146236 -0.0177782 0.032882 0.0148515 -0.0179185 0.032718 0.0073697 -0.0267755 0.0325142 0.0117368 -0.0228713 0.0322756 0.0153679 -0.0182365 0.032008 0.0109861 -0.0222106 0.0330021 0.0112038 -0.0224021 0.032882 0.0114047 -0.0225789 0.032718 0.00749774 -0.0269341 0.0322756 0.0118599 -0.0229796 0.032008 0.00705167 -0.0263816 0.032882 0.00686952 -0.026156 0.0330021 0.00721978 -0.0265898 0.032718 -0.00278526 -0.0324484 0.0325142 0.00263304 -0.030222 0.0322756 0.00760076 -0.0270616 0.032008 0.00214535 -0.029349 0.0330021 0.00228675 -0.0296021 0.032882 -0.00271736 -0.0326406 0.0322756 -0.00843397 -0.0339192 0.0325142 0.00271301 -0.0303652 0.032008 -0.0030505 -0.0316977 0.0330021 -0.0029539 -0.0319711 0.032882 -0.00839952 -0.0341201 0.0322756 -0.01425 -0.0344142 0.0325142 -0.0084743 -0.033684 0.032718 -0.01425 -0.0341756 0.032718 -0.00856852 -0.0331345 0.0330021 -0.0086201 -0.0328337 0.0330754 -0.00851952 -0.0334202 0.032882 -0.01425 -0.033618 0.0330021 -0.01425 -0.033908 0.032882 -0.01425 -0.034618 0.0322756 -0.00266273 -0.0327952 0.032008 -0.00837181 -0.0342817 0.032008 -0.0113236 -0.0328694 0.0331 -0.01425 -0.034782 0.032008 0.00772223 -0.0272121 0.0314129 0.00280731 -0.030534 0.0314129 0.00549615 -0.0288972 0.0311 -0.00259831 -0.0329775 0.0314129 0.000279111 -0.0318411 0.0311 0.00295778 -0.0304773 0.0311 -0.00835151 -0.0344001 0.031718 -0.00833913 -0.0344723 0.0314129 0.00790204 -0.0270971 0.0311 0.0101348 -0.0251066 0.0311 -0.0112433 -0.0348698 0.0311 -0.00828117 -0.0344873 0.0311 -0.00536351 -0.0338523 0.0311 -0.00249035 -0.032965 0.0311 0.0121976 -0.0229234 0.0311 0.014059 -0.0205806 0.0311 0.012005 -0.0231073 0.0314129 -0.00262272 -0.0329084 0.031718 -0.00558248 -0.0318408 0.0331 -0.00315216 -0.03141 0.0330754 -0.0084377 -0.0324838 0.0331 0.0157187 -0.0180784 0.0311 0.017154 -0.0154516 0.0311 0.0155326 -0.0183378 0.0314129 0.00277158 -0.03047 0.031718 -0.00011217 -0.0298176 0.0331 0.00199652 -0.0290826 0.0330754 -0.00280746 -0.0309522 0.0331 0.0183622 -0.012704 0.0311 0.0193291 -0.00986987 0.0311 0.0182033 -0.0130408 0.0314129 0.00767621 -0.0271551 0.031718 0.00667781 -0.0259186 0.0330754 0.00934627 -0.0230694 0.0331 0.00721428 -0.0250646 0.0331 0.00491643 -0.0268631 0.0331 0.00246477 -0.028453 0.0331 0.0200507 -0.00695746 0.0311 0.0205204 -0.003999 0.0311 0.0199404 -0.00736859 0.0314129 0.01195 -0.0230589 0.031718 0.010757 -0.022009 0.0330754 0.0141169 -0.0174662 0.0330754 0.0112927 -0.020893 0.0331 0.0207347 -0.00100717 0.0311 0.020693 0.00198906 0.0311 0.0206939 -0.0014844 0.0314129 0.0154702 -0.0182994 0.031718 0.0166606 -0.0124209 0.0330754 0.0145727 -0.0160686 0.0331 0.020394 0.00497265 0.0311 0.019842 0.00791888 0.0311 0.0204421 0.0044425 0.0314129 0.0181353 -0.0130135 0.031718 0.0183152 -0.00701833 0.0330754 0.0169518 -0.0107422 0.0331 0.0169438 -0.0125347 0.0330021 0.013039 -0.0185552 0.0331 0.0190388 0.0108069 0.0311 0.0179922 0.0136167 0.0311 0.0191923 0.0102416 0.0314129 0.0198687 -0.00735315 0.031718 0.0193377 -0.00142679 0.0330021 0.0190329 -0.00141384 0.0330754 0.0188969 -0.00714371 0.032882 0.0186135 -0.00708262 0.0330021 0.0158794 -0.0134614 0.0331 0.0167087 0.0163246 0.0311 0.0151979 0.0189157 0.0311 0.0169804 0.015746 0.0314129 0.0206207 -0.00148129 0.031718 0.0190957 0.00427009 0.0330021 0.018793 0.00423133 0.0330754 0.0196274 -0.0014391 0.032882 0.0183558 -0.00508024 0.0331 0.0177786 -0.00794729 0.0331 0.0134718 0.0213643 0.0311 0.0115407 0.0236605 0.0311 0.0138701 0.0207975 0.0314129 0.0203694 0.00443319 0.031718 0.0193833 0.00430692 0.032882 0.0187409 0.000740241 0.0331 0.0186775 -0.00218495 0.0331 0.00942296 0.0257783 0.0311 0.00712802 0.0277122 0.0311 0.00995082 0.0252507 0.0314129 0.0191222 0.0102201 0.031718 0.0181717 0.00992903 0.032882 0.0180952 0.00653743 0.0331 0.018548 0.00364561 0.0331 0.00468077 0.0294373 0.0311 0.00208896 0.030952 0.0311 0.00533533 0.0289774 0.0314129 0.016915 0.0157131 0.031718 0.0160273 0.0152655 0.032882 0.0164389 0.0121302 0.0331 0.0173941 0.00936228 0.0331 -0.00061593 0.0322342 0.0311 -0.0034288 0.033285 0.0311 0.000156401 0.0318706 0.0314129 0.0138112 0.020754 0.031718 -0.00543697 0.0338468 0.0314129 0.0130119 0.0201628 0.032882 0.013824 0.0173439 0.0331 0.0152518 0.0147865 0.0331 -0.006312 0.0340869 0.0311 -0.00926361 0.0346428 0.0311 0.00990013 0.0251978 0.031718 -0.0112839 0.0348494 0.0314129 0.010332 0.0220157 0.0331 0.00880047 0.0240504 0.0330754 0.0121867 0.0197506 0.0331 0.0052943 0.0289167 0.031718 -0.0172161 0.0348494 0.0314129 -0.0152445 0.0349858 0.0311 0.00607212 0.0259996 0.0331 0.00440437 0.0276 0.0330754 0.00829471 0.0240979 0.0331 -0.0122406 0.0349413 0.0311 0.000126224 0.0318038 0.031718 -0.023063 0.0338468 0.0314129 -0.0211963 0.0343037 0.0311 -0.000528388 0.0303556 0.0330754 -0.00419893 0.0314317 0.0331 -0.00145923 0.0304196 0.0331 0.00117752 0.0291713 0.0331 0.00369813 0.0276916 0.0331 -0.0182281 0.0347722 0.0311 -0.00545543 0.0337759 0.031718 -0.0286564 0.0318706 0.0314129 -0.0269446 0.0326166 0.0311 -0.00585589 0.032238 0.0330754 -0.0114249 0.0331929 0.0330754 -0.00701615 0.0321966 0.0331 -0.0240992 0.0335846 0.0311 -0.0112901 0.0347764 0.031718 -0.0113003 0.0346567 0.032008 -0.0170751 0.0331929 0.0330754 -0.0127989 0.0329672 0.0331 -0.0296817 0.0314133 0.0311 -0.032321 0.0299739 0.0311 -0.0172099 0.0347764 0.031718 -0.0338353 0.0289774 0.0314129 -0.0226441 0.032238 0.0330754 -0.0186268 0.0327076 0.0331 -0.017101 0.0334969 0.0330021 -0.00988927 0.0327104 0.0331 -0.0348123 0.0283218 0.0311 -0.037168 0.026453 0.0311 -0.0230446 0.0337759 0.031718 -0.0384508 0.0252507 0.0314129 -0.0280973 0.0306337 0.0330021 -0.0279716 0.0303556 0.0330754 -0.0227941 0.0328139 0.032882 -0.022721 0.0325333 0.0330021 -0.0157158 0.0329672 0.0331 -0.0393407 0.0244007 0.0311 -0.0413435 0.0221572 0.0311 -0.0286262 0.0318038 0.031718 -0.0423701 0.0207975 0.0314129 -0.0330753 0.0278529 0.0330021 -0.0329044 0.0276 0.0330754 -0.0282167 0.0308979 0.032882 -0.0243177 0.0314259 0.0331 -0.0214964 0.0321944 0.0331 -0.0447253 0.0172121 0.0311 -0.0431341 0.0197648 0.0311 -0.0337943 0.0289167 0.031718 -0.0454804 0.015746 0.0314129 -0.0332376 0.0280931 0.032882 -0.0296938 0.0291622 0.0331 -0.0270507 0.0304161 0.0331 -0.0472142 0.0117628 0.0311 -0.0460814 0.0145499 0.0311 -0.0384001 0.0251978 0.031718 -0.0476923 0.0102416 0.0314129 -0.0377122 0.0244801 0.032882 -0.0345873 0.0259874 0.0331 -0.0322052 0.0276877 0.0331 -0.0480964 0.00890881 0.0311 -0.0487373 0.00596883 0.0311 -0.0423112 0.020754 0.031718 -0.0489421 0.0044425 0.0314129 -0.0415119 0.0201628 0.032882 -0.0388451 0.0220007 0.0331 -0.0367988 0.0240946 0.0331 -0.0491198 0.00300667 0.0311 -0.04925 -4.60882e-17 0.0311 -0.045415 0.0157131 0.031718 -0.0491939 -0.0014844 0.0314129 -0.0445273 0.0152655 0.032882 -0.0423345 0.0173268 0.0331 -0.0406882 0.019749 0.0331 -0.0491157 -0.00305843 0.0311 -0.0487187 -0.00607524 0.0311 -0.0476222 0.0102201 0.031718 -0.0484404 -0.00736859 0.0314129 -0.0449464 0.0121116 0.0331 -0.0461027 0.00975477 0.0330754 -0.0437522 0.0147855 0.0331 -0.0480589 -0.00905044 0.0311 -0.0471408 -0.0119662 0.0311 -0.0488694 0.00443319 0.031718 -0.0467033 -0.0130408 0.0314129 -0.0465993 0.00651823 0.0331 -0.047293 0.00423133 0.0330754 -0.045895 0.0093581 0.0331 -0.0459731 -0.0147851 0.0311 -0.044564 -0.0174941 0.0311 -0.0440326 -0.0183378 0.0314129 -0.0491207 -0.00148129 0.031718 -0.0472417 0.000721284 0.0331 -0.0475329 -0.00141384 0.0330754 -0.0470483 0.00363846 0.0331 -0.0429224 -0.0200715 0.0311 -0.0410664 -0.0224911 0.0311 -0.0483687 -0.00735315 0.031718 -0.0468152 -0.00701833 0.0330754 -0.0451606 -0.0124209 0.0330754 -0.0462751 -0.0079588 0.0331 -0.0468535 -0.00509811 0.0331 -0.0471763 -0.00219461 0.0331 -0.0367538 -0.0268056 0.0311 -0.0466353 -0.0130135 0.031718 -0.0426169 -0.0174662 0.0330754 -0.044373 -0.013474 0.0331 -0.0317569 -0.0303062 0.0311 -0.0439702 -0.0182994 0.031718 -0.0415296 -0.0185679 0.0331 -0.0454469 -0.0107582 0.0331 -0.026227 -0.0328863 0.0311 -0.0404501 -0.0230589 0.031718 -0.0430658 -0.0160822 0.0331 -0.0361008 -0.0270616 0.032008 -0.0361762 -0.0271551 0.031718 -0.0359977 -0.0269341 0.0322756 -0.0358697 -0.0267755 0.0325142 -0.0357198 -0.0265898 0.032718 -0.0397847 -0.0209038 0.0331 -0.0312716 -0.03047 0.031718 -0.0310336 -0.0300441 0.0325142 -0.0309173 -0.0298358 0.032718 -0.0307868 -0.0296021 0.032882 -0.0334012 -0.0268733 0.0331 -0.0357061 -0.0250725 0.0331 -0.0233151 -0.0338054 0.0311 -0.0257826 -0.0326406 0.0322756 -0.0257147 -0.0324484 0.0325142 -0.0256352 -0.0322234 0.032718 -0.0255461 -0.0319711 0.032882 -0.0309574 -0.028458 0.0331 -0.0201282 -0.0342817 0.032008 -0.0201005 -0.0341201 0.0322756 -0.020066 -0.0339192 0.0325142 -0.0200257 -0.033684 0.032718 -0.0199805 -0.0334202 0.032882 -0.0256869 -0.0309548 0.0331 0.00550186 -0.0178797 0.0326878 0.0051095 -0.0179106 0.0328071 0.00515147 -0.0180035 0.0326878 0.00678384 -0.0220658 0.0326878 0.00717217 -0.0220017 0.0328071 0.00712247 -0.0219128 0.0326878 0.00476998 -0.0181003 0.0328071 0.00482705 -0.0181847 0.0326878 0.00585949 -0.0177154 0.0328071 0.00544612 -0.0176656 0.032909 0.00547618 -0.0177811 0.0328071 0.0044674 -0.0183446 0.0328071 0.00453791 -0.0184182 0.0326878 0.00506035 -0.0178019 0.032909 0.00438484 -0.0182585 0.032909 0.00470316 -0.0180015 0.032909 0.00421046 -0.0186366 0.0328071 0.00411453 -0.0185656 0.032909 0.00400656 -0.0189677 0.0328071 0.00409756 -0.0190136 0.0326878 0.0042924 -0.0186972 0.0326878 0.00390001 -0.018914 0.032909 0.00386155 -0.0193286 0.0328071 0.003959 -0.0193584 0.0326878 0.00374746 -0.0192936 0.032909 0.0038807 -0.0197217 0.0326878 0.00377962 -0.0197088 0.0328071 0.00366126 -0.0196936 0.032909 0.00376311 -0.0200973 0.0328071 0.00386493 -0.020093 0.0326878 0.0036439 -0.0201024 0.032909 0.00369587 -0.0205082 0.032909 0.00381251 -0.0204831 0.0328071 0.00605394 -0.022 0.0321 0.00571594 -0.0219712 0.0321 0.00605394 -0.0220123 0.0322564 0.00571386 -0.0219834 0.0322564 0.00538766 -0.0218858 0.0321 0.00391213 -0.0204616 0.0326878 0.00409703 -0.0207864 0.032554 0.00425807 -0.0211058 0.032554 0.00415275 -0.020764 0.032409 0.00392639 -0.0208549 0.0328071 0.00402095 -0.0208169 0.0326878 0.00478977 -0.0215657 0.0322564 0.00476675 -0.0215941 0.032409 0.00505468 -0.0217888 0.032409 0.00538356 -0.0218974 0.0322564 0.00507855 -0.021746 0.0321 0.00418825 -0.0211487 0.0326878 0.00440923 -0.0214475 0.0326878 0.00507255 -0.0217568 0.0322564 0.0047975 -0.0215561 0.0321 0.00410148 -0.0212022 0.0328071 0.00424316 -0.0215937 0.032909 0.00433273 -0.0215149 0.0328071 0.00430921 -0.0210743 0.032409 0.00447078 -0.0213934 0.032554 0.00356508 -0.0205364 0.032991 0.00399987 -0.0212647 0.032909 0.00381567 -0.0208994 0.032909 0.00388594 -0.0213349 0.032991 0.00459086 -0.022619 0.0331 0.00466715 -0.0224825 0.0330877 0.00426756 -0.0222124 0.0330877 0.00414272 -0.0216821 0.032991 0.00605394 -0.0228436 0.0330877 0.00605394 -0.022691 0.0330511 0.00559916 -0.0226523 0.0330511 0.00554694 -0.0229568 0.0331 0.00605394 -0.023 0.0331 0.00557338 -0.0228027 0.0330877 0.00510664 -0.0226811 0.0330877 0.00505452 -0.0228286 0.0331 0.00584937 -0.0175965 0.032909 0.00624839 -0.0177154 0.0328071 0.0066317 -0.0177811 0.0328071 0.00625851 -0.0175965 0.032909 0.00586813 -0.0178169 0.0326878 0.00699839 -0.0179106 0.0328071 0.00666177 -0.0176656 0.032909 0.00623975 -0.0178169 0.0326878 0.00704753 -0.0178019 0.032909 0.0073379 -0.0181003 0.0328071 0.00660602 -0.0178797 0.0326878 0.00764048 -0.0183446 0.0328071 0.00740472 -0.0180015 0.032909 0.00695641 -0.0180035 0.0326878 0.00728084 -0.0181847 0.0326878 0.00756997 -0.0184182 0.0326878 0.00789742 -0.0186366 0.0328071 0.00772305 -0.0182585 0.032909 0.00781548 -0.0186972 0.0326878 0.00799335 -0.0185656 0.032909 0.00810132 -0.0189677 0.0328071 0.00801033 -0.0190136 0.0326878 0.00824633 -0.0193286 0.0328071 0.00820787 -0.018914 0.032909 0.00814889 -0.0193584 0.0326878 0.00832826 -0.0197088 0.0328071 0.00836042 -0.0192936 0.032909 0.00822718 -0.0197217 0.0326878 0.00844662 -0.0196936 0.032909 0.00834477 -0.0200973 0.0328071 0.00824295 -0.020093 0.0326878 0.00829537 -0.0204831 0.0328071 0.00846398 -0.0201024 0.032909 0.00819575 -0.0204616 0.0326878 0.00818149 -0.0208549 0.0328071 0.00841201 -0.0205082 0.032909 0.00808693 -0.0208169 0.0326878 0.00829221 -0.0208994 0.032909 0.00800641 -0.0212022 0.0328071 0.00791963 -0.0211487 0.0326878 0.00777515 -0.0215149 0.0328071 0.00810801 -0.0212647 0.032909 0.00769865 -0.0214475 0.0326878 0.00749438 -0.021784 0.0328071 0.00786472 -0.0215937 0.032909 0.00743036 -0.0217047 0.0326878 0.00756934 -0.0218768 0.032909 0.00681779 -0.0221619 0.0328071 0.00723037 -0.0221059 0.032909 0.00605394 -0.0222929 0.0328071 0.00646161 -0.0223775 0.032909 0.00644144 -0.0222599 0.0328071 0.00685755 -0.0222744 0.032909 0.00605394 -0.0220489 0.032409 0.00605394 -0.022109 0.032554 0.00641036 -0.0220787 0.032554 0.00642422 -0.0221595 0.0326878 0.00605394 -0.022191 0.0326878 0.00640021 -0.0220195 0.032409 0.00639402 -0.0219834 0.0322564 0.00605394 -0.0224122 0.032909 0.00605394 -0.022546 0.032991 0.00650872 -0.0226523 0.0330511 0.00648422 -0.0225094 0.032991 0.00653451 -0.0228027 0.0330877 0.00656094 -0.0229568 0.0331 0.00705336 -0.0228286 0.0331 0.00700125 -0.0226811 0.0330877 0.00751703 -0.022619 0.0331 0.00830596 -0.021982 0.0331 0.00784033 -0.0222124 0.0330877 0.0079386 -0.0223341 0.0331 0.00690212 -0.0224006 0.032991 0.00695041 -0.0225373 0.0330511 0.00736632 -0.0223493 0.0330511 0.00675653 -0.0219885 0.032554 0.00673652 -0.0219319 0.032409 0.00639194 -0.0219712 0.0321 0.00672432 -0.0218974 0.0322564 0.00744073 -0.0224825 0.0330877 0.00729562 -0.0222227 0.032991 0.00708249 -0.0218412 0.032554 0.0070532 -0.0217888 0.032409 0.00672022 -0.0218858 0.0321 0.00703533 -0.0217568 0.0322564 0.00818853 -0.0218787 0.0330877 0.00774447 -0.0220937 0.0330511 0.00765339 -0.0219809 0.032991 0.00737885 -0.0216409 0.032554 0.00734113 -0.0215941 0.032409 0.00702933 -0.021746 0.0321 0.00731811 -0.0215657 0.0322564 0.00860853 -0.0215729 0.0331 0.00883761 -0.0211186 0.0331 0.00898661 -0.020632 0.0331 0.00869245 -0.0210602 0.0330877 0.00822194 -0.0213349 0.032991 0.00834539 -0.0214109 0.0330511 0.00855087 -0.0210034 0.0330511 0.00807399 -0.0217779 0.0330511 0.00796516 -0.0216821 0.032991 0.0076371 -0.0213934 0.032554 0.00759203 -0.0213537 0.032409 0.00731038 -0.0215561 0.0321 0.00756453 -0.0213295 0.0322564 0.00847532 -0.0214909 0.0330877 0.00892244 -0.0191215 0.0331 0.00873272 -0.0186494 0.0331 0.00877286 -0.0191673 0.0330877 0.00784981 -0.0211058 0.032554 0.00779868 -0.0210743 0.032409 0.00755529 -0.0213214 0.0321 0.00776748 -0.0210551 0.0322564 0.00883368 -0.0205991 0.0330877 0.00841636 -0.0209493 0.032991 0.00801085 -0.0207864 0.032554 0.00795513 -0.020764 0.032409 0.007757 -0.0210486 0.0321 0.00792114 -0.0207503 0.0322564 0.00889494 -0.0201207 0.0330877 0.00905124 -0.0201273 0.0331 0.00868453 -0.0205669 0.0330511 0.00854281 -0.0205364 0.032991 0.0081156 -0.0204443 0.032554 0.0080569 -0.0204317 0.032409 0.00790972 -0.0207457 0.0321 0.00802109 -0.020424 0.0322564 0.00887447 -0.0196388 0.0330877 0.00902964 -0.0196189 0.0331 0.00845679 -0.0187885 0.0330511 0.00821748 -0.0183999 0.0330511 0.00832734 -0.0188538 0.032991 0.0087425 -0.0201142 0.0330511 0.00859766 -0.0201081 0.032991 0.00816103 -0.0200895 0.032554 0.00810104 -0.020087 0.032409 0.00800905 -0.0204214 0.0321 0.00806444 -0.0200854 0.0322564 0.00872313 -0.0196582 0.0330511 0.00857933 -0.0196766 0.032991 0.00814585 -0.0197321 0.032554 0.00808629 -0.0197397 0.032409 0.00805214 -0.0200849 0.0321 0.00804995 -0.0197444 0.0322564 0.00579952 -0.0170108 0.0331 0.00529801 -0.0170968 0.0331 0.00581279 -0.0171667 0.0330877 0.00846593 -0.0182161 0.0331 0.00859303 -0.0187198 0.0330877 0.00848835 -0.0192545 0.032991 0.00862697 -0.019212 0.0330511 0.00807049 -0.0193824 0.032554 0.00801307 -0.0194 0.032409 0.00803774 -0.019746 0.0321 0.00797805 -0.0194107 0.0322564 0.00834016 -0.0183091 0.0330877 0.00793712 -0.0190505 0.032554 0.0078835 -0.0190776 0.032409 0.00796627 -0.0194144 0.0321 0.00785079 -0.019094 0.0322564 0.00812976 -0.0178341 0.0331 0.00802151 -0.0179471 0.0330877 0.00810092 -0.0184861 0.032991 0.00774956 -0.0187459 0.032554 0.00770129 -0.0187816 0.032409 0.00783979 -0.0190996 0.0321 0.00767183 -0.0188034 0.0322564 0.00764627 -0.0176441 0.0330877 0.00773386 -0.0175145 0.0331 0.00494552 -0.0175479 0.0330511 0.00454706 -0.0177705 0.0330511 0.00500524 -0.01768 0.032991 0.00791594 -0.0180572 0.0330511 0.00781562 -0.0181619 0.032991 0.00751324 -0.0184774 0.032554 0.00747168 -0.0185208 0.032409 0.00766193 -0.0188107 0.0321 0.00744634 -0.0185472 0.0322564 0.00728964 -0.0172663 0.0331 0.00722521 -0.0174089 0.0330877 0.00756082 -0.0177705 0.0330511 0.00747964 -0.0178906 0.032991 0.00723492 -0.0182527 0.032554 0.0072013 -0.0183024 0.032409 0.00743782 -0.0185561 0.0321 0.00718078 -0.0183328 0.0322564 0.00680987 -0.0170968 0.0331 0.00677046 -0.0172482 0.0330877 0.00716236 -0.0175479 0.0330511 0.00710265 -0.01768 0.032991 0.00692264 -0.0180782 0.032554 0.0068979 -0.0181329 0.032409 0.00717389 -0.018343 0.0321 0.00688281 -0.0181663 0.0322564 0.00630836 -0.0170108 0.0331 0.00629509 -0.0171667 0.0330877 0.00673201 -0.0173958 0.0330511 0.00669548 -0.0175361 0.032991 0.00658536 -0.0179591 0.032554 0.00657023 -0.0180172 0.032409 0.006561 -0.0180526 0.0322564 0.00687774 -0.0181775 0.0321 0.00628215 -0.0173187 0.0330511 0.00626986 -0.0174632 0.032991 0.0062328 -0.0178986 0.032554 0.0062277 -0.0179584 0.032409 0.0065579 -0.0180645 0.0321 0.0062246 -0.0179949 0.0322564 0.00488267 -0.0174089 0.0330877 0.00481824 -0.0172663 0.0331 0.00437402 -0.0175145 0.0331 0.00533742 -0.0172482 0.0330877 0.00583802 -0.0174632 0.032991 0.00582573 -0.0173187 0.0330511 0.00587509 -0.0178986 0.032554 0.00588018 -0.0179584 0.032409 0.00622355 -0.0180072 0.0321 0.00588328 -0.0179949 0.0322564 0.00397812 -0.0178341 0.0331 0.00446162 -0.0176441 0.0330877 0.00537587 -0.0173958 0.0330511 0.0054124 -0.0175361 0.032991 0.00552252 -0.0179591 0.032554 0.00553765 -0.0180172 0.032409 0.00588433 -0.0180072 0.0321 0.00554688 -0.0180526 0.0322564 0.00364195 -0.0182161 0.0331 0.00408637 -0.0179471 0.0330877 0.00518524 -0.0180782 0.032554 0.00520998 -0.0181329 0.032409 0.00554998 -0.0180645 0.0321 0.00522507 -0.0181663 0.0322564 0.00462824 -0.0178906 0.032991 0.00487296 -0.0182527 0.032554 0.00490658 -0.0183024 0.032409 0.00523014 -0.0181775 0.0321 0.0049271 -0.0183328 0.0322564 0.00337516 -0.0186494 0.0331 0.00318544 -0.0191215 0.0331 0.00351485 -0.0187198 0.0330877 0.00419194 -0.0180572 0.0330511 0.00429226 -0.0181619 0.032991 0.00459465 -0.0184774 0.032554 0.0046362 -0.0185208 0.032409 0.00493399 -0.018343 0.0321 0.00466154 -0.0185472 0.0322564 0.00376772 -0.0183091 0.0330877 0.00333502 -0.0191673 0.0330877 0.00307824 -0.0196189 0.0331 0.00365109 -0.0187885 0.0330511 0.00348091 -0.019212 0.0330511 0.00378054 -0.0188538 0.032991 0.0038904 -0.0183999 0.0330511 0.00400696 -0.0184861 0.032991 0.00435832 -0.0187459 0.032554 0.0044066 -0.0187816 0.032409 0.00467006 -0.0185561 0.0321 0.00443605 -0.0188034 0.0322564 0.00305664 -0.0201273 0.0331 0.00312127 -0.020632 0.0331 0.00321294 -0.0201207 0.0330877 0.00417077 -0.0190505 0.032554 0.00422439 -0.0190776 0.032409 0.00444595 -0.0188107 0.0321 0.0042571 -0.019094 0.0322564 0.00323341 -0.0196388 0.0330877 0.00361953 -0.0192545 0.032991 0.00403739 -0.0193824 0.032554 0.00409481 -0.0194 0.032409 0.00426809 -0.0190996 0.0321 0.00412983 -0.0194107 0.0322564 0.00327027 -0.0211186 0.0331 0.0032742 -0.0205991 0.0330877 0.00336538 -0.0201142 0.0330511 0.00342336 -0.0205669 0.0330511 0.00351023 -0.0201081 0.032991 0.00338475 -0.0196582 0.0330511 0.00352855 -0.0196766 0.032991 0.00396203 -0.0197321 0.032554 0.00402159 -0.0197397 0.032409 0.00414161 -0.0194144 0.0321 0.00405793 -0.0197444 0.0322564 0.00380192 -0.021982 0.0331 0.00363256 -0.0214909 0.0330877 0.00349935 -0.0215729 0.0331 0.00394685 -0.0200895 0.032554 0.00400684 -0.020087 0.032409 0.00407014 -0.019746 0.0321 0.00404344 -0.0200854 0.0322564 0.00341543 -0.0210602 0.0330877 0.00369153 -0.0209493 0.032991 0.00399228 -0.0204443 0.032554 0.00405098 -0.0204317 0.032409 0.00405574 -0.0200849 0.0321 0.00408679 -0.020424 0.0322564 0.00355701 -0.0210034 0.0330511 0.00418674 -0.0207503 0.0322564 0.00409883 -0.0204214 0.0321 0.00416928 -0.0223341 0.0331 0.00391935 -0.0218787 0.0330877 0.00376249 -0.0214109 0.0330511 0.00419816 -0.0207457 0.0321 0.0043404 -0.0210551 0.0322564 0.00403389 -0.0217779 0.0330511 0.00451586 -0.0213537 0.032409 0.00472903 -0.0216409 0.032554 0.00435088 -0.0210486 0.0321 0.00454335 -0.0213295 0.0322564 0.00487752 -0.0221059 0.032909 0.00481226 -0.0222227 0.032991 0.00520576 -0.0224006 0.032991 0.00445449 -0.0219809 0.032991 0.00453854 -0.0218768 0.032909 0.00436341 -0.0220937 0.0330511 0.0046135 -0.021784 0.0328071 0.00467752 -0.0217047 0.0326878 0.0045526 -0.0213214 0.0321 0.00474156 -0.0223493 0.0330511 0.00493571 -0.0220017 0.0328071 0.00498541 -0.0219128 0.0326878 0.00502539 -0.0218412 0.032554 0.00525034 -0.0222744 0.032909 0.00515747 -0.0225373 0.0330511 0.00529009 -0.0221619 0.0328071 0.00532404 -0.0220658 0.0326878 0.00535135 -0.0219885 0.032554 0.00537136 -0.0219319 0.032409 0.00562366 -0.0225094 0.032991 0.00564627 -0.0223775 0.032909 0.00566644 -0.0222599 0.0328071 0.00568366 -0.0221595 0.0326878 0.00569752 -0.0220787 0.032554 0.00570767 -0.0220195 0.032409 -0.035106 -0.0178797 0.0326878 -0.0354984 -0.0179106 0.0328071 -0.0354564 -0.0180035 0.0326878 -0.033824 -0.0220658 0.0326878 -0.0334357 -0.0220017 0.0328071 -0.0334854 -0.0219128 0.0326878 -0.0358379 -0.0181003 0.0328071 -0.0357808 -0.0181847 0.0326878 -0.0347484 -0.0177154 0.0328071 -0.0351618 -0.0176656 0.032909 -0.0351317 -0.0177811 0.0328071 -0.0361405 -0.0183446 0.0328071 -0.03607 -0.0184182 0.0326878 -0.0355475 -0.0178019 0.032909 -0.036223 -0.0182585 0.032909 -0.0359047 -0.0180015 0.032909 -0.0363974 -0.0186366 0.0328071 -0.0364934 -0.0185656 0.032909 -0.0366013 -0.0189677 0.0328071 -0.0365103 -0.0190136 0.0326878 -0.0363155 -0.0186972 0.0326878 -0.0367079 -0.018914 0.032909 -0.0367463 -0.0193286 0.0328071 -0.0366489 -0.0193584 0.0326878 -0.0368604 -0.0192936 0.032909 -0.0367272 -0.0197217 0.0326878 -0.0368283 -0.0197088 0.0328071 -0.0369466 -0.0196936 0.032909 -0.0368448 -0.0200973 0.0328071 -0.036743 -0.020093 0.0326878 -0.036964 -0.0201024 0.032909 -0.036912 -0.0205082 0.032909 -0.0367954 -0.0204831 0.0328071 -0.0345539 -0.022 0.0321 -0.0348919 -0.0219712 0.0321 -0.0345539 -0.0220123 0.0322564 -0.034894 -0.0219834 0.0322564 -0.0352202 -0.0218858 0.0321 -0.0366957 -0.0204616 0.0326878 -0.0365109 -0.0207864 0.032554 -0.0363498 -0.0211058 0.032554 -0.0364551 -0.020764 0.032409 -0.0366815 -0.0208549 0.0328071 -0.0365869 -0.0208169 0.0326878 -0.0358181 -0.0215657 0.0322564 -0.0358411 -0.0215941 0.032409 -0.0355532 -0.0217888 0.032409 -0.0352243 -0.0218974 0.0322564 -0.0355293 -0.021746 0.0321 -0.0364196 -0.0211487 0.0326878 -0.0361986 -0.0214475 0.0326878 -0.0355353 -0.0217568 0.0322564 -0.0358104 -0.0215561 0.0321 -0.0365064 -0.0212022 0.0328071 -0.0363647 -0.0215937 0.032909 -0.0362752 -0.0215149 0.0328071 -0.0362987 -0.0210743 0.032409 -0.0361371 -0.0213934 0.032554 -0.0370428 -0.0205364 0.032991 -0.036608 -0.0212647 0.032909 -0.0367922 -0.0208994 0.032909 -0.0367219 -0.0213349 0.032991 -0.036017 -0.022619 0.0331 -0.0359407 -0.0224825 0.0330877 -0.0363403 -0.0222124 0.0330877 -0.0364652 -0.0216821 0.032991 -0.0345539 -0.0228436 0.0330877 -0.0345539 -0.022691 0.0330511 -0.0350087 -0.0226523 0.0330511 -0.0350609 -0.0229568 0.0331 -0.0345539 -0.023 0.0331 -0.0350345 -0.0228027 0.0330877 -0.0355012 -0.0226811 0.0330877 -0.0355534 -0.0228286 0.0331 -0.0347585 -0.0175965 0.032909 -0.0343595 -0.0177154 0.0328071 -0.0339762 -0.0177811 0.0328071 -0.0343494 -0.0175965 0.032909 -0.0347398 -0.0178169 0.0326878 -0.0336095 -0.0179106 0.0328071 -0.0339461 -0.0176656 0.032909 -0.0343681 -0.0178169 0.0326878 -0.0335603 -0.0178019 0.032909 -0.03327 -0.0181003 0.0328071 -0.0340019 -0.0178797 0.0326878 -0.0329674 -0.0183446 0.0328071 -0.0332032 -0.0180015 0.032909 -0.0336515 -0.0180035 0.0326878 -0.033327 -0.0181847 0.0326878 -0.0330379 -0.0184182 0.0326878 -0.0327105 -0.0186366 0.0328071 -0.0328848 -0.0182585 0.032909 -0.0327924 -0.0186972 0.0326878 -0.0326145 -0.0185656 0.032909 -0.0325066 -0.0189677 0.0328071 -0.0325976 -0.0190136 0.0326878 -0.0323616 -0.0193286 0.0328071 -0.0324 -0.018914 0.032909 -0.032459 -0.0193584 0.0326878 -0.0322796 -0.0197088 0.0328071 -0.0322475 -0.0192936 0.032909 -0.0323807 -0.0197217 0.0326878 -0.0321613 -0.0196936 0.032909 -0.0322631 -0.0200973 0.0328071 -0.0323649 -0.020093 0.0326878 -0.0323125 -0.0204831 0.0328071 -0.0321439 -0.0201024 0.032909 -0.0324121 -0.0204616 0.0326878 -0.0324264 -0.0208549 0.0328071 -0.0321959 -0.0205082 0.032909 -0.0325209 -0.0208169 0.0326878 -0.0323157 -0.0208994 0.032909 -0.0326015 -0.0212022 0.0328071 -0.0326883 -0.0211487 0.0326878 -0.0328327 -0.0215149 0.0328071 -0.0324999 -0.0212647 0.032909 -0.0329092 -0.0214475 0.0326878 -0.0331135 -0.021784 0.0328071 -0.0327432 -0.0215937 0.032909 -0.0331775 -0.0217047 0.0326878 -0.0330385 -0.0218768 0.032909 -0.0337901 -0.0221619 0.0328071 -0.0333775 -0.0221059 0.032909 -0.0345539 -0.0222929 0.0328071 -0.0341463 -0.0223775 0.032909 -0.0341664 -0.0222599 0.0328071 -0.0337503 -0.0222744 0.032909 -0.0345539 -0.0220489 0.032409 -0.0345539 -0.022109 0.032554 -0.0341975 -0.0220787 0.032554 -0.0341837 -0.0221595 0.0326878 -0.0345539 -0.022191 0.0326878 -0.0342077 -0.0220195 0.032409 -0.0342139 -0.0219834 0.0322564 -0.0345539 -0.0224122 0.032909 -0.0345539 -0.022546 0.032991 -0.0340992 -0.0226523 0.0330511 -0.0341237 -0.0225094 0.032991 -0.0340734 -0.0228027 0.0330877 -0.0340469 -0.0229568 0.0331 -0.0335545 -0.0228286 0.0331 -0.0336066 -0.0226811 0.0330877 -0.0330909 -0.022619 0.0331 -0.0323019 -0.021982 0.0331 -0.0327676 -0.0222124 0.0330877 -0.0326693 -0.0223341 0.0331 -0.0337058 -0.0224006 0.032991 -0.0336575 -0.0225373 0.0330511 -0.0332416 -0.0223493 0.0330511 -0.0338514 -0.0219885 0.032554 -0.0338714 -0.0219319 0.032409 -0.0342159 -0.0219712 0.0321 -0.0338836 -0.0218974 0.0322564 -0.0331671 -0.0224825 0.0330877 -0.0333123 -0.0222227 0.032991 -0.0335254 -0.0218412 0.032554 -0.0335547 -0.0217888 0.032409 -0.0338877 -0.0218858 0.0321 -0.0335725 -0.0217568 0.0322564 -0.0324194 -0.0218787 0.0330877 -0.0328634 -0.0220937 0.0330511 -0.0329545 -0.0219809 0.032991 -0.033229 -0.0216409 0.032554 -0.0332668 -0.0215941 0.032409 -0.0335786 -0.021746 0.0321 -0.0332898 -0.0215657 0.0322564 -0.0319994 -0.0215729 0.0331 -0.0317703 -0.0211186 0.0331 -0.0316213 -0.020632 0.0331 -0.0319154 -0.0210602 0.0330877 -0.0323859 -0.0213349 0.032991 -0.0322625 -0.0214109 0.0330511 -0.032057 -0.0210034 0.0330511 -0.0325339 -0.0217779 0.0330511 -0.0326427 -0.0216821 0.032991 -0.0329708 -0.0213934 0.032554 -0.0330159 -0.0213537 0.032409 -0.0332975 -0.0215561 0.0321 -0.0330434 -0.0213295 0.0322564 -0.0321326 -0.0214909 0.0330877 -0.0316854 -0.0191215 0.0331 -0.0318752 -0.0186494 0.0331 -0.031835 -0.0191673 0.0330877 -0.0327581 -0.0211058 0.032554 -0.0328092 -0.0210743 0.032409 -0.0330526 -0.0213214 0.0321 -0.0328404 -0.0210551 0.0322564 -0.0317742 -0.0205991 0.0330877 -0.0321915 -0.0209493 0.032991 -0.032597 -0.0207864 0.032554 -0.0326527 -0.020764 0.032409 -0.0328509 -0.0210486 0.0321 -0.0326867 -0.0207503 0.0322564 -0.0317129 -0.0201207 0.0330877 -0.0315566 -0.0201273 0.0331 -0.0319234 -0.0205669 0.0330511 -0.0320651 -0.0205364 0.032991 -0.0324923 -0.0204443 0.032554 -0.032551 -0.0204317 0.032409 -0.0326982 -0.0207457 0.0321 -0.0325868 -0.020424 0.0322564 -0.0317334 -0.0196388 0.0330877 -0.0315782 -0.0196189 0.0331 -0.0321511 -0.0187885 0.0330511 -0.0323904 -0.0183999 0.0330511 -0.0322805 -0.0188538 0.032991 -0.0318654 -0.0201142 0.0330511 -0.0320102 -0.0201081 0.032991 -0.0324468 -0.0200895 0.032554 -0.0325068 -0.020087 0.032409 -0.0325988 -0.0204214 0.0321 -0.0325434 -0.0200854 0.0322564 -0.0318848 -0.0196582 0.0330511 -0.0320286 -0.0196766 0.032991 -0.032462 -0.0197321 0.032554 -0.0325216 -0.0197397 0.032409 -0.0325557 -0.0200849 0.0321 -0.0325579 -0.0197444 0.0322564 -0.0348084 -0.0170108 0.0331 -0.0353099 -0.0170968 0.0331 -0.0347951 -0.0171667 0.0330877 -0.0321419 -0.0182161 0.0331 -0.0320148 -0.0187198 0.0330877 -0.0321195 -0.0192545 0.032991 -0.0319809 -0.019212 0.0330511 -0.0325374 -0.0193824 0.032554 -0.0325948 -0.0194 0.032409 -0.0325701 -0.019746 0.0321 -0.0326298 -0.0194107 0.0322564 -0.0322677 -0.0183091 0.0330877 -0.0326708 -0.0190505 0.032554 -0.0327244 -0.0190776 0.032409 -0.0326416 -0.0194144 0.0321 -0.0327571 -0.019094 0.0322564 -0.0324781 -0.0178341 0.0331 -0.0325864 -0.0179471 0.0330877 -0.032507 -0.0184861 0.032991 -0.0328583 -0.0187459 0.032554 -0.0329066 -0.0187816 0.032409 -0.0327681 -0.0190996 0.0321 -0.032936 -0.0188034 0.0322564 -0.0329616 -0.0176441 0.0330877 -0.032874 -0.0175145 0.0331 -0.0356624 -0.0175479 0.0330511 -0.0360608 -0.0177705 0.0330511 -0.0356026 -0.01768 0.032991 -0.0326919 -0.0180572 0.0330511 -0.0327923 -0.0181619 0.032991 -0.0330946 -0.0184774 0.032554 -0.0331362 -0.0185208 0.032409 -0.0329459 -0.0188107 0.0321 -0.0331615 -0.0185472 0.0322564 -0.0333182 -0.0172663 0.0331 -0.0333827 -0.0174089 0.0330877 -0.0330471 -0.0177705 0.0330511 -0.0331282 -0.0178906 0.032991 -0.033373 -0.0182527 0.032554 -0.0334066 -0.0183024 0.032409 -0.0331701 -0.0185561 0.0321 -0.0334271 -0.0183328 0.0322564 -0.033798 -0.0170968 0.0331 -0.0338374 -0.0172482 0.0330877 -0.0334455 -0.0175479 0.0330511 -0.0335052 -0.01768 0.032991 -0.0336852 -0.0180782 0.032554 -0.03371 -0.0181329 0.032409 -0.033434 -0.018343 0.0321 -0.0337251 -0.0181663 0.0322564 -0.0342995 -0.0170108 0.0331 -0.0343128 -0.0171667 0.0330877 -0.0338759 -0.0173958 0.0330511 -0.0339124 -0.0175361 0.032991 -0.0340225 -0.0179591 0.032554 -0.0340376 -0.0180172 0.032409 -0.0340469 -0.0180526 0.0322564 -0.0337301 -0.0181775 0.0321 -0.0343257 -0.0173187 0.0330511 -0.034338 -0.0174632 0.032991 -0.0343751 -0.0178986 0.032554 -0.0343802 -0.0179584 0.032409 -0.03405 -0.0180645 0.0321 -0.0343833 -0.0179949 0.0322564 -0.0357252 -0.0174089 0.0330877 -0.0357896 -0.0172663 0.0331 -0.0362339 -0.0175145 0.0331 -0.0352705 -0.0172482 0.0330877 -0.0347699 -0.0174632 0.032991 -0.0347821 -0.0173187 0.0330511 -0.0347328 -0.0178986 0.032554 -0.0347277 -0.0179584 0.032409 -0.0343843 -0.0180072 0.0321 -0.0347246 -0.0179949 0.0322564 -0.0366298 -0.0178341 0.0331 -0.0361463 -0.0176441 0.0330877 -0.035232 -0.0173958 0.0330511 -0.0351955 -0.0175361 0.032991 -0.0350854 -0.0179591 0.032554 -0.0350702 -0.0180172 0.032409 -0.0347236 -0.0180072 0.0321 -0.035061 -0.0180526 0.0322564 -0.0369659 -0.0182161 0.0331 -0.0365215 -0.0179471 0.0330877 -0.0354226 -0.0180782 0.032554 -0.0353979 -0.0181329 0.032409 -0.0350579 -0.0180645 0.0321 -0.0353828 -0.0181663 0.0322564 -0.0359796 -0.0178906 0.032991 -0.0357349 -0.0182527 0.032554 -0.0357013 -0.0183024 0.032409 -0.0353777 -0.0181775 0.0321 -0.0356808 -0.0183328 0.0322564 -0.0372327 -0.0186494 0.0331 -0.0374224 -0.0191215 0.0331 -0.037093 -0.0187198 0.0330877 -0.0364159 -0.0180572 0.0330511 -0.0363156 -0.0181619 0.032991 -0.0360132 -0.0184774 0.032554 -0.0359717 -0.0185208 0.032409 -0.0356739 -0.018343 0.0321 -0.0359463 -0.0185472 0.0322564 -0.0368402 -0.0183091 0.0330877 -0.0372729 -0.0191673 0.0330877 -0.0375296 -0.0196189 0.0331 -0.0369568 -0.0187885 0.0330511 -0.037127 -0.019212 0.0330511 -0.0368273 -0.0188538 0.032991 -0.0367175 -0.0183999 0.0330511 -0.0366009 -0.0184861 0.032991 -0.0362496 -0.0187459 0.032554 -0.0362013 -0.0187816 0.032409 -0.0359378 -0.0185561 0.0321 -0.0361718 -0.0188034 0.0322564 -0.0375512 -0.0201273 0.0331 -0.0374866 -0.020632 0.0331 -0.0373949 -0.0201207 0.0330877 -0.0364371 -0.0190505 0.032554 -0.0363835 -0.0190776 0.032409 -0.0361619 -0.0188107 0.0321 -0.0363508 -0.019094 0.0322564 -0.0373745 -0.0196388 0.0330877 -0.0369884 -0.0192545 0.032991 -0.0365705 -0.0193824 0.032554 -0.0365131 -0.0194 0.032409 -0.0363398 -0.0190996 0.0321 -0.036478 -0.0194107 0.0322564 -0.0373376 -0.0211186 0.0331 -0.0373337 -0.0205991 0.0330877 -0.0372425 -0.0201142 0.0330511 -0.0371845 -0.0205669 0.0330511 -0.0370977 -0.0201081 0.032991 -0.0372231 -0.0196582 0.0330511 -0.0370793 -0.0196766 0.032991 -0.0366459 -0.0197321 0.032554 -0.0365863 -0.0197397 0.032409 -0.0364663 -0.0194144 0.0321 -0.03655 -0.0197444 0.0322564 -0.036806 -0.021982 0.0331 -0.0369753 -0.0214909 0.0330877 -0.0371085 -0.0215729 0.0331 -0.036661 -0.0200895 0.032554 -0.036601 -0.020087 0.032409 -0.0365377 -0.019746 0.0321 -0.0365644 -0.0200854 0.0322564 -0.0371925 -0.0210602 0.0330877 -0.0369164 -0.0209493 0.032991 -0.0366156 -0.0204443 0.032554 -0.0365569 -0.0204317 0.032409 -0.0365521 -0.0200849 0.0321 -0.0365211 -0.020424 0.0322564 -0.0370509 -0.0210034 0.0330511 -0.0364211 -0.0207503 0.0322564 -0.0365091 -0.0204214 0.0321 -0.0364386 -0.0223341 0.0331 -0.0366885 -0.0218787 0.0330877 -0.0368454 -0.0214109 0.0330511 -0.0364097 -0.0207457 0.0321 -0.0362675 -0.0210551 0.0322564 -0.036574 -0.0217779 0.0330511 -0.036092 -0.0213537 0.032409 -0.0358789 -0.0216409 0.032554 -0.036257 -0.0210486 0.0321 -0.0360645 -0.0213295 0.0322564 -0.0357304 -0.0221059 0.032909 -0.0357956 -0.0222227 0.032991 -0.0354021 -0.0224006 0.032991 -0.0361534 -0.0219809 0.032991 -0.0360693 -0.0218768 0.032909 -0.0362445 -0.0220937 0.0330511 -0.0359944 -0.021784 0.0328071 -0.0359304 -0.0217047 0.0326878 -0.0360553 -0.0213214 0.0321 -0.0358663 -0.0223493 0.0330511 -0.0356722 -0.0220017 0.0328071 -0.0356225 -0.0219128 0.0326878 -0.0355825 -0.0218412 0.032554 -0.0353575 -0.0222744 0.032909 -0.0354504 -0.0225373 0.0330511 -0.0353178 -0.0221619 0.0328071 -0.0352838 -0.0220658 0.0326878 -0.0352565 -0.0219885 0.032554 -0.0352365 -0.0219319 0.032409 -0.0349842 -0.0225094 0.032991 -0.0349616 -0.0223775 0.032909 -0.0349414 -0.0222599 0.0328071 -0.0349242 -0.0221595 0.0326878 -0.0349104 -0.0220787 0.032554 -0.0349002 -0.0220195 0.032409 -0.0148021 0.0306203 0.0326878 -0.0151944 0.0305893 0.0328071 -0.0151525 0.0304965 0.0326878 -0.0135201 0.0264342 0.0326878 -0.0131318 0.0264983 0.0328071 -0.0131815 0.0265872 0.0326878 -0.015534 0.0303997 0.0328071 -0.0154769 0.0303153 0.0326878 -0.0144445 0.0307846 0.0328071 -0.0148578 0.0308344 0.032909 -0.0148278 0.0307189 0.0328071 -0.0158365 0.0301554 0.0328071 -0.015766 0.0300818 0.0326878 -0.0152436 0.0306981 0.032909 -0.0159191 0.0302415 0.032909 -0.0156008 0.0304985 0.032909 -0.0160935 0.0298634 0.0328071 -0.0161894 0.0299344 0.032909 -0.0162974 0.0295323 0.0328071 -0.0162064 0.0294864 0.0326878 -0.0160115 0.0298028 0.0326878 -0.0164039 0.029586 0.032909 -0.0164424 0.0291714 0.0328071 -0.0163449 0.0291416 0.0326878 -0.0165565 0.0292064 0.032909 -0.0164232 0.0287783 0.0326878 -0.0165243 0.0287912 0.0328071 -0.0166427 0.0288064 0.032909 -0.0165408 0.0284027 0.0328071 -0.016439 0.028407 0.0326878 -0.01666 0.0283976 0.032909 -0.0166081 0.0279918 0.032909 -0.0164914 0.0280169 0.0328071 -0.01425 0.0265 0.0321 -0.014588 0.0265288 0.0321 -0.01425 0.0264877 0.0322564 -0.0145901 0.0265166 0.0322564 -0.0149163 0.0266142 0.0321 -0.0163918 0.0280384 0.0326878 -0.0162069 0.0277136 0.032554 -0.0160459 0.0273942 0.032554 -0.0161512 0.027736 0.032409 -0.0163775 0.0276451 0.0328071 -0.016283 0.0276831 0.0326878 -0.0155142 0.0269343 0.0322564 -0.0155372 0.0269058 0.032409 -0.0152493 0.0267112 0.032409 -0.0149204 0.0266026 0.0322564 -0.0152254 0.026754 0.0321 -0.0161157 0.0273513 0.0326878 -0.0158947 0.0270525 0.0326878 -0.0152314 0.0267432 0.0322564 -0.0155064 0.0269439 0.0321 -0.0162025 0.0272978 0.0328071 -0.0160608 0.0269063 0.032909 -0.0159712 0.0269851 0.0328071 -0.0159947 0.0274257 0.032409 -0.0158332 0.0271066 0.032554 -0.0167389 0.0279636 0.032991 -0.0163041 0.0272353 0.032909 -0.0164883 0.0276006 0.032909 -0.016418 0.0271651 0.032991 -0.0157131 0.025881 0.0331 -0.0156368 0.0260175 0.0330877 -0.0160364 0.0262876 0.0330877 -0.0161612 0.0268179 0.032991 -0.01425 0.0256564 0.0330877 -0.01425 0.025809 0.0330511 -0.0147048 0.0258477 0.0330511 -0.014757 0.0255432 0.0331 -0.01425 0.0255 0.0331 -0.0147306 0.0256973 0.0330877 -0.0151973 0.0258189 0.0330877 -0.0152494 0.0256714 0.0331 -0.0144546 0.0309035 0.032909 -0.0140555 0.0307846 0.0328071 -0.0136722 0.0307189 0.0328071 -0.0140454 0.0309035 0.032909 -0.0144358 0.0306831 0.0326878 -0.0133056 0.0305893 0.0328071 -0.0136422 0.0308344 0.032909 -0.0140642 0.0306831 0.0326878 -0.0132564 0.0306981 0.032909 -0.012966 0.0303997 0.0328071 -0.0136979 0.0306203 0.0326878 -0.0126635 0.0301554 0.0328071 -0.0128992 0.0304985 0.032909 -0.0133475 0.0304965 0.0326878 -0.0130231 0.0303153 0.0326878 -0.012734 0.0300818 0.0326878 -0.0124065 0.0298634 0.0328071 -0.0125809 0.0302415 0.032909 -0.0124885 0.0298028 0.0326878 -0.0123106 0.0299344 0.032909 -0.0122026 0.0295323 0.0328071 -0.0122936 0.0294864 0.0326878 -0.0120576 0.0291714 0.0328071 -0.0120961 0.029586 0.032909 -0.0121551 0.0291416 0.0326878 -0.0119757 0.0287912 0.0328071 -0.0119435 0.0292064 0.032909 -0.0120768 0.0287783 0.0326878 -0.0118573 0.0288064 0.032909 -0.0119592 0.0284027 0.0328071 -0.012061 0.028407 0.0326878 -0.0120086 0.0280169 0.0328071 -0.01184 0.0283976 0.032909 -0.0121082 0.0280384 0.0326878 -0.0121224 0.0276451 0.0328071 -0.0118919 0.0279918 0.032909 -0.012217 0.0276831 0.0326878 -0.0120117 0.0276006 0.032909 -0.0122975 0.0272978 0.0328071 -0.0123843 0.0273513 0.0326878 -0.0125288 0.0269851 0.0328071 -0.0121959 0.0272353 0.032909 -0.0126053 0.0270525 0.0326878 -0.0128096 0.026716 0.0328071 -0.0124392 0.0269063 0.032909 -0.0128736 0.0267953 0.0326878 -0.0127346 0.0266232 0.032909 -0.0134861 0.0263381 0.0328071 -0.0130736 0.0263941 0.032909 -0.01425 0.0262071 0.0328071 -0.0138423 0.0261225 0.032909 -0.0138625 0.0262401 0.0328071 -0.0134464 0.0262256 0.032909 -0.01425 0.0264511 0.032409 -0.01425 0.026391 0.032554 -0.0138936 0.0264213 0.032554 -0.0138797 0.0263405 0.0326878 -0.01425 0.026309 0.0326878 -0.0139037 0.0264805 0.032409 -0.0139099 0.0265166 0.0322564 -0.01425 0.0260878 0.032909 -0.01425 0.025954 0.032991 -0.0137952 0.0258477 0.0330511 -0.0138197 0.0259906 0.032991 -0.0137694 0.0256973 0.0330877 -0.013743 0.0255432 0.0331 -0.0132506 0.0256714 0.0331 -0.0133027 0.0258189 0.0330877 -0.0127869 0.025881 0.0331 -0.011998 0.026518 0.0331 -0.0124636 0.0262876 0.0330877 -0.0123653 0.0261659 0.0331 -0.0134018 0.0260994 0.032991 -0.0133535 0.0259627 0.0330511 -0.0129376 0.0261507 0.0330511 -0.0135474 0.0265115 0.032554 -0.0135674 0.0265681 0.032409 -0.013912 0.0265288 0.0321 -0.0135796 0.0266026 0.0322564 -0.0128632 0.0260175 0.0330877 -0.0130083 0.0262773 0.032991 -0.0132215 0.0266588 0.032554 -0.0132507 0.0267112 0.032409 -0.0135837 0.0266142 0.0321 -0.0132686 0.0267432 0.0322564 -0.0121154 0.0266213 0.0330877 -0.0125595 0.0264063 0.0330511 -0.0126505 0.0265191 0.032991 -0.0129251 0.0268591 0.032554 -0.0129628 0.0269058 0.032409 -0.0132746 0.026754 0.0321 -0.0129858 0.0269343 0.0322564 -0.0116954 0.0269271 0.0331 -0.0114663 0.0273814 0.0331 -0.0113173 0.027868 0.0331 -0.0116115 0.0274398 0.0330877 -0.012082 0.0271651 0.032991 -0.0119585 0.0270891 0.0330511 -0.0117531 0.0274966 0.0330511 -0.01223 0.0267221 0.0330511 -0.0123388 0.0268179 0.032991 -0.0126668 0.0271066 0.032554 -0.0127119 0.0271463 0.032409 -0.0129936 0.0269439 0.0321 -0.0127394 0.0271705 0.0322564 -0.0118286 0.0270091 0.0330877 -0.0113815 0.0293785 0.0331 -0.0115712 0.0298506 0.0331 -0.0115311 0.0293327 0.0330877 -0.0124541 0.0273942 0.032554 -0.0125053 0.0274257 0.032409 -0.0127487 0.0271787 0.0321 -0.0125365 0.0274449 0.0322564 -0.0114703 0.0279009 0.0330877 -0.0118876 0.0275507 0.032991 -0.0122931 0.0277136 0.032554 -0.0123488 0.027736 0.032409 -0.0125469 0.0274514 0.0321 -0.0123828 0.0277497 0.0322564 -0.011409 0.0283793 0.0330877 -0.0112527 0.0283727 0.0331 -0.0116194 0.0279331 0.0330511 -0.0117611 0.0279636 0.032991 -0.0121883 0.0280557 0.032554 -0.012247 0.0280683 0.032409 -0.0123942 0.0277543 0.0321 -0.0122829 0.028076 0.0322564 -0.0114295 0.0288612 0.0330877 -0.0112743 0.0288811 0.0331 -0.0118472 0.0297115 0.0330511 -0.0120865 0.0301001 0.0330511 -0.0119766 0.0296462 0.032991 -0.0115614 0.0283858 0.0330511 -0.0117063 0.0283919 0.032991 -0.0121429 0.0284105 0.032554 -0.0122029 0.028413 0.032409 -0.0122949 0.0280786 0.0321 -0.0122395 0.0284146 0.0322564 -0.0115808 0.0288418 0.0330511 -0.0117246 0.0288234 0.032991 -0.0121581 0.0287679 0.032554 -0.0122177 0.0287603 0.032409 -0.0122518 0.0284151 0.0321 -0.012254 0.0287556 0.0322564 -0.0145044 0.0314892 0.0331 -0.0150059 0.0314032 0.0331 -0.0144912 0.0313333 0.0330877 -0.011838 0.0302839 0.0331 -0.0117109 0.0297802 0.0330877 -0.0118156 0.0292455 0.032991 -0.011677 0.029288 0.0330511 -0.0122335 0.0291176 0.032554 -0.0122909 0.0291 0.032409 -0.0122662 0.028754 0.0321 -0.0123259 0.0290892 0.0322564 -0.0119638 0.0301909 0.0330877 -0.0123668 0.0294495 0.032554 -0.0124204 0.0294224 0.032409 -0.0123377 0.0290856 0.0321 -0.0124532 0.0294059 0.0322564 -0.0121742 0.0306659 0.0331 -0.0122824 0.0305529 0.0330877 -0.012203 0.0300139 0.032991 -0.0125544 0.0297541 0.032554 -0.0126027 0.0297184 0.032409 -0.0124641 0.0294004 0.0321 -0.0126321 0.0296966 0.0322564 -0.0126577 0.0308559 0.0330877 -0.0125701 0.0309855 0.0331 -0.0153584 0.0309521 0.0330511 -0.0157569 0.0307295 0.0330511 -0.0152987 0.03082 0.032991 -0.012388 0.0304428 0.0330511 -0.0124883 0.0303381 0.032991 -0.0127907 0.0300226 0.032554 -0.0128323 0.0299792 0.032409 -0.012642 0.0296893 0.0321 -0.0128576 0.0299528 0.0322564 -0.0130143 0.0312337 0.0331 -0.0130787 0.0310911 0.0330877 -0.0127431 0.0307295 0.0330511 -0.0128243 0.0306094 0.032991 -0.013069 0.0302473 0.032554 -0.0131026 0.0301976 0.032409 -0.0128661 0.0299439 0.0321 -0.0131232 0.0301672 0.0322564 -0.0134941 0.0314032 0.0331 -0.0135335 0.0312518 0.0330877 -0.0131416 0.0309521 0.0330511 -0.0132013 0.03082 0.032991 -0.0133813 0.0304218 0.032554 -0.013406 0.0303671 0.032409 -0.0131301 0.030157 0.0321 -0.0134211 0.0303337 0.0322564 -0.0139956 0.0314892 0.0331 -0.0140088 0.0313333 0.0330877 -0.0135719 0.0311042 0.0330511 -0.0136085 0.0309639 0.032991 -0.0137186 0.0305409 0.032554 -0.0137337 0.0304828 0.032409 -0.0137429 0.0304474 0.0322564 -0.0134262 0.0303225 0.0321 -0.0140218 0.0311813 0.0330511 -0.0140341 0.0310368 0.032991 -0.0140711 0.0306014 0.032554 -0.0140762 0.0305416 0.032409 -0.013746 0.0304355 0.0321 -0.0140793 0.0305051 0.0322564 -0.0154213 0.0310911 0.0330877 -0.0154857 0.0312337 0.0331 -0.0159299 0.0309855 0.0331 -0.0149665 0.0312518 0.0330877 -0.0144659 0.0310368 0.032991 -0.0144782 0.0311813 0.0330511 -0.0144289 0.0306014 0.032554 -0.0144238 0.0305416 0.032409 -0.0140804 0.0304928 0.0321 -0.0144207 0.0305051 0.0322564 -0.0163258 0.0306659 0.0331 -0.0158423 0.0308559 0.0330877 -0.0149281 0.0311042 0.0330511 -0.0148915 0.0309639 0.032991 -0.0147814 0.0305409 0.032554 -0.0147663 0.0304828 0.032409 -0.0144196 0.0304928 0.0321 -0.0147571 0.0304474 0.0322564 -0.016662 0.0302839 0.0331 -0.0162176 0.0305529 0.0330877 -0.0151187 0.0304218 0.032554 -0.015094 0.0303671 0.032409 -0.014754 0.0304355 0.0321 -0.0150789 0.0303337 0.0322564 -0.0156757 0.0306094 0.032991 -0.015431 0.0302473 0.032554 -0.0153974 0.0301976 0.032409 -0.0150738 0.0303225 0.0321 -0.0153768 0.0301672 0.0322564 -0.0169288 0.0298506 0.0331 -0.0171185 0.0293785 0.0331 -0.0167891 0.0297802 0.0330877 -0.016112 0.0304428 0.0330511 -0.0160117 0.0303381 0.032991 -0.0157093 0.0300226 0.032554 -0.0156677 0.0299792 0.032409 -0.0153699 0.030157 0.0321 -0.0156424 0.0299528 0.0322564 -0.0165362 0.0301909 0.0330877 -0.0169689 0.0293327 0.0330877 -0.0172257 0.0288811 0.0331 -0.0166528 0.0297115 0.0330511 -0.016823 0.029288 0.0330511 -0.0165234 0.0296462 0.032991 -0.0164135 0.0301001 0.0330511 -0.016297 0.0300139 0.032991 -0.0159456 0.0297541 0.032554 -0.0158973 0.0297184 0.032409 -0.0156339 0.0299439 0.0321 -0.0158679 0.0296966 0.0322564 -0.0172473 0.0283727 0.0331 -0.0171827 0.027868 0.0331 -0.017091 0.0283793 0.0330877 -0.0161332 0.0294495 0.032554 -0.0160796 0.0294224 0.032409 -0.015858 0.0296893 0.0321 -0.0160468 0.0294059 0.0322564 -0.0170705 0.0288612 0.0330877 -0.0166844 0.0292455 0.032991 -0.0162666 0.0291176 0.032554 -0.0162091 0.0291 0.032409 -0.0160359 0.0294004 0.0321 -0.0161741 0.0290892 0.0322564 -0.0170337 0.0273814 0.0331 -0.0170297 0.0279009 0.0330877 -0.0169386 0.0283858 0.0330511 -0.0168806 0.0279331 0.0330511 -0.0167937 0.0283919 0.032991 -0.0169192 0.0288418 0.0330511 -0.0167754 0.0288234 0.032991 -0.0163419 0.0287679 0.032554 -0.0162823 0.0287603 0.032409 -0.0161623 0.0290856 0.0321 -0.016246 0.0287556 0.0322564 -0.016502 0.026518 0.0331 -0.0166714 0.0270091 0.0330877 -0.0168046 0.0269271 0.0331 -0.0163571 0.0284105 0.032554 -0.0162971 0.028413 0.032409 -0.0162338 0.028754 0.0321 -0.0162605 0.0284146 0.0322564 -0.0168885 0.0274398 0.0330877 -0.0166124 0.0275507 0.032991 -0.0163117 0.0280557 0.032554 -0.016253 0.0280683 0.032409 -0.0162482 0.0284151 0.0321 -0.0162171 0.028076 0.0322564 -0.0167469 0.0274966 0.0330511 -0.0161172 0.0277497 0.0322564 -0.0162051 0.0280786 0.0321 -0.0161347 0.0261659 0.0331 -0.0163846 0.0266213 0.0330877 -0.0165415 0.0270891 0.0330511 -0.0161058 0.0277543 0.0321 -0.0159635 0.0274449 0.0322564 -0.01627 0.0267221 0.0330511 -0.0157881 0.0271463 0.032409 -0.0155749 0.0268591 0.032554 -0.0159531 0.0274514 0.0321 -0.0157606 0.0271705 0.0322564 -0.0154264 0.0263941 0.032909 -0.0154917 0.0262773 0.032991 -0.0150982 0.0260994 0.032991 -0.0158495 0.0265191 0.032991 -0.0157654 0.0266232 0.032909 -0.0159405 0.0264063 0.0330511 -0.0156904 0.026716 0.0328071 -0.0156264 0.0267953 0.0326878 -0.0157513 0.0271787 0.0321 -0.0155624 0.0261507 0.0330511 -0.0153682 0.0264983 0.0328071 -0.0153185 0.0265872 0.0326878 -0.0152785 0.0266588 0.032554 -0.0150536 0.0262256 0.032909 -0.0151465 0.0259627 0.0330511 -0.0150139 0.0263381 0.0328071 -0.0149799 0.0264342 0.0326878 -0.0149526 0.0265115 0.032554 -0.0149326 0.0265681 0.032409 -0.0146803 0.0259906 0.032991 -0.0146577 0.0261225 0.032909 -0.0146375 0.0262401 0.0328071 -0.0146203 0.0263405 0.0326878 -0.0146064 0.0264213 0.032554 -0.0145963 0.0264805 0.032409 -0.0179087 -0.0124742 0.0331 -0.0161017 -0.0128674 0.0326 -0.0179154 -0.0124724 0.0326 -0.01425 -0.013 0.0326 -0.0161017 -0.0128674 0.0331 -0.01425 -0.013 0.0331 -0.0212815 -0.0109339 0.0326 -0.0227653 -0.00982249 0.0326 -0.0227616 -0.00982606 0.0331 -0.0212754 -0.010938 0.0331 -0.0196466 -0.0118266 0.0331 -0.0196538 -0.0118234 0.0326 -0.0260734 -0.00540354 0.0331 -0.0251869 -0.00702732 0.0326 -0.0260762 -0.00539793 0.0326 -0.025185 -0.00702989 0.0331 -0.0240744 -0.00851355 0.0331 -0.0240752 -0.00851244 0.0326 -0.0272497 3.45958e-06 0.0326 -0.0272499 -2.48186e-06 0.0331 -0.027118 -0.00184603 0.0326 -0.0267243 -0.0036589 0.0326 -0.027117 -0.00185363 0.0331 -0.026722 -0.00366634 0.0331 -0.0267232 0.00366321 0.0326 -0.0260742 0.00540244 0.0326 -0.0260763 0.00539728 0.0331 -0.0271178 0.00184915 0.0331 -0.0271173 0.00185171 0.0326 -0.0267236 0.00366124 0.0331 -0.0227653 0.00982279 0.0331 -0.0240719 0.00851607 0.0326 -0.0227601 0.00982694 0.0326 -0.0240771 0.00851016 0.0331 -0.0251882 0.00702476 0.0331 -0.0251843 0.00703116 0.0326 -0.0179107 0.0124739 0.0326 -0.0179152 0.0124723 0.0331 -0.0196502 0.0118253 0.0326 -0.0212762 0.0109373 0.0326 -0.0196508 0.011825 0.0331 -0.0212795 0.0109355 0.0331 -0.014246 0.0129997 0.0326 -0.0123961 0.0128668 0.0326 -0.0124031 0.012868 0.0331 -0.0161039 0.0128668 0.0331 -0.0160969 0.012868 0.0326 -0.014254 0.0129997 0.0331 -0.00722375 0.0109373 0.0331 -0.00884921 0.011825 0.0326 -0.00722049 0.0109355 0.0326 -0.00884982 0.0118253 0.0331 -0.0105893 0.0124739 0.0331 -0.0105848 0.0124723 0.0326 -0.00331179 0.00702476 0.0326 -0.00331573 0.00703116 0.0331 -0.00442292 0.00851016 0.0326 -0.00573472 0.00982279 0.0326 -0.00442812 0.00851607 0.0331 -0.00573986 0.00982694 0.0331 -0.00177638 0.00366124 0.0326 -0.0013822 0.00184915 0.0326 -0.00138275 0.00185171 0.0331 -0.00242579 0.00540244 0.0331 -0.00242372 0.00539728 0.0326 -0.0017768 0.00366321 0.0331 -0.00125008 -2.48186e-06 0.0326 -0.00138302 -0.00185363 0.0326 -0.00138205 -0.00184603 0.0331 -0.00125033 3.45958e-06 0.0331 -0.00177802 -0.00366634 0.0326 -0.00177574 -0.0036589 0.0331 -0.00242376 -0.00539793 0.0331 -0.00242659 -0.00540354 0.0326 -0.00331498 -0.00702989 0.0326 -0.00331308 -0.00702732 0.0331 -0.00442557 -0.00851355 0.0326 -0.00442475 -0.00851244 0.0331 -0.00573469 -0.00982249 0.0331 -0.00573841 -0.00982606 0.0326 -0.00722456 -0.010938 0.0326 -0.00721848 -0.0109339 0.0331 -0.00885337 -0.0118266 0.0326 -0.00884616 -0.0118234 0.0331 -0.0105846 -0.0124724 0.0331 -0.0105913 -0.0124742 0.0326 -0.0123983 -0.0128674 0.0326 -0.0123983 -0.0128674 0.0331 -0.00331179 0.00702476 0.0326 -0.0196538 -0.0118234 0.0326 -0.00242372 0.00539728 0.0326 -0.00331498 -0.00702989 0.0326 -0.00722456 -0.010938 0.0326 -0.00573841 -0.00982606 0.0326 -0.00442557 -0.00851355 0.0326 -0.00885337 -0.0118266 0.0326 -0.00242659 -0.00540354 0.0326 -0.00177802 -0.00366634 0.0326 -0.0105913 -0.0124742 0.0326 -0.00138302 -0.00185363 0.0326 -0.0123983 -0.0128674 0.0326 -0.01425 -0.013 0.0326 -0.00125008 -2.48186e-06 0.0326 -0.00177638 0.00366124 0.0326 -0.0179154 -0.0124724 0.0326 -0.0161017 -0.0128674 0.0326 -0.0013822 0.00184915 0.0326 -0.00573472 0.00982279 0.0326 -0.00722049 0.0109355 0.0326 -0.0240752 -0.00851244 0.0326 -0.0227653 -0.00982249 0.0326 -0.0212815 -0.0109339 0.0326 -0.00442292 0.00851016 0.0326 -0.0260762 -0.00539793 0.0326 -0.0251869 -0.00702732 0.0326 -0.00884921 0.011825 0.0326 -0.014246 0.0129997 0.0326 -0.0272497 3.45958e-06 0.0326 -0.027118 -0.00184603 0.0326 -0.0123961 0.0128668 0.0326 -0.0267243 -0.0036589 0.0326 -0.0105848 0.0124723 0.0326 -0.0196502 0.0118253 0.0326 -0.0260742 0.00540244 0.0326 -0.0179107 0.0124739 0.0326 -0.0271173 0.00185171 0.0326 -0.0160969 0.012868 0.0326 -0.0227601 0.00982694 0.0326 -0.0240719 0.00851607 0.0326 -0.0251843 0.00703116 0.0326 -0.0212762 0.0109373 0.0326 -0.0267232 0.00366321 0.0326 -0.0426664 0.0268214 0.005 -0.0424612 0.026768 0 -0.0426664 0.0268214 0 -0.04225 0.02675 0 -0.0424612 0.026768 0.005 -0.04225 0.02675 0.005 -0.0430353 0.0270275 0 -0.0431883 0.0271742 0 -0.0431883 0.0271742 0.005 -0.0430353 0.0270275 0.005 -0.0428596 0.0269087 0.005 -0.0428596 0.0269087 0 -0.0434719 0.0277367 0.005 -0.0434099 0.0275339 0 -0.0434719 0.0277367 0 -0.0434099 0.0275339 0.005 -0.0433144 0.0273446 0.005 -0.0433144 0.0273446 0 -0.0434452 0.028366 0 -0.0434452 0.028366 0.005 -0.0434899 0.0281588 0 -0.0434989 0.0279469 0 -0.0434899 0.0281588 0.005 -0.0434989 0.0279469 0.005 -0.043255 0.0287433 0 -0.0431149 0.0289024 0 -0.0431149 0.0289024 0.005 -0.0433662 0.0285628 0.005 -0.0433662 0.0285628 0 -0.043255 0.0287433 0.005 -0.042565 0.0292097 0.005 -0.0427649 0.029139 0 -0.042565 0.0292097 0 -0.0427649 0.029139 0.005 -0.04295 0.0290356 0.005 -0.04295 0.0290356 0 -0.041935 0.0292097 0 -0.041935 0.0292097 0.005 -0.042144 0.0292455 0 -0.042356 0.0292455 0 -0.042144 0.0292455 0.005 -0.042356 0.0292455 0.005 -0.04155 0.0290356 0 -0.0413851 0.0289024 0 -0.0413851 0.0289024 0.005 -0.0417351 0.029139 0.005 -0.0417351 0.029139 0 -0.04155 0.0290356 0.005 -0.0410548 0.028366 0.005 -0.0411338 0.0285628 0 -0.0410548 0.028366 0 -0.0411338 0.0285628 0.005 -0.041245 0.0287433 0.005 -0.041245 0.0287433 0 -0.0410281 0.0277367 0.005 -0.0410011 0.0279469 0.005 -0.0410011 0.0279469 0 -0.0410101 0.0281588 0 -0.0410101 0.0281588 0.005 -0.0410281 0.0277367 0 -0.0410901 0.0275339 0.005 -0.0410901 0.0275339 0 -0.0411856 0.0273446 0.005 -0.0413117 0.0271742 0.005 -0.0411856 0.0273446 0 -0.0413117 0.0271742 0 -0.0414647 0.0270275 0.005 -0.0414647 0.0270275 0 -0.0416404 0.0269087 0.005 -0.0418336 0.0268214 0.005 -0.0416404 0.0269087 0 -0.0418336 0.0268214 0 -0.0420387 0.026768 0.005 -0.0420387 0.026768 0 0.0273336 0.0188214 0.005 0.0275388 0.018768 0 0.0273336 0.0188214 0 0.02775 0.01875 0 0.0275388 0.018768 0.005 0.02775 0.01875 0.005 0.0269647 0.0190275 0 0.0268117 0.0191742 0 0.0268117 0.0191742 0.005 0.0269647 0.0190275 0.005 0.0271404 0.0189087 0.005 0.0271404 0.0189087 0 0.0265281 0.0197367 0.005 0.0265901 0.0195339 0 0.0265281 0.0197367 0 0.0265901 0.0195339 0.005 0.0266856 0.0193446 0.005 0.0266856 0.0193446 0 0.0265548 0.020366 0 0.0265548 0.020366 0.005 0.0265101 0.0201588 0 0.0265011 0.0199469 0 0.0265101 0.0201588 0.005 0.0265011 0.0199469 0.005 0.026745 0.0207433 0 0.0268851 0.0209024 0 0.0268851 0.0209024 0.005 0.0266338 0.0205628 0.005 0.0266338 0.0205628 0 0.026745 0.0207433 0.005 0.027435 0.0212097 0.005 0.0272351 0.021139 0 0.027435 0.0212097 0 0.0272351 0.021139 0.005 0.02705 0.0210356 0.005 0.02705 0.0210356 0 0.028065 0.0212097 0 0.028065 0.0212097 0.005 0.027856 0.0212455 0 0.027644 0.0212455 0 0.027856 0.0212455 0.005 0.027644 0.0212455 0.005 0.02845 0.0210356 0 0.0286149 0.0209024 0 0.0286149 0.0209024 0.005 0.0282649 0.021139 0.005 0.0282649 0.021139 0 0.02845 0.0210356 0.005 0.0289452 0.020366 0.005 0.0288662 0.0205628 0 0.0289452 0.020366 0 0.0288662 0.0205628 0.005 0.028755 0.0207433 0.005 0.028755 0.0207433 0 0.0289719 0.0197367 0.005 0.0289989 0.0199469 0.005 0.0289989 0.0199469 0 0.0289899 0.0201588 0 0.0289899 0.0201588 0.005 0.0289719 0.0197367 0 0.0289099 0.0195339 0.005 0.0289099 0.0195339 0 0.0288144 0.0193446 0.005 0.0286883 0.0191742 0.005 0.0288144 0.0193446 0 0.0286883 0.0191742 0 0.0285353 0.0190275 0.005 0.0285353 0.0190275 0 0.0283596 0.0189087 0.005 0.0281664 0.0188214 0.005 0.0283596 0.0189087 0 0.0281664 0.0188214 0 0.0279613 0.018768 0.005 0.0279613 0.018768 0 0.0265043 -0.0198968 0.005 0.0265043 -0.0201032 0.005 0.0265043 -0.0201032 0 0.02775 -0.01875 0 0.0279557 -0.018767 0.005 0.02775 -0.01875 0.005 0.0265382 -0.0203069 0.005 0.0265382 -0.0203069 0 0.0266053 -0.0205021 0 0.0266053 -0.0205021 0.005 0.0267035 -0.0206837 0.005 0.0267035 -0.0206837 0 0.0268303 -0.0208466 0.005 0.0268303 -0.0208466 0 0.0269822 -0.0209864 0 0.0269822 -0.0209864 0.005 0.0271551 -0.0210993 0.005 0.0271551 -0.0210993 0 0.0273441 -0.0211823 0.005 0.0273441 -0.0211823 0 0.0275443 -0.021233 0 0.0275443 -0.021233 0.005 0.02775 -0.02125 0 0.02775 -0.02125 0.005 0.0265043 -0.0198968 0 0.0265382 -0.0196931 0.005 0.0265382 -0.0196931 0 0.0266053 -0.0194979 0 0.0266053 -0.0194979 0.005 0.0267035 -0.0193163 0 0.0267035 -0.0193163 0.005 0.0268303 -0.0191534 0.005 0.0268303 -0.0191534 0 0.0269822 -0.0190136 0 0.0269822 -0.0190136 0.005 0.0271551 -0.0189007 0 0.0271551 -0.0189007 0.005 0.0273441 -0.0188177 0.005 0.0273441 -0.0188177 0 0.0275443 -0.018767 0 0.0275443 -0.018767 0.005 0.0281559 -0.0188177 0 0.0281559 -0.0188177 0.005 0.0279557 -0.018767 0 0.0286697 -0.0191534 0 0.0286697 -0.0191534 0.005 0.0285178 -0.0190136 0 0.0283449 -0.0189007 0 0.0285178 -0.0190136 0.005 0.0283449 -0.0189007 0.005 0.0288947 -0.0194979 0 0.0289617 -0.0196931 0 0.0289617 -0.0196931 0.005 0.0287965 -0.0193163 0.005 0.0287965 -0.0193163 0 0.0288947 -0.0194979 0.005 0.0289617 -0.0203069 0.005 0.0289957 -0.0201032 0 0.0289617 -0.0203069 0 0.0289957 -0.0201032 0.005 0.0289957 -0.0198968 0.005 0.0289957 -0.0198968 0 0.0286697 -0.0208466 0 0.0286697 -0.0208466 0.005 0.0287965 -0.0206837 0 0.0288947 -0.0205021 0 0.0287965 -0.0206837 0.005 0.0288947 -0.0205021 0.005 0.0283449 -0.0210993 0.005 0.0285178 -0.0209864 0.005 0.0285178 -0.0209864 0 0.0283449 -0.0210993 0 0.0281559 -0.0211823 0.005 0.0281559 -0.0211823 0 0.0279557 -0.021233 0.005 0.0279557 -0.021233 0 -0.0434957 -0.0278968 0.005 -0.0434957 -0.0281032 0.005 -0.0434957 -0.0281032 0 -0.04225 -0.02675 0 -0.0420443 -0.026767 0.005 -0.04225 -0.02675 0.005 -0.0434618 -0.0283069 0.005 -0.0434618 -0.0283069 0 -0.0433947 -0.0285021 0 -0.0433947 -0.0285021 0.005 -0.0432965 -0.0286837 0.005 -0.0432965 -0.0286837 0 -0.0431697 -0.0288466 0.005 -0.0431697 -0.0288466 0 -0.0430178 -0.0289864 0 -0.0430178 -0.0289864 0.005 -0.0428449 -0.0290993 0.005 -0.0428449 -0.0290993 0 -0.0426559 -0.0291823 0.005 -0.0426559 -0.0291823 0 -0.0424557 -0.029233 0 -0.0424557 -0.029233 0.005 -0.04225 -0.02925 0 -0.04225 -0.02925 0.005 -0.0434957 -0.0278968 0 -0.0434618 -0.0276931 0.005 -0.0434618 -0.0276931 0 -0.0433947 -0.0274979 0 -0.0433947 -0.0274979 0.005 -0.0432965 -0.0273163 0 -0.0432965 -0.0273163 0.005 -0.0431697 -0.0271534 0.005 -0.0431697 -0.0271534 0 -0.0430178 -0.0270136 0 -0.0430178 -0.0270136 0.005 -0.0428449 -0.0269007 0 -0.0428449 -0.0269007 0.005 -0.0426559 -0.0268177 0.005 -0.0426559 -0.0268177 0 -0.0424557 -0.026767 0 -0.0424557 -0.026767 0.005 -0.0418441 -0.0268177 0 -0.0418441 -0.0268177 0.005 -0.0420443 -0.026767 0 -0.0413303 -0.0271534 0 -0.0413303 -0.0271534 0.005 -0.0414822 -0.0270136 0 -0.0416551 -0.0269007 0 -0.0414822 -0.0270136 0.005 -0.0416551 -0.0269007 0.005 -0.0411053 -0.0274979 0 -0.0410382 -0.0276931 0 -0.0410382 -0.0276931 0.005 -0.0412035 -0.0273163 0.005 -0.0412035 -0.0273163 0 -0.0411053 -0.0274979 0.005 -0.0410382 -0.0283069 0.005 -0.0410043 -0.0281032 0 -0.0410382 -0.0283069 0 -0.0410043 -0.0281032 0.005 -0.0410043 -0.0278968 0.005 -0.0410043 -0.0278968 0 -0.0413303 -0.0288466 0 -0.0413303 -0.0288466 0.005 -0.0412035 -0.0286837 0 -0.0411053 -0.0285021 0 -0.0412035 -0.0286837 0.005 -0.0411053 -0.0285021 0.005 -0.0416551 -0.0290993 0.005 -0.0414822 -0.0289864 0.005 -0.0414822 -0.0289864 0 -0.0416551 -0.0290993 0 -0.0418441 -0.0291823 0.005 -0.0418441 -0.0291823 0 -0.0420443 -0.029233 0.005 -0.0420443 -0.029233 0 0.0367779 0.00710226 0.011 0.0350707 0.00398641 0.011 0.0378715 0.00609553 0.011 0.0399746 -0.00220937 0.011 0.0366477 -0.0011633 0.011 0.0363735 -0.00205879 0.011 0.0402193 -0.000743214 0.011 0.0402193 0.000743214 0.011 0.0367667 -0.000234347 0.011 0.0387845 -0.00492253 0.011 0.039492 -0.00361526 0.011 0.0359519 -0.00289506 0.011 0.0399746 0.00220937 0.011 0.036727 0.000701351 0.011 0.035395 -0.00364803 0.011 0.0347188 -0.00429606 0.011 0.0378715 -0.00609553 0.011 0.039492 0.00361526 0.011 0.0365296 0.00161687 0.011 0.0355335 -0.00791526 0.011 0.0367779 -0.00710226 0.011 0.0339429 -0.0048205 0.011 0.0387845 0.00492253 0.011 0.0361805 0.00248588 0.011 0.0330895 -0.00520627 0.011 0.0321832 -0.00544225 0.011 0.0341723 -0.00851235 0.011 0.0356894 0.00328337 0.011 0.0303168 -0.00544225 0.011 0.0283277 -0.00851235 0.011 0.0297686 -0.00887725 0.011 0.0355335 0.00791526 0.011 0.034342 0.00457476 0.011 0.03125 0.009 0.011 0.0297686 0.00887725 0.011 0.0307817 0.00550179 0.011 0.0269665 0.00791526 0.011 0.0257221 0.00710226 0.011 0.028158 0.00457476 0.011 0.0294105 -0.00520627 0.011 0.0285571 -0.0048205 0.011 0.0269665 -0.00791526 0.011 0.023008 0.00361526 0.011 0.0263196 0.00248588 0.011 0.0237155 0.00492253 0.011 0.0246285 -0.00609553 0.011 0.027105 -0.00364803 0.011 0.0237155 -0.00492253 0.011 0.0257333 -0.000234347 0.011 0.0222807 0.000743214 0.011 0.0222807 -0.000743214 0.011 0.0258523 -0.0011633 0.011 0.0225254 -0.00220937 0.011 0.0225254 0.00220937 0.011 0.0259704 0.00161687 0.011 0.025773 0.000701351 0.011 0.0261265 -0.00205879 0.011 0.023008 -0.00361526 0.011 0.0268106 0.00328337 0.011 0.0246285 0.00609553 0.011 0.0265481 -0.00289506 0.011 0.0277812 -0.00429606 0.011 0.0257221 -0.00710226 0.011 0.0274293 0.00398641 0.011 0.0289756 0.00503151 0.011 0.0283277 0.00851235 0.011 0.0298587 0.00534351 0.011 0.0327314 0.00887725 0.011 0.0317183 0.00550179 0.011 0.0341723 0.00851235 0.011 0.0335244 0.00503151 0.011 0.0326413 0.00534351 0.011 0.03125 -0.009 0.011 0.0327314 -0.00887725 0.011 0.03125 -0.00552168 0.011 0.0294105 -0.00520627 0.011 0.0303168 -0.00544225 0.01 0.0294105 -0.00520627 0.01 0.03125 -0.00552168 0.01 0.0303168 -0.00544225 0.011 0.03125 -0.00552168 0.011 0.0277812 -0.00429606 0.01 0.027105 -0.00364803 0.01 0.027105 -0.00364803 0.011 0.0277812 -0.00429606 0.011 0.0285571 -0.0048205 0.011 0.0285571 -0.0048205 0.01 0.0258523 -0.0011633 0.011 0.0261265 -0.00205879 0.01 0.0258523 -0.0011633 0.01 0.0261265 -0.00205879 0.011 0.0265481 -0.00289506 0.011 0.0265481 -0.00289506 0.01 0.0259704 0.00161687 0.01 0.0259704 0.00161687 0.011 0.025773 0.000701351 0.01 0.0257333 -0.000234347 0.01 0.025773 0.000701351 0.011 0.0257333 -0.000234347 0.011 0.0268106 0.00328337 0.01 0.0274293 0.00398641 0.01 0.0274293 0.00398641 0.011 0.0263196 0.00248588 0.011 0.0263196 0.00248588 0.01 0.0268106 0.00328337 0.011 0.0298587 0.00534351 0.011 0.0289756 0.00503151 0.01 0.0298587 0.00534351 0.01 0.0289756 0.00503151 0.011 0.028158 0.00457476 0.011 0.028158 0.00457476 0.01 0.0326413 0.00534351 0.01 0.0326413 0.00534351 0.011 0.0317183 0.00550179 0.01 0.0307817 0.00550179 0.01 0.0317183 0.00550179 0.011 0.0307817 0.00550179 0.011 0.034342 0.00457476 0.01 0.0350707 0.00398641 0.01 0.0350707 0.00398641 0.011 0.0335244 0.00503151 0.011 0.0335244 0.00503151 0.01 0.034342 0.00457476 0.011 0.0365296 0.00161687 0.011 0.0361805 0.00248588 0.01 0.0365296 0.00161687 0.01 0.0361805 0.00248588 0.011 0.0356894 0.00328337 0.011 0.0356894 0.00328337 0.01 0.0366477 -0.0011633 0.011 0.0367667 -0.000234347 0.011 0.0367667 -0.000234347 0.01 0.036727 0.000701351 0.01 0.036727 0.000701351 0.011 0.0366477 -0.0011633 0.01 0.0363735 -0.00205879 0.011 0.0363735 -0.00205879 0.01 0.0359519 -0.00289506 0.011 0.035395 -0.00364803 0.011 0.0359519 -0.00289506 0.01 0.035395 -0.00364803 0.01 0.0347188 -0.00429606 0.011 0.0347188 -0.00429606 0.01 0.0339429 -0.0048205 0.011 0.0330895 -0.00520627 0.011 0.0339429 -0.0048205 0.01 0.0330895 -0.00520627 0.01 0.0321832 -0.00544225 0.011 0.0321832 -0.00544225 0.01 0.0335244 0.00503151 0.01 0.0326413 0.00534351 0.01 0.0320062 0.00290426 0.01 0.0338055 -0.0015735 0.01 0.0363735 -0.00205879 0.01 0.0340347 -0.00111898 0.01 0.0366477 -0.0011633 0.01 0.0341837 -0.000632269 0.01 0.0335028 -0.00198275 0.01 0.035395 -0.00364803 0.01 0.0359519 -0.00289506 0.01 0.0342484 -0.00012737 0.01 0.0367667 -0.000234347 0.01 0.036727 0.000701351 0.01 0.0339429 -0.0048205 0.01 0.0347188 -0.00429606 0.01 0.0331354 -0.00233496 0.01 0.0365296 0.00161687 0.01 0.0341196 0.00087879 0.01 0.0342268 0.000381193 0.01 0.0327136 -0.00262 0.01 0.0322498 -0.00282967 0.01 0.0330895 -0.00520627 0.01 0.0361805 0.00248588 0.01 0.0339298 0.00135111 0.01 0.03125 -0.00552168 0.01 0.03125 -0.0030011 0.01 0.0303168 -0.00544225 0.01 0.0356894 0.00328337 0.01 0.0336629 0.00178455 0.01 0.0307817 0.00550179 0.01 0.0298587 0.00534351 0.01 0.0304938 0.00290426 0.01 0.0285571 -0.0048205 0.01 0.0294105 -0.00520627 0.01 0.0302502 -0.00282967 0.01 0.027105 -0.00364803 0.01 0.0277812 -0.00429606 0.01 0.0293647 -0.00233496 0.01 0.0261265 -0.00205879 0.01 0.0284653 -0.00111898 0.01 0.0283163 -0.000632269 0.01 0.0274293 0.00398641 0.01 0.0291734 0.00216666 0.01 0.028158 0.00457476 0.01 0.025773 0.000701351 0.01 0.0282732 0.000381193 0.01 0.0283805 0.00087879 0.01 0.0285702 0.00135111 0.01 0.0259704 0.00161687 0.01 0.0282516 -0.00012737 0.01 0.0258523 -0.0011633 0.01 0.0257333 -0.000234347 0.01 0.0268106 0.00328337 0.01 0.0288371 0.00178455 0.01 0.0263196 0.00248588 0.01 0.0286945 -0.0015735 0.01 0.0265481 -0.00289506 0.01 0.0295695 0.00248644 0.01 0.0289756 0.00503151 0.01 0.0289972 -0.00198275 0.01 0.0300138 0.00273469 0.01 0.0309955 0.00299029 0.01 0.0317183 0.00550179 0.01 0.0297864 -0.00262 0.01 0.0307428 -0.00295793 0.01 0.0315045 0.00299029 0.01 0.0350707 0.00398641 0.01 0.034342 0.00457476 0.01 0.0329305 0.00248644 0.01 0.0324862 0.00273469 0.01 0.0321832 -0.00544225 0.01 0.0317572 -0.00295793 0.01 0.0333266 0.00216666 0.01 0.0315045 0.00299029 0.011 0.0309955 0.00299029 0.01 0.0309955 0.00299029 0.011 0.0304938 0.00290426 0.011 0.0304938 0.00290426 0.01 0.0300138 0.00273469 0.01 0.0300138 0.00273469 0.011 0.0295695 0.00248644 0.01 0.0295695 0.00248644 0.011 0.0291734 0.00216666 0.011 0.0291734 0.00216666 0.01 0.0288371 0.00178455 0.01 0.0288371 0.00178455 0.011 0.0285702 0.00135111 0.01 0.0285702 0.00135111 0.011 0.0283805 0.00087879 0.011 0.0283805 0.00087879 0.01 0.0282732 0.000381193 0.01 0.0282732 0.000381193 0.011 0.0282516 -0.00012737 0.01 0.0282516 -0.00012737 0.011 0.0283163 -0.000632269 0.011 0.0283163 -0.000632269 0.01 0.0284653 -0.00111898 0.01 0.0284653 -0.00111898 0.011 0.0286945 -0.0015735 0.01 0.0286945 -0.0015735 0.011 0.0289972 -0.00198275 0.011 0.0289972 -0.00198275 0.01 0.0293647 -0.00233496 0.01 0.0293647 -0.00233496 0.011 0.0297864 -0.00262 0.01 0.0297864 -0.00262 0.011 0.0302502 -0.00282967 0.011 0.0302502 -0.00282967 0.01 0.0307428 -0.00295793 0.01 0.0307428 -0.00295793 0.011 0.03125 -0.0030011 0.01 0.03125 -0.0030011 0.011 0.0315045 0.00299029 0.01 0.0320062 0.00290426 0.011 0.0320062 0.00290426 0.01 0.0324862 0.00273469 0.011 0.0324862 0.00273469 0.01 0.0329305 0.00248644 0.01 0.0329305 0.00248644 0.011 0.0333266 0.00216666 0.011 0.0333266 0.00216666 0.01 0.0336629 0.00178455 0.011 0.0336629 0.00178455 0.01 0.0339298 0.00135111 0.01 0.0339298 0.00135111 0.011 0.0341196 0.00087879 0.011 0.0341196 0.00087879 0.01 0.0342268 0.000381193 0.011 0.0342268 0.000381193 0.01 0.0342484 -0.00012737 0.01 0.0342484 -0.00012737 0.011 0.0341837 -0.000632269 0.011 0.0341837 -0.000632269 0.01 0.0340347 -0.00111898 0.011 0.0340347 -0.00111898 0.01 0.0338055 -0.0015735 0.01 0.0338055 -0.0015735 0.011 0.0335028 -0.00198275 0.011 0.0335028 -0.00198275 0.01 0.0331354 -0.00233496 0.011 0.0331354 -0.00233496 0.01 0.0327136 -0.00262 0.01 0.0327136 -0.00262 0.011 0.0322498 -0.00282967 0.011 0.0322498 -0.00282967 0.01 0.0317572 -0.00295793 0.011 0.0317572 -0.00295793 0.01 0.0317272 0.000352919 0.012 0.0309606 -0.00051814 0.012 0.03178 0.000267199 0.012 0.0316229 -0.000461769 0.012 0.0317554 -0.00031118 0.012 0.0315395 -0.00051814 0.012 0.0316955 -0.000392115 0.012 0.0314477 -0.000559604 0.012 0.0318007 -0.000221293 0.012 0.0318302 -0.00012504 0.012 0.0313503 -0.000584969 0.012 0.031843 -2.51891e-05 0.012 0.03125 -0.000593506 0.012 0.0318175 0.000173792 0.012 0.0310523 -0.000559604 0.012 0.0311497 -0.000584969 0.012 0.0318387 7.53859e-05 0.012 0.0315823 0.000491726 0.012 0.0314945 0.00054082 0.012 0.0307446 -0.00031118 0.012 0.0308045 -0.000392115 0.012 0.0308771 -0.000461769 0.012 0.0316607 0.000428486 0.012 0.0313996 0.000574356 0.012 0.0306698 -0.00012504 0.012 0.0306993 -0.000221293 0.012 0.0311004 0.000574356 0.012 0.0306825 0.000173792 0.012 0.0306613 7.53859e-05 0.012 0.0311997 0.000591368 0.012 0.030657 -2.51891e-05 0.012 0.0313003 0.000591368 0.012 0.0309177 0.000491726 0.012 0.0308393 0.000428486 0.012 0.0307728 0.000352919 0.012 0.03072 0.000267199 0.012 0.0310055 0.00054082 0.012 0.0313343 0.000989927 0.0116 0.0313343 0.000989927 0.011 0.0311657 0.000989927 0.011 0.0315003 0.000961449 0.0116 0.0315003 0.000961449 0.011 0.0316592 0.000905311 0.011 0.0316592 0.000905311 0.0116 0.0318063 0.00082313 0.0116 0.0318063 0.00082313 0.011 0.0319374 0.000717268 0.0116 0.0319374 0.000717268 0.011 0.0320488 0.000590772 0.011 0.0320488 0.000590772 0.0116 0.0321371 0.00044728 0.0116 0.0321371 0.00044728 0.011 0.0322 0.000290921 0.0116 0.0322 0.000290921 0.011 0.0322355 0.000126193 0.011 0.0322355 0.000126193 0.0116 0.0322426 -4.21656e-05 0.0116 0.0322426 -4.21656e-05 0.011 0.0322212 -0.000209311 0.0116 0.0322212 -0.000209311 0.011 0.0321719 -0.000370435 0.011 0.0321719 -0.000370435 0.0116 0.032096 -0.000520903 0.0116 0.032096 -0.000520903 0.011 0.0319958 -0.000656385 0.0116 0.0319958 -0.000656385 0.011 0.0318741 -0.000772984 0.011 0.0318741 -0.000772984 0.0116 0.0317345 -0.000867345 0.0116 0.0317345 -0.000867345 0.011 0.031581 -0.000936755 0.0116 0.031581 -0.000936755 0.011 0.0314179 -0.000979216 0.011 0.0314179 -0.000979216 0.0116 0.03125 -0.000993507 0.0116 0.03125 -0.000993507 0.011 0.0311657 0.000989927 0.0116 0.0309997 0.000961449 0.011 0.0309997 0.000961449 0.0116 0.0308408 0.000905311 0.011 0.0308408 0.000905311 0.0116 0.0306937 0.00082313 0.0116 0.0306937 0.00082313 0.011 0.0305626 0.000717268 0.011 0.0305626 0.000717268 0.0116 0.0304512 0.000590772 0.011 0.0304512 0.000590772 0.0116 0.0303629 0.00044728 0.0116 0.0303629 0.00044728 0.011 0.0303 0.000290921 0.011 0.0303 0.000290921 0.0116 0.0302645 0.000126193 0.011 0.0302645 0.000126193 0.0116 0.0302574 -4.21656e-05 0.0116 0.0302574 -4.21656e-05 0.011 0.0302788 -0.000209311 0.011 0.0302788 -0.000209311 0.0116 0.0303281 -0.000370435 0.011 0.0303281 -0.000370435 0.0116 0.030404 -0.000520903 0.0116 0.030404 -0.000520903 0.011 0.0305042 -0.000656385 0.011 0.0305042 -0.000656385 0.0116 0.0306259 -0.000772984 0.011 0.0306259 -0.000772984 0.0116 0.0307655 -0.000867345 0.0116 0.0307655 -0.000867345 0.011 0.030919 -0.000936755 0.011 0.030919 -0.000936755 0.0116 0.0310821 -0.000979216 0.011 0.0310821 -0.000979216 0.0116 0.0313343 0.000989927 0.011 0.0315003 0.000961449 0.011 0.0320062 0.00290426 0.011 0.032096 -0.000520903 0.011 0.0340347 -0.00111898 0.011 0.0321719 -0.000370435 0.011 0.0341837 -0.000632269 0.011 0.0322212 -0.000209311 0.011 0.0319958 -0.000656385 0.011 0.0335028 -0.00198275 0.011 0.0338055 -0.0015735 0.011 0.0322426 -4.21656e-05 0.011 0.0342484 -0.00012737 0.011 0.0342268 0.000381193 0.011 0.0327136 -0.00262 0.011 0.0331354 -0.00233496 0.011 0.0318741 -0.000772984 0.011 0.0322 0.000290921 0.011 0.0322355 0.000126193 0.011 0.0341196 0.00087879 0.011 0.0317345 -0.000867345 0.011 0.031581 -0.000936755 0.011 0.0322498 -0.00282967 0.011 0.0339298 0.00135111 0.011 0.0336629 0.00178455 0.011 0.0321371 0.00044728 0.011 0.03125 -0.0030011 0.011 0.03125 -0.000993507 0.011 0.0307428 -0.00295793 0.011 0.0333266 0.00216666 0.011 0.0320488 0.000590772 0.011 0.0309997 0.000961449 0.011 0.0304938 0.00290426 0.011 0.0308408 0.000905311 0.011 0.0297864 -0.00262 0.011 0.0302502 -0.00282967 0.011 0.030919 -0.000936755 0.011 0.0284653 -0.00111898 0.011 0.0286945 -0.0015735 0.011 0.0303281 -0.000370435 0.011 0.0288371 0.00178455 0.011 0.0305626 0.000717268 0.011 0.0291734 0.00216666 0.011 0.0282732 0.000381193 0.011 0.0282516 -0.00012737 0.011 0.0302645 0.000126193 0.011 0.0303 0.000290921 0.011 0.0283805 0.00087879 0.011 0.0302788 -0.000209311 0.011 0.0283163 -0.000632269 0.011 0.0302574 -4.21656e-05 0.011 0.0304512 0.000590772 0.011 0.0285702 0.00135111 0.011 0.0303629 0.00044728 0.011 0.0289972 -0.00198275 0.011 0.030404 -0.000520903 0.011 0.0295695 0.00248644 0.011 0.0306937 0.00082313 0.011 0.0305042 -0.000656385 0.011 0.0306259 -0.000772984 0.011 0.0307655 -0.000867345 0.011 0.0293647 -0.00233496 0.011 0.0300138 0.00273469 0.011 0.0309955 0.00299029 0.011 0.0311657 0.000989927 0.011 0.0310821 -0.000979216 0.011 0.0315045 0.00299029 0.011 0.0318063 0.00082313 0.011 0.0329305 0.00248644 0.011 0.0316592 0.000905311 0.011 0.0317572 -0.00295793 0.011 0.0314179 -0.000979216 0.011 0.0319374 0.000717268 0.011 0.0324862 0.00273469 0.011 0.0310412 0.000801884 0.0119236 0.030889 0.000798554 0.0118828 0.0309087 0.000755063 0.0119236 0.031526 -0.000781288 0.0119236 0.0316774 -0.000765065 0.0118828 0.0316541 -0.000723397 0.0119236 0.0307593 0.000726064 0.0118828 0.030786 0.00068652 0.0119236 0.0311757 0.000873192 0.0118828 0.0310189 0.000887521 0.0118351 0.0310292 0.000848072 0.0118828 0.0307364 0.000759837 0.0118351 0.0308722 0.0008357 0.0118351 0.0306154 0.000662116 0.0118351 0.0306436 0.000632686 0.0118828 0.0305838 0.000492725 0.0119236 0.0306766 0.000598228 0.0119236 0.0305454 0.000521106 0.0118828 0.0305126 0.000545346 0.0118351 0.0304675 0.000394536 0.0118828 0.0305101 0.000373048 0.0119236 0.0304311 0.000412888 0.0118351 0.0304121 0.000256615 0.0118828 0.0304577 0.000242639 0.0119236 0.0310314 -0.000618603 0.0119951 0.0310523 -0.000559604 0.012 0.0309606 -0.00051814 0.012 0.0304281 0.00010525 0.0119236 0.0303807 0.000111312 0.0118828 0.0303403 0.00011649 0.0118351 0.0303744 -3.71933e-05 0.0118828 0.0304221 -3.51677e-05 0.0119236 0.0303337 -3.89234e-05 0.0118351 0.0303535 -0.000193217 0.0118351 0.0303933 -0.000184629 0.0118828 0.03044 -0.000174573 0.0119236 0.03125 -0.00065608 0.0119951 0.03125 -0.000593506 0.012 0.0311497 -0.000584969 0.012 0.0304811 -0.000308957 0.0119236 0.0304368 -0.000326752 0.0118828 0.0311391 -0.000646643 0.0119951 0.0303731 0.000268552 0.0118351 0.03059 -0.000406392 0.0119564 0.0305846 -0.00026738 0.0119804 0.0305308 -0.000289002 0.0119564 0.0308771 -0.000461769 0.012 0.03093 -0.000572767 0.0119951 0.0308378 -0.000510454 0.0119951 0.0307995 -0.00055794 0.0119804 0.0309003 -0.00062605 0.0119804 0.0306682 -0.000512091 0.0119564 0.0306394 -0.000375988 0.0119804 0.030628 -0.000547449 0.0119236 0.0305444 -0.000434452 0.0119236 0.0305921 -0.000578982 0.0118828 0.0305038 -0.000459476 0.0118828 0.0305615 -0.000605914 0.0118351 0.0303214 -0.000200126 0.0117816 0.030629 -0.000769152 0.0116626 0.0307655 -0.000867345 0.0116 0.0307679 -0.000863046 0.0116626 0.0305369 -0.000627581 0.0117816 0.0304691 -0.000480849 0.0118351 0.0304411 -0.000498044 0.0117816 0.030399 -0.000341952 0.0118351 0.03125 -0.000988582 0.0116626 0.03125 -0.000973929 0.0117236 0.0310854 -0.00095992 0.0117236 0.030919 -0.000936755 0.0116 0.0309207 -0.000932112 0.0116626 0.03125 -0.000993507 0.0116 0.0310829 -0.000974362 0.0116626 0.0310821 -0.000979216 0.0116 0.0313243 0.000873192 0.0118828 0.0311722 0.000913809 0.0118351 0.0314708 0.000848072 0.0118828 0.0313278 0.000913809 0.0118351 0.0311797 0.000825636 0.0119236 0.031611 0.000798554 0.0118828 0.0314811 0.000887521 0.0118351 0.0313203 0.000825636 0.0119236 0.0316278 0.0008357 0.0118351 0.0317407 0.000726064 0.0118828 0.0314588 0.000801884 0.0119236 0.0318564 0.000632686 0.0118828 0.0317636 0.000759837 0.0118351 0.0315913 0.000755063 0.0119236 0.031714 0.00068652 0.0119236 0.0318234 0.000598228 0.0119236 0.0319546 0.000521106 0.0118828 0.0318846 0.000662116 0.0118351 0.0319162 0.000492725 0.0119236 0.0319874 0.000545346 0.0118351 0.0320325 0.000394536 0.0118828 0.0319899 0.000373048 0.0119236 0.0320879 0.000256615 0.0118828 0.0320689 0.000412888 0.0118351 0.0320423 0.000242639 0.0119236 0.0321193 0.000111312 0.0118828 0.0321269 0.000268552 0.0118351 0.0320719 0.00010525 0.0119236 0.0321597 0.00011649 0.0118351 0.0321256 -3.71933e-05 0.0118828 0.0320779 -3.51677e-05 0.0119236 0.0321067 -0.000184629 0.0118828 0.0321663 -3.89234e-05 0.0118351 0.03206 -0.000174573 0.0119236 0.0320632 -0.000326752 0.0118828 0.0321465 -0.000193217 0.0118351 0.0320189 -0.000308957 0.0119236 0.032101 -0.000341952 0.0118351 0.0319962 -0.000459476 0.0118828 0.0319556 -0.000434452 0.0119236 0.0319078 -0.000578982 0.0118828 0.0320309 -0.000480849 0.0118351 0.031872 -0.000547449 0.0119236 0.0318005 -0.000681831 0.0118828 0.0319385 -0.000605914 0.0118351 0.0317706 -0.000644696 0.0119236 0.0318261 -0.000713547 0.0118351 0.0315419 -0.00082629 0.0118828 0.0316973 -0.000800653 0.0118351 0.03125 -0.000876349 0.0118828 0.031405 -0.000903921 0.0118351 0.0313981 -0.000863744 0.0118828 0.0315555 -0.000864725 0.0118351 0.03125 -0.000717113 0.0119804 0.03125 -0.000775103 0.0119564 0.031381 -0.000763954 0.0119564 0.03139 -0.000816702 0.0119236 0.03125 -0.000828621 0.0119236 0.0313712 -0.000706798 0.0119804 0.0313609 -0.000646643 0.0119951 0.03125 -0.000917113 0.0118351 0.03125 -0.000949909 0.0117816 0.0314146 -0.00095992 0.0117236 0.0314105 -0.000936246 0.0117816 0.0314171 -0.000974362 0.0116626 0.0314179 -0.000979216 0.0116 0.031581 -0.000936755 0.0116 0.0315793 -0.000932112 0.0116626 0.0317345 -0.000867345 0.0116 0.0319958 -0.000656385 0.0116 0.031871 -0.000769152 0.0116626 0.0318741 -0.000772984 0.0116 0.0315665 -0.000895648 0.0117816 0.0315745 -0.000918296 0.0117236 0.031725 -0.000850254 0.0117236 0.0315082 -0.000730827 0.0119564 0.0314889 -0.00067615 0.0119804 0.0313503 -0.000584969 0.012 0.0314686 -0.000618603 0.0119951 0.0317321 -0.000863046 0.0116626 0.0317133 -0.000829284 0.0117816 0.031628 -0.000676676 0.0119564 0.0315997 -0.00062605 0.0119804 0.0314477 -0.000559604 0.012 0.03157 -0.000572767 0.0119951 0.0319921 -0.000653131 0.0116626 0.0318618 -0.000757752 0.0117236 0.0318468 -0.000739063 0.0117816 0.0317369 -0.000603058 0.0119564 0.0317005 -0.00055794 0.0119804 0.0315395 -0.00051814 0.012 0.0316622 -0.000510454 0.0119951 0.032096 -0.000520903 0.0116 0.0321719 -0.000370435 0.0116 0.0322212 -0.000209311 0.0116 0.0321673 -0.000368599 0.0116626 0.0320589 -0.000498044 0.0117816 0.0320793 -0.000510638 0.0117236 0.0321537 -0.000363136 0.0117236 0.0319811 -0.00064345 0.0117236 0.0319631 -0.000627581 0.0117816 0.0318318 -0.000512091 0.0119564 0.0317883 -0.000473779 0.0119804 0.0316229 -0.000461769 0.012 0.0317425 -0.000433456 0.0119951 0.0320918 -0.000518321 0.0116626 0.0322 0.000290921 0.0116 0.0321371 0.00044728 0.0116 0.0321952 0.000289479 0.0116626 0.03191 -0.000406392 0.0119564 0.0318606 -0.000375988 0.0119804 0.0316955 -0.000392115 0.012 0.0318087 -0.000343988 0.0119951 0.0322164 -0.000208274 0.0116626 0.0321314 -0.00035418 0.0117816 0.0319692 -0.000289002 0.0119564 0.0319154 -0.00026738 0.0119804 0.0317554 -0.00031118 0.012 0.0318588 -0.000244624 0.0119951 0.0322377 -4.19566e-05 0.0116626 0.0322426 -4.21656e-05 0.0116 0.0322021 -0.000205187 0.0117236 0.0321786 -0.000200126 0.0117816 0.0320077 -0.000163298 0.0119564 0.031951 -0.000151081 0.0119804 0.0318007 -0.000221293 0.012 0.0318914 -0.000138223 0.0119951 0.0322306 0.000125568 0.0116626 0.0322355 0.000126193 0.0116 0.0321196 0.000438467 0.0117236 0.032033 0.000579131 0.0117236 0.0320982 0.000427653 0.0117816 0.0322231 -4.13347e-05 0.0117236 0.0321991 -4.03153e-05 0.0117816 0.0320244 -3.28963e-05 0.0119564 0.0319665 -3.04352e-05 0.0119804 0.0318302 -0.00012504 0.012 0.0319055 -2.78448e-05 0.0119951 0.032216 0.000123706 0.0117236 0.0321922 0.000120655 0.0117816 0.0320188 9.84519e-05 0.0119564 0.0319613 9.10862e-05 0.0119804 0.031843 -2.51891e-05 0.012 0.0319008 8.33339e-05 0.0119951 0.0311657 0.000989927 0.0116 0.0309997 0.000961449 0.0116 0.0311662 0.000985021 0.0116626 0.0320488 0.000590772 0.0116 0.0321327 0.000445063 0.0116626 0.0321583 0.000278155 0.0117816 0.0321812 0.000285189 0.0117236 0.0319911 0.000226968 0.0119564 0.0319357 0.000209987 0.0119804 0.0318387 7.53859e-05 0.012 0.0318773 0.000192115 0.0119951 0.0320448 0.000587844 0.0116626 0.0319421 0.000348954 0.0119564 0.0318903 0.000322847 0.0119804 0.0318175 0.000173792 0.012 0.0318358 0.00029537 0.0119951 0.0319374 0.000717268 0.0116 0.031934 0.000713713 0.0116626 0.0320137 0.000564847 0.0117816 0.0318732 0.000460902 0.0119564 0.0318266 0.000426419 0.0119804 0.03178 0.000267199 0.012 0.0317775 0.000390127 0.0119951 0.0318036 0.00081905 0.0116626 0.0318063 0.00082313 0.0116 0.0308488 0.000887472 0.0117236 0.0307046 0.00080691 0.0117236 0.0308587 0.000865584 0.0117816 0.0319239 0.000703134 0.0117236 0.0319073 0.000685793 0.0117816 0.0317863 0.00055959 0.0119564 0.0317462 0.000517724 0.0119804 0.0317272 0.000352919 0.012 0.031704 0.000473661 0.0119951 0.0316592 0.000905311 0.0116 0.0316572 0.000900824 0.0116626 0.0317954 0.00080691 0.0117236 0.0317819 0.000787009 0.0117816 0.031684 0.00064218 0.0119564 0.0316516 0.000594135 0.0119804 0.0316607 0.000428486 0.012 0.0316174 0.000543569 0.0119951 0.0315003 0.000961449 0.0116 0.0314991 0.000956683 0.0116626 0.0316512 0.000887472 0.0117236 0.0316413 0.000865584 0.0117816 0.0315693 0.000706296 0.0119564 0.0315454 0.000653454 0.0119804 0.0315823 0.000491726 0.012 0.0315202 0.000597839 0.0119951 0.0313343 0.000989927 0.0116 0.0313338 0.000985021 0.0116626 0.0314954 0.000942503 0.0117236 0.0314894 0.000919258 0.0117816 0.0314453 0.000750092 0.0119564 0.0314307 0.000693974 0.0119804 0.0314153 0.000634911 0.0119951 0.0314945 0.00054082 0.012 0.0313326 0.000970421 0.0117236 0.0313306 0.000946487 0.0117816 0.0313157 0.00077231 0.0119564 0.0313108 0.00071453 0.0119804 0.0313996 0.000574356 0.012 0.0313056 0.000653717 0.0119951 0.0308428 0.000900824 0.0116626 0.0308408 0.000905311 0.0116 0.0306937 0.00082313 0.0116 0.0310009 0.000956683 0.0116626 0.0311694 0.000946487 0.0117816 0.0311674 0.000970421 0.0117236 0.0311843 0.00077231 0.0119564 0.0311892 0.00071453 0.0119804 0.0313003 0.000591368 0.012 0.0311944 0.000653717 0.0119951 0.0305626 0.000717268 0.0116 0.0306964 0.00081905 0.0116626 0.0310046 0.000942503 0.0117236 0.0310106 0.000919258 0.0117816 0.0310547 0.000750092 0.0119564 0.0310693 0.000693974 0.0119804 0.0311997 0.000591368 0.012 0.0310847 0.000634911 0.0119951 0.0304512 0.000590772 0.0116 0.030566 0.000713713 0.0116626 0.0309307 0.000706296 0.0119564 0.0309546 0.000653454 0.0119804 0.0311004 0.000574356 0.012 0.0309798 0.000597839 0.0119951 0.0307181 0.000787009 0.0117816 0.030816 0.00064218 0.0119564 0.0308484 0.000594135 0.0119804 0.0310055 0.00054082 0.012 0.0308826 0.000543569 0.0119951 0.0303629 0.00044728 0.0116 0.0303 0.000290921 0.0116 0.0303673 0.000445063 0.0116626 0.0305761 0.000703134 0.0117236 0.0305927 0.000685793 0.0117816 0.0307137 0.00055959 0.0119564 0.0307538 0.000517724 0.0119804 0.0309177 0.000491726 0.012 0.030796 0.000473661 0.0119951 0.0304552 0.000587844 0.0116626 0.0303048 0.000289479 0.0116626 0.0302645 0.000126193 0.0116 0.0303804 0.000438467 0.0117236 0.0303188 0.000285189 0.0117236 0.0304018 0.000427653 0.0117816 0.030467 0.000579131 0.0117236 0.0304863 0.000564847 0.0117816 0.0306268 0.000460902 0.0119564 0.0306734 0.000426419 0.0119804 0.0308393 0.000428486 0.012 0.0307225 0.000390127 0.0119951 0.0302574 -4.21656e-05 0.0116 0.0302788 -0.000209311 0.0116 0.0302623 -4.19566e-05 0.0116626 0.0305579 0.000348954 0.0119564 0.0306097 0.000322847 0.0119804 0.0307728 0.000352919 0.012 0.0306642 0.00029537 0.0119951 0.0302694 0.000125568 0.0116626 0.0303417 0.000278155 0.0117816 0.0305089 0.000226968 0.0119564 0.0305643 0.000209987 0.0119804 0.03072 0.000267199 0.012 0.0306227 0.000192115 0.0119951 0.0303281 -0.000370435 0.0116 0.0302836 -0.000208274 0.0116626 0.0302769 -4.13347e-05 0.0117236 0.0302979 -0.000205187 0.0117236 0.0303009 -4.03153e-05 0.0117816 0.030284 0.000123706 0.0117236 0.0303078 0.000120655 0.0117816 0.0304812 9.84519e-05 0.0119564 0.0305387 9.10862e-05 0.0119804 0.0306825 0.000173792 0.012 0.0305992 8.33339e-05 0.0119951 0.0305079 -0.000653131 0.0116626 0.0305042 -0.000656385 0.0116 0.0306259 -0.000772984 0.0116 0.0304756 -3.28963e-05 0.0119564 0.0305335 -3.04352e-05 0.0119804 0.0306613 7.53859e-05 0.012 0.0305945 -2.78448e-05 0.0119951 0.0303327 -0.000368599 0.0116626 0.0303686 -0.00035418 0.0117816 0.0304923 -0.000163298 0.0119564 0.030549 -0.000151081 0.0119804 0.030657 -2.51891e-05 0.012 0.0306086 -0.000138223 0.0119951 0.0304082 -0.000518321 0.0116626 0.030404 -0.000520903 0.0116 0.0303463 -0.000363136 0.0117236 0.0306412 -0.000244624 0.0119951 0.0306698 -0.00012504 0.012 0.0304207 -0.000510638 0.0117236 0.0306993 -0.000221293 0.012 0.0306913 -0.000343988 0.0119951 0.0305189 -0.00064345 0.0117236 0.0307117 -0.000473779 0.0119804 0.0307631 -0.000603058 0.0119564 0.0307446 -0.00031118 0.012 0.0307575 -0.000433456 0.0119951 0.0308027 -0.000800653 0.0118351 0.0307867 -0.000829284 0.0117816 0.0309335 -0.000895648 0.0117816 0.0306532 -0.000739063 0.0117816 0.0306739 -0.000713547 0.0118351 0.0306382 -0.000757752 0.0117236 0.0306995 -0.000681831 0.0118828 0.0307294 -0.000644696 0.0119236 0.0308045 -0.000392115 0.012 0.030775 -0.000850254 0.0117236 0.0308226 -0.000765065 0.0118828 0.0308459 -0.000723397 0.0119236 0.030872 -0.000676676 0.0119564 0.0309445 -0.000864725 0.0118351 0.0309255 -0.000918296 0.0117236 0.0309581 -0.00082629 0.0118828 0.030974 -0.000781288 0.0119236 0.0309918 -0.000730827 0.0119564 0.0310111 -0.00067615 0.0119804 0.0310895 -0.000936246 0.0117816 0.031095 -0.000903921 0.0118351 0.0311019 -0.000863744 0.0118828 0.03111 -0.000816702 0.0119236 0.031119 -0.000763954 0.0119564 0.0311288 -0.000706798 0.0119804 0.0322725 0.015967 0 0.0302275 0.015967 -0.022 0.0302233 0.015967 0 0.0281874 0.015704 0 0.0281964 0.0157055 -0.022 0.0262124 0.015186 -0.022 0.0262037 0.015183 0 0.0243095 0.0144163 -0.022 0.0243053 0.0144139 0 0.0225203 0.0134087 0 0.0225235 0.0134104 -0.022 0.0208823 0.012186 -0.022 0.0208754 0.0121804 0 0.0194087 0.0107599 -0.022 0.0194025 0.0107529 0 0.0181257 0.009151 0 0.0181285 0.00915554 -0.022 0.0170655 0.00740216 -0.022 0.0170639 0.00739967 0 0.0162365 0.00553018 -0.022 0.0162333 0.00552222 0 0.0156504 0.00355538 0 0.0156524 0.00356472 -0.022 0.0153242 0.00153867 -0.022 0.015324 0.00153282 0 0.0152583 -0.000511378 -0.022 0.0152583 -0.00051362 0 0.0154558 -0.00255714 0 0.0154548 -0.00254892 -0.022 0.0159102 -0.00454789 -0.022 0.0159131 -0.00455713 0 0.0166184 -0.00647418 -0.022 0.0166213 -0.00647984 0 0.017568 -0.00829473 0 0.0175673 -0.00829337 -0.022 0.0187382 -0.00997203 -0.022 0.0187429 -0.00997843 0 0.0201159 -0.0114901 -0.022 0.0201229 -0.0114968 0 0.0216837 -0.0128247 0 0.0216781 -0.0128209 -0.022 0.0233981 -0.0139408 -0.022 0.0233988 -0.0139412 0 0.0252418 -0.0148286 -0.022 0.0252487 -0.0148318 0 0.0271964 -0.0154777 0 0.0271869 -0.0154752 -0.022 0.029201 -0.0158682 -0.022 0.029201 -0.0158682 0 0.03125 -0.016 -0.022 0.03125 -0.016 0 0.0322767 0.015967 -0.022 0.0343036 0.0157055 0 0.0343126 0.015704 -0.022 0.0362876 0.015186 0 0.0362963 0.015183 -0.022 0.0381947 0.0144139 -0.022 0.0381905 0.0144163 0 0.0399765 0.0134104 0 0.0399797 0.0134087 -0.022 0.0416177 0.012186 0 0.0416246 0.0121804 -0.022 0.0430975 0.0107529 -0.022 0.0430913 0.0107599 0 0.0443715 0.00915554 0 0.0443743 0.009151 -0.022 0.0454345 0.00740216 0 0.0454361 0.00739967 -0.022 0.0462667 0.00552222 -0.022 0.0462635 0.00553018 0 0.0468476 0.00356472 0 0.0468496 0.00355538 -0.022 0.0471758 0.00153867 0 0.047176 0.00153282 -0.022 0.0472417 -0.00051362 -0.022 0.0472417 -0.000511378 0 0.0470452 -0.00254892 0 0.0470442 -0.00255714 -0.022 0.0465898 -0.00454789 0 0.0465869 -0.00455713 -0.022 0.0458787 -0.00647984 -0.022 0.0458816 -0.00647418 0 0.0449327 -0.00829337 0 0.044932 -0.00829473 -0.022 0.0437618 -0.00997203 0 0.0437571 -0.00997843 -0.022 0.0423771 -0.0114968 -0.022 0.0423841 -0.0114901 0 0.0408219 -0.0128209 0 0.0408163 -0.0128247 -0.022 0.0391019 -0.0139408 0 0.0391013 -0.0139412 -0.022 0.0372513 -0.0148318 -0.022 0.0372582 -0.0148286 0 0.0353131 -0.0154752 0 0.0353036 -0.0154777 -0.022 0.033299 -0.0158682 0 0.033299 -0.0158682 -0.022 0.0216781 -0.0128209 -0.022 0.0443743 0.009151 -0.022 0.0233981 -0.0139408 -0.022 0.0437571 -0.00997843 -0.022 0.0458787 -0.00647984 -0.022 0.044932 -0.00829473 -0.022 0.0372513 -0.0148318 -0.022 0.0408163 -0.0128247 -0.022 0.0391013 -0.0139412 -0.022 0.0423771 -0.0114968 -0.022 0.0465869 -0.00455713 -0.022 0.0470442 -0.00255714 -0.022 0.0353036 -0.0154777 -0.022 0.033299 -0.0158682 -0.022 0.0472417 -0.00051362 -0.022 0.03125 -0.016 -0.022 0.047176 0.00153282 -0.022 0.0454361 0.00739967 -0.022 0.0462667 0.00552222 -0.022 0.0252418 -0.0148286 -0.022 0.0271869 -0.0154752 -0.022 0.0468496 0.00355538 -0.022 0.029201 -0.0158682 -0.022 0.0399797 0.0134087 -0.022 0.0187382 -0.00997203 -0.022 0.0175673 -0.00829337 -0.022 0.0201159 -0.0114901 -0.022 0.0416246 0.0121804 -0.022 0.0430975 0.0107529 -0.022 0.0166184 -0.00647418 -0.022 0.0362963 0.015183 -0.022 0.0381947 0.0144139 -0.022 0.0302275 0.015967 -0.022 0.0322767 0.015967 -0.022 0.0152583 -0.000511378 -0.022 0.0154548 -0.00254892 -0.022 0.0343126 0.015704 -0.022 0.0159102 -0.00454789 -0.022 0.0162365 0.00553018 -0.022 0.0243095 0.0144163 -0.022 0.0262124 0.015186 -0.022 0.0153242 0.00153867 -0.022 0.0156524 0.00356472 -0.022 0.0281964 0.0157055 -0.022 0.0194087 0.0107599 -0.022 0.0170655 0.00740216 -0.022 0.0181285 0.00915554 -0.022 0.0208823 0.012186 -0.022 0.0225235 0.0134104 -0.022 -0.04225 -0.02675 0 -0.0411053 -0.0285021 0 -0.0410382 -0.0283069 0 -0.0411053 -0.0274979 0 -0.0413303 -0.0271534 0 -0.0414822 -0.0270136 0 -0.0412035 -0.0273163 0 -0.0416551 -0.0269007 0 -0.0410382 -0.0276931 0 -0.0418441 -0.0268177 0 -0.0410043 -0.0278968 0 -0.0410043 -0.0281032 0 -0.0420443 -0.026767 0 -0.0428449 -0.0269007 0 -0.0413303 -0.0288466 0 -0.0426559 -0.0268177 0 -0.0424557 -0.026767 0 -0.0412035 -0.0286837 0 -0.0414822 -0.0289864 0 -0.0430178 -0.0270136 0 -0.0416551 -0.0290993 0 -0.0433947 -0.0274979 0 -0.04225 -0.02925 0 -0.0420443 -0.029233 0 -0.0431697 -0.0271534 0 -0.0432965 -0.0273163 0 -0.0418441 -0.0291823 0 -0.0426559 -0.0291823 0 -0.0434957 -0.0281032 0 -0.0428449 -0.0290993 0 -0.0424557 -0.029233 0 -0.0434618 -0.0276931 0 -0.0434957 -0.0278968 0 -0.0431697 -0.0288466 0 -0.0433947 -0.0285021 0 -0.0432965 -0.0286837 0 -0.0430178 -0.0289864 0 -0.0434618 -0.0283069 0 -0.0437408 -0.025528 -0.0096 -0.0408546 -0.0254729 -0.0096 -0.0408546 -0.0254729 -0.0246 -0.0437408 -0.025528 -0.0246 -0.0408546 -0.0254729 -0.0096 -0.0393638 -0.0279449 -0.0096 -0.0393638 -0.0279449 -0.0246 -0.0408546 -0.0254729 -0.0246 -0.0393638 -0.0279449 -0.0096 -0.0407592 -0.030472 -0.0096 -0.0407592 -0.030472 -0.0246 -0.0393638 -0.0279449 -0.0246 -0.0451362 -0.0280551 -0.0096 -0.0437408 -0.025528 -0.0096 -0.0437408 -0.025528 -0.0246 -0.0451362 -0.0280551 -0.0246 -0.0451362 -0.0280551 -0.0246 -0.0393638 -0.0279449 -0.0246 -0.0407592 -0.030472 -0.0246 -0.0437408 -0.025528 -0.0246 -0.0408546 -0.0254729 -0.0246 -0.0436454 -0.0305271 -0.0246 0.02775 -0.01875 0 0.0288947 -0.0205021 0 0.0289617 -0.0203069 0 0.0288947 -0.0194979 0 0.0286697 -0.0191534 0 0.0285178 -0.0190136 0 0.0287965 -0.0193163 0 0.0283449 -0.0189007 0 0.0289617 -0.0196931 0 0.0281559 -0.0188177 0 0.0289957 -0.0198968 0 0.0289957 -0.0201032 0 0.0279557 -0.018767 0 0.0271551 -0.0189007 0 0.0286697 -0.0208466 0 0.0273441 -0.0188177 0 0.0275443 -0.018767 0 0.0287965 -0.0206837 0 0.0285178 -0.0209864 0 0.0269822 -0.0190136 0 0.0283449 -0.0210993 0 0.0266053 -0.0194979 0 0.02775 -0.02125 0 0.0279557 -0.021233 0 0.0268303 -0.0191534 0 0.0267035 -0.0193163 0 0.0281559 -0.0211823 0 0.0273441 -0.0211823 0 0.0265043 -0.0201032 0 0.0271551 -0.0210993 0 0.0275443 -0.021233 0 0.0265382 -0.0196931 0 0.0265043 -0.0198968 0 0.0268303 -0.0208466 0 0.0266053 -0.0205021 0 0.0267035 -0.0206837 0 0.0269822 -0.0209864 0 0.0265382 -0.0203069 0 0.028755 0.0207433 0 0.0271404 0.0189087 0 0.0288662 0.0205628 0 0.0285353 0.0190275 0 0.0288144 0.0193446 0 0.0283596 0.0189087 0 0.0286883 0.0191742 0 0.0281664 0.0188214 0 0.0289099 0.0195339 0 0.0289719 0.0197367 0 0.0279613 0.018768 0 0.0289989 0.0199469 0 0.02775 0.01875 0 0.0289452 0.020366 0 0.0273336 0.0188214 0 0.0275388 0.018768 0 0.0289899 0.0201588 0 0.02845 0.0210356 0 0.0282649 0.021139 0 0.0266856 0.0193446 0 0.0268117 0.0191742 0 0.0269647 0.0190275 0 0.0286149 0.0209024 0 0.028065 0.0212097 0 0.0265281 0.0197367 0 0.0265901 0.0195339 0 0.027435 0.0212097 0 0.0265548 0.020366 0 0.0265101 0.0201588 0 0.027644 0.0212455 0 0.0265011 0.0199469 0 0.027856 0.0212455 0 0.02705 0.0210356 0 0.0268851 0.0209024 0 0.026745 0.0207433 0 0.0266338 0.0205628 0 0.0272351 0.021139 0 -0.041245 0.0287433 0 -0.0428596 0.0269087 0 -0.0411338 0.0285628 0 -0.0414647 0.0270275 0 -0.0411856 0.0273446 0 -0.0416404 0.0269087 0 -0.0413117 0.0271742 0 -0.0418336 0.0268214 0 -0.0410901 0.0275339 0 -0.0410281 0.0277367 0 -0.0420387 0.026768 0 -0.0410011 0.0279469 0 -0.04225 0.02675 0 -0.0410548 0.028366 0 -0.0426664 0.0268214 0 -0.0424612 0.026768 0 -0.0410101 0.0281588 0 -0.04155 0.0290356 0 -0.0417351 0.029139 0 -0.0433144 0.0273446 0 -0.0431883 0.0271742 0 -0.0430353 0.0270275 0 -0.0413851 0.0289024 0 -0.041935 0.0292097 0 -0.0434719 0.0277367 0 -0.0434099 0.0275339 0 -0.042565 0.0292097 0 -0.0434452 0.028366 0 -0.0434899 0.0281588 0 -0.042356 0.0292455 0 -0.0434989 0.0279469 0 -0.042144 0.0292455 0 -0.04295 0.0290356 0 -0.0431149 0.0289024 0 -0.043255 0.0287433 0 -0.0433662 0.0285628 0 -0.0427649 0.029139 0 -0.0437408 0.025528 -0.0096 -0.0451362 0.0280551 -0.0096 -0.0451362 0.0280551 -0.0246 -0.0437408 0.025528 -0.0246 -0.0407592 0.030472 -0.0096 -0.0393638 0.0279449 -0.0096 -0.0393638 0.0279449 -0.0246 -0.0407592 0.030472 -0.0246 -0.0393638 0.0279449 -0.0096 -0.0408546 0.0254729 -0.0096 -0.0408546 0.0254729 -0.0246 -0.0393638 0.0279449 -0.0246 -0.0408546 0.0254729 -0.0096 -0.0437408 0.025528 -0.0096 -0.0437408 0.025528 -0.0246 -0.0408546 0.0254729 -0.0246 -0.0451362 0.0280551 -0.0246 -0.0407592 0.030472 -0.0246 -0.0393638 0.0279449 -0.0246 -0.0437408 0.025528 -0.0246 -0.0408546 0.0254729 -0.0246 -0.0436454 0.0305271 -0.0246 -0.0155502 0.0259674 -0.002 -0.0155502 0.0259674 0 -0.0129602 0.0259674 0 -0.018133 0.0257078 -0.002 -0.018133 0.0257078 0 -0.0206663 0.0251958 0 -0.0206663 0.0251958 -0.002 -0.0231495 0.024429 -0.002 -0.0231495 0.024429 0 -0.0255351 0.0234226 -0.002 -0.0255351 0.0234226 0 -0.0278117 0.0221826 0 -0.0278117 0.0221826 -0.002 -0.0299546 0.0207203 -0.002 -0.0299546 0.0207203 0 -0.0319359 0.019058 -0.002 -0.0319359 0.019058 0 -0.0337492 0.0171975 0 -0.0337492 0.0171975 -0.002 -0.0353618 0.0151747 -0.002 -0.0353618 0.0151747 0 -0.0367696 0.0129944 -0.002 -0.0367696 0.0129944 0 -0.0379514 0.0106868 0 -0.0379514 0.0106868 -0.002 -0.0388971 0.00827752 -0.002 -0.0388971 0.00827752 0 -0.0395994 0.00577748 -0.002 -0.0395994 0.00577748 0 -0.0400482 0.00323228 0 -0.0400482 0.00323228 -0.002 -0.0402417 0.000641116 -0.002 -0.0402417 0.000641116 0 -0.0401763 -0.0019488 -0.002 -0.0401763 -0.0019488 0 -0.0398541 -0.00451924 0 -0.0398541 -0.00451924 -0.002 -0.0392754 -0.00704938 -0.002 -0.0392754 -0.00704938 0 -0.0384523 -0.0094998 -0.002 -0.0384523 -0.0094998 0 -0.0373828 -0.0118681 0 -0.0373828 -0.0118681 -0.002 -0.0360879 -0.0141096 -0.002 -0.0360879 -0.0141096 0 -0.034574 -0.016215 -0.002 -0.034574 -0.016215 0 -0.0328568 -0.0181591 0 -0.0328568 -0.0181591 -0.002 -0.0309607 -0.0199186 -0.002 -0.0309607 -0.0199186 0 -0.0288894 -0.0214863 -0.002 -0.0288894 -0.0214863 0 -0.0266823 -0.0228347 0 -0.0266823 -0.0228347 -0.002 -0.0243432 -0.0239606 -0.002 -0.0243432 -0.0239606 0 -0.021907 -0.0248463 -0.002 -0.021907 -0.0248463 0 -0.0193983 -0.0254851 0 -0.0193983 -0.0254851 -0.002 -0.0168459 -0.0258697 -0.002 -0.0168459 -0.0258697 0 -0.01425 -0.026 -0.002 -0.01425 -0.026 0 -0.0129602 0.0259674 -0.002 -0.0103818 0.0257103 -0.002 -0.0103818 0.0257103 0 -0.00783558 0.0251962 0 -0.00783558 0.0251962 -0.002 -0.0053653 0.0244342 0 -0.0053653 0.0244342 -0.002 -0.00297172 0.0234264 -0.002 -0.00297172 0.0234264 0 -0.00069917 0.0221887 0 -0.00069917 0.0221887 -0.002 0.00144395 0.0207289 0 0.00144395 0.0207289 -0.002 0.00343169 0.0190614 -0.002 0.00343169 0.0190614 0 0.00523872 0.0172094 0 0.00523872 0.0172094 -0.002 0.0068594 0.0151787 0 0.0068594 0.0151787 -0.002 0.00826218 0.0130064 -0.002 0.00826218 0.0130064 0 0.00944693 0.010698 0 0.00944693 0.010698 -0.002 0.0103939 0.00828538 0 0.0103939 0.00828538 -0.002 0.0110961 0.00579267 -0.002 0.0110961 0.00579267 0 0.0115482 0.00323327 0 0.0115482 0.00323327 -0.002 0.0117411 0.000656285 0 0.0117411 0.000656285 -0.002 0.0116775 -0.0019391 -0.002 0.0116775 -0.0019391 0 0.0113555 -0.00450836 0 0.0113555 -0.00450836 -0.002 0.0107797 -0.00703532 0 0.0107797 -0.00703532 -0.002 0.00995319 -0.00949705 -0.002 0.00995319 -0.00949705 0 0.00888986 -0.011854 0 0.00888986 -0.011854 -0.002 0.00759207 -0.014104 0 0.00759207 -0.014104 -0.002 0.00608169 -0.0162045 -0.002 0.00608169 -0.0162045 0 0.00436643 -0.0181498 0 0.00436643 -0.0181498 -0.002 0.0024652 -0.0199143 0 0.0024652 -0.0199143 -0.002 0.000402489 -0.0214774 -0.002 0.000402489 -0.0214774 0 -0.00181422 -0.0228331 0 -0.00181422 -0.0228331 -0.002 -0.00414365 -0.0239547 0 -0.00414365 -0.0239547 -0.002 -0.00658186 -0.0248434 -0.002 -0.00658186 -0.0248434 0 -0.00909288 -0.0254828 0 -0.00909288 -0.0254828 -0.002 -0.0116541 -0.0258697 0 -0.0116541 -0.0258697 -0.002 -0.0263828 -0.0218585 -0.003 0.0081959 0.0110076 -0.003 -0.0241158 -0.0229703 -0.003 -0.00211805 -0.0218589 -0.003 -0.00439739 -0.0229763 -0.003 2.49569e-05 -0.0205231 -0.003 0.00386504 -0.0172283 -0.003 0.0020316 -0.0189712 -0.003 0.00819117 -0.0110166 -0.003 0.00551516 -0.0153076 -0.003 0.00696532 -0.0132251 -0.003 0.00994968 -0.00627248 -0.003 0.00919263 -0.00868561 -0.003 -0.00677184 -0.0238547 -0.003 -0.00922127 -0.0244889 -0.003 0.0104605 -0.00379189 -0.003 -0.011714 -0.0248707 -0.003 -0.01425 -0.025 -0.003 0.0107176 -0.00126803 -0.003 0.0104621 0.00378283 -0.003 -0.016786 -0.0248707 -0.003 -0.0192879 -0.0244865 -0.003 0.0107178 0.00125842 -0.003 0.00696976 0.0132172 -0.003 -0.0285373 -0.0205148 -0.003 -0.0217379 -0.0238522 -0.003 0.009953 0.00625961 -0.003 3.38744e-05 0.0205172 -0.003 0.00203862 0.0189649 -0.003 -0.0340236 -0.0152962 -0.003 0.00387415 0.0172187 -0.003 0.00552094 0.0153006 -0.003 -0.030538 -0.018965 -0.003 -0.0354665 -0.0132235 -0.003 -0.00211097 0.0218545 -0.003 -0.00921204 0.0244869 -0.003 -0.0067593 0.0238507 -0.003 -0.038453 -0.00626179 -0.003 -0.037695 -0.00867772 -0.003 -0.00438903 0.022973 -0.003 -0.0392171 0.00127351 -0.003 -0.0389605 0.00379022 -0.003 -0.0167773 0.0248719 -0.003 -0.0389622 -0.00377804 -0.003 -0.039218 -0.00126525 -0.003 -0.0117175 0.024871 -0.003 -0.0376906 0.00868949 -0.003 -0.0263757 0.0218619 -0.003 -0.0241052 0.0229751 -0.003 -0.0192752 0.0244891 -0.003 -0.0384505 0.00627102 -0.003 -0.0305282 0.0189733 -0.003 -0.0340164 0.0153057 -0.003 -0.0323661 0.0172278 -0.003 -0.0354618 0.0132302 -0.003 -0.0285304 0.02052 -0.003 -0.0366945 0.011011 -0.003 -0.0217289 0.0238549 -0.003 -0.0142424 0.0249995 -0.003 -0.0366979 -0.0110032 -0.003 -0.0323727 -0.0172209 -0.003 0.00919568 0.00867682 -0.003 -0.01208 0.0254956 -0.00280902 -0.00780244 0.0247621 -0.00280902 -0.00783615 0.0246327 -0.00289101 -0.00171277 -0.0224427 -0.00270711 -0.00568594 -0.0242387 -0.00270711 -0.00572569 -0.0241261 -0.00280902 -0.028337 0.0208423 -0.00298769 -0.0305282 0.0189733 -0.003 -0.0316567 0.0181618 -0.00298769 -0.0164457 0.0257977 -0.00245399 -0.0120612 0.025716 -0.00258779 -0.0164388 0.025716 -0.00258779 -0.0247345 0.0231944 -0.00289101 -0.0247896 0.0233163 -0.00280902 -0.0206638 0.0246327 -0.00289101 -0.0164301 0.0256145 -0.00270711 -0.0120699 0.0256145 -0.00270711 -0.0323661 0.0172278 -0.003 -0.0344757 0.0149589 -0.00298769 -0.0120914 0.0253623 -0.00289101 -0.01642 0.0254956 -0.00280902 -0.0248388 0.023425 -0.00270711 -0.0207276 0.0248776 -0.00270711 -0.0206976 0.0247621 -0.00280902 -0.0164087 0.0253623 -0.00289101 -0.0287024 0.021383 -0.00258779 -0.0287483 0.0214509 -0.00245399 -0.0248808 0.0235179 -0.00258779 -0.0286453 0.0212986 -0.00270711 -0.0367128 0.0113255 -0.00298769 -0.0376906 0.00868949 -0.003 -0.0383037 0.00736638 -0.00298769 -0.0285785 0.0211997 -0.00280902 -0.0347149 0.0151358 -0.00289101 -0.0348225 0.0152153 -0.00280902 -0.0318626 0.0183767 -0.00289101 -0.0320377 0.0185594 -0.00270711 -0.0384505 0.00627102 -0.003 -0.0392027 0.00319532 -0.00298769 -0.0373687 0.0116562 -0.00245399 -0.0374224 0.0116833 -0.00230902 -0.0350663 0.0153957 -0.00245399 -0.0319552 0.0184733 -0.00280902 -0.0285036 0.0210889 -0.00289101 -0.0349184 0.0152863 -0.00270711 -0.01425 -0.0259877 -0.00215643 -0.01425 -0.026 -0.002 -0.0168459 -0.0258697 -0.002 -0.037098 0.0115197 -0.00280902 -0.0372045 0.0115734 -0.00270711 -0.0375924 -0.00937974 -0.00298769 -0.0388418 -0.00529994 -0.00298769 -0.038453 -0.00626179 -0.003 -0.0390061 0.00758148 -0.00245399 -0.0372955 0.0116193 -0.00258779 -0.0389277 0.00755747 -0.00258779 -0.0399313 0.00328862 -0.00245399 -0.0401177 -0.00109885 -0.00245399 -0.0401777 -0.00110139 -0.00230902 -0.0388303 0.00752763 -0.00270711 -0.0387162 0.00749269 -0.00280902 -0.0385883 0.00745351 -0.00289101 -0.0396305 0.0032501 -0.00280902 -0.0369785 0.0114595 -0.00289101 -0.0185272 -0.024945 -0.00295106 -0.0226306 -0.0237194 -0.00298769 -0.0185015 -0.0247946 -0.00298769 -0.0397489 0.00326526 -0.00270711 -0.0394978 0.00323311 -0.00289101 -0.0398147 -0.00108598 -0.00280902 -0.0399339 -0.00109104 -0.00270711 -0.0362271 -0.0135319 -0.00258779 -0.0362969 -0.0135748 -0.00245399 -0.0381979 -0.00962306 -0.00258779 -0.0395599 -0.0054547 -0.00245399 -0.0400358 -0.00109537 -0.00258779 -0.0394797 -0.00543742 -0.00258779 -0.0393801 -0.00541595 -0.00270711 -0.0336857 -0.0171055 -0.00245399 -0.0389622 -0.00377804 -0.003 -0.0393838 -0.00106767 -0.00298769 -0.0337307 -0.0171452 -0.00230902 -0.0193983 -0.0254851 -0.002 -0.0186419 -0.0256139 -0.00215643 -0.0229075 -0.0245032 -0.00215643 -0.0269241 -0.0226876 -0.00215643 -0.0269062 -0.0226556 -0.00230902 -0.0228953 -0.0244687 -0.00230902 -0.0268769 -0.0226032 -0.00245399 -0.0228753 -0.024412 -0.00245399 -0.030576 -0.0202194 -0.00215643 -0.030553 -0.0201908 -0.00230902 -0.0361403 -0.0134784 -0.00270711 -0.0381033 -0.00958506 -0.00270711 -0.0305152 -0.0201441 -0.00245399 -0.0396811 -0.0010803 -0.00289101 -0.0392635 -0.00539082 -0.00280902 -0.0378685 -0.00949069 -0.00289101 -0.0360387 -0.0134159 -0.00280902 -0.0379926 -0.00954057 -0.00280902 -0.0331342 -0.0166202 -0.00298769 -0.0356714 -0.0131897 -0.00298769 -0.0340236 -0.0152962 -0.003 -0.0391327 -0.00536263 -0.00289101 -0.0302407 -0.0198041 -0.00289101 -0.0303248 -0.0199082 -0.00280902 -0.0333576 -0.0168168 -0.00289101 -0.0323727 -0.0172209 -0.003 -0.0300538 -0.0195726 -0.00298769 -0.0359248 -0.0133457 -0.00289101 -0.0226814 -0.0238633 -0.00295106 -0.0265187 -0.0219619 -0.00298769 -0.0285373 -0.0205148 -0.003 -0.01425 -0.025309 -0.00295106 -0.01425 -0.0251564 -0.00298769 -0.0192879 -0.0244865 -0.003 -0.016786 -0.0248707 -0.003 -0.01425 -0.025 -0.003 -0.0227297 -0.024 -0.00289101 -0.0185517 -0.0250879 -0.00289101 -0.00777237 0.0248776 -0.00270711 -0.00371036 0.0233163 -0.00280902 -0.00366121 0.023425 -0.00270711 -0.00376547 0.0231944 -0.00289101 3.59289e-06 0.0210889 -0.00289101 7.85146e-05 0.0211997 -0.00280902 -0.0205889 0.0243447 -0.00298769 -0.0217289 0.0238549 -0.003 -0.024612 0.0229233 -0.00298769 0.000145332 0.0212986 -0.00270711 -0.0120543 0.0257977 -0.00245399 -0.0120492 0.0258576 -0.00230902 -0.00772603 0.0250556 -0.00245399 -0.0163834 0.0250658 -0.00298769 -0.0192752 0.0244891 -0.003 0.00336261 0.0183767 -0.00289101 0.00345518 0.0184733 -0.00280902 -0.00361923 0.0235179 -0.00258779 -0.00358546 0.0235926 -0.00245399 0.000202399 0.021383 -0.00258779 0.00621494 0.0151358 -0.00289101 0.00632251 0.0152153 -0.00280902 0.00353775 0.0185594 -0.00270711 -0.00791113 0.0243447 -0.00298769 -0.00921204 0.0244869 -0.003 -0.0121166 0.0250658 -0.00298769 0.00641844 0.0152863 -0.00270711 0.008598 0.0115197 -0.00280902 0.00847853 0.0114595 -0.00289101 0.000248311 0.0214509 -0.00245399 0.000281937 0.0215007 -0.00230902 0.00366499 0.0186922 -0.00245399 -0.00388803 0.0229233 -0.00298769 -0.0067593 0.0238507 -0.003 0.00870454 0.0115734 -0.00270711 0.0100883 0.00745351 -0.00289101 0.0102162 0.00749269 -0.00280902 0.0111305 0.0032501 -0.00280902 0.0109978 0.00323311 -0.00289101 0.0103303 0.00752763 -0.00270711 0.00203862 0.0189649 -0.003 -0.000163031 0.0208423 -0.00298769 0.00315671 0.0181618 -0.00298769 0.00886875 0.0116562 -0.00245399 0.0104277 0.00755747 -0.00258779 0.00879554 0.0116193 -0.00258779 0.0113147 -0.00108598 -0.00280902 0.0111811 -0.0010803 -0.00289101 0.0112489 0.00326526 -0.00270711 0.00387415 0.0172187 -0.003 0.0059757 0.0149589 -0.00298769 0.0114339 -0.00109104 -0.00270711 0.0114313 0.00328862 -0.00245399 0.0105061 0.00758148 -0.00245399 0.0105635 0.00759906 -0.00230902 0.0107635 -0.00539082 -0.00280902 0.0106327 -0.00536263 -0.00289101 0.00949263 -0.00954057 -0.00280902 0.00936848 -0.00949069 -0.00289101 0.0108801 -0.00541595 -0.00270711 0.00821283 0.0113255 -0.00298769 0.00980375 0.00736638 -0.00298769 0.00919568 0.00867682 -0.003 0.0116177 -0.00109885 -0.00245399 0.0109797 -0.00543742 -0.00258779 0.0115358 -0.00109537 -0.00258779 0.00742481 -0.0133457 -0.00289101 0.00753874 -0.0134159 -0.00280902 0.00960334 -0.00958506 -0.00270711 0.0107027 0.00319532 -0.00298769 0.0104621 0.00378283 -0.003 0.00764035 -0.0134784 -0.00270711 0.0110599 -0.0054547 -0.00245399 0.0111186 -0.00546735 -0.00230902 0.00977398 -0.00965363 -0.00245399 0.00495804 -0.0169052 -0.00280902 0.00485761 -0.0168168 -0.00289101 0.00182476 -0.0199082 -0.00280902 0.00174071 -0.0198041 -0.00289101 0.00504761 -0.016984 -0.00270711 0.0103418 -0.00529994 -0.00298769 0.0104605 -0.00379189 -0.003 0.0108838 -0.00106767 -0.00298769 0.00779695 -0.0135748 -0.00245399 0.00512411 -0.0170514 -0.00258779 0.00772713 -0.0135319 -0.00258779 -0.00177097 -0.0223385 -0.00280902 -0.00183622 -0.0222217 -0.00289101 0.00189972 -0.020001 -0.00270711 0.00919263 -0.00868561 -0.003 0.00909238 -0.00937974 -0.00298769 -0.00577026 -0.024 -0.00289101 0.00523074 -0.0171452 -0.00230902 0.00201525 -0.0201441 -0.00245399 0.00518566 -0.0171055 -0.00245399 0.00463424 -0.0166202 -0.00298769 0.00551516 -0.0153076 -0.003 0.00717144 -0.0131897 -0.00298769 -0.00992564 -0.0252197 -0.00280902 -0.00994825 -0.0250879 -0.00289101 -0.00988826 -0.0254378 -0.00258779 -0.00565199 -0.0243347 -0.00258779 -0.00562468 -0.024412 -0.00245399 -0.00990548 -0.0253373 -0.00270711 -0.01425 -0.0257071 -0.00270711 -0.01425 -0.0255878 -0.00280902 -0.01425 -0.025809 -0.00258779 -0.01425 -0.025454 -0.00289101 -0.0098744 -0.0255186 -0.00245399 -0.01425 -0.025891 -0.00245399 -0.00986425 -0.0255778 -0.00230902 0.0020316 -0.0189712 -0.003 0.00155378 -0.0195726 -0.00298769 -0.00985806 -0.0256139 -0.00215643 -0.01425 -0.0259511 -0.00230902 -0.00198133 -0.0219619 -0.00298769 -0.00586939 -0.0237194 -0.00298769 -0.00439739 -0.0229763 -0.003 -0.0116541 -0.0258697 -0.002 -0.011714 -0.0248707 -0.003 -0.00999854 -0.0247946 -0.00298769 -0.00997276 -0.024945 -0.00295106 0.00386504 -0.0172283 -0.003 -0.00677184 -0.0238547 -0.003 -0.00922127 -0.0244889 -0.003 -0.00211805 -0.0218589 -0.003 0.00696532 -0.0132251 -0.003 -0.00581856 -0.0238633 -0.00295106 -0.00560467 -0.0244687 -0.00230902 -0.00157594 -0.0226876 -0.00215643 -0.00414365 -0.0239547 -0.002 -0.00559247 -0.0245032 -0.00215643 -0.00162309 -0.0226032 -0.00245399 -0.00658186 -0.0248434 -0.002 -0.00909288 -0.0254828 -0.002 2.49569e-05 -0.0205231 -0.003 -0.00190692 -0.0220951 -0.00295106 0.00196374 -0.0200803 -0.00258779 -0.00166307 -0.0225316 -0.00258779 -0.0015938 -0.0226556 -0.00230902 0.00994968 -0.00627248 -0.003 0.00164963 -0.0196913 -0.00295106 0.00205297 -0.0201908 -0.00230902 0.00207599 -0.0202194 -0.00215643 0.000402489 -0.0214774 -0.002 -0.00181422 -0.0228331 -0.002 0.0107176 -0.00126803 -0.003 0.00474878 -0.016721 -0.00295106 0.00525824 -0.0171694 -0.00215643 0.00436643 -0.0181498 -0.002 0.0024652 -0.0199143 -0.002 0.00819117 -0.0110166 -0.003 0.00730137 -0.0132697 -0.00295106 0.00787927 -0.0136255 -0.00215643 0.00784808 -0.0136063 -0.00230902 0.00986369 -0.00968968 -0.00215643 0.00608169 -0.0162045 -0.002 0.009953 0.00625961 -0.003 0.00923396 -0.00943663 -0.00295106 0.0096979 -0.00962306 -0.00258779 0.0098297 -0.00967602 -0.00230902 0.00888986 -0.011854 -0.002 0.00759207 -0.014104 -0.002 0.0081959 0.0110076 -0.003 0.010491 -0.00533209 -0.00295106 0.0111544 -0.00547507 -0.00215643 0.0107797 -0.00703532 -0.002 0.00995319 -0.00949705 -0.002 0.0107178 0.00125842 -0.003 0.0110362 -0.00107415 -0.00295106 0.0116777 -0.00110139 -0.00230902 0.0115272 0.0033009 -0.00215643 0.0117143 -0.00110295 -0.00215643 0.0116775 -0.0019391 -0.002 0.0113555 -0.00450836 -0.002 0.00552094 0.0153006 -0.003 0.010854 0.0032147 -0.00295106 0.01135 0.00327821 -0.00258779 0.0114909 0.00329625 -0.00230902 0.0117411 0.000656285 -0.002 3.38744e-05 0.0205172 -0.003 0.00994964 0.00741106 -0.00295106 0.0105986 0.00760979 -0.00215643 0.0110961 0.00579267 -0.002 0.0115482 0.00323327 -0.002 0.00696976 0.0132172 -0.003 0.00834907 0.0113942 -0.00295106 0.00892237 0.0116833 -0.00230902 0.00664403 0.0154531 -0.00215643 0.00826218 0.0130064 -0.002 0.00895508 0.0116998 -0.00215643 0.00656629 0.0153957 -0.00245399 0.00944693 0.010698 -0.002 0.0103939 0.00828538 -0.002 -0.00438903 0.022973 -0.003 0.00609838 0.0150496 -0.00295106 0.00360826 0.018633 -0.00258779 0.00650038 0.0153469 -0.00258779 0.00661457 0.0154314 -0.00230902 -0.0117175 0.024871 -0.003 0.00326229 0.018272 -0.00295106 0.00370654 0.0187355 -0.00230902 0.00373189 0.018762 -0.00215643 0.00523872 0.0172094 -0.002 0.0068594 0.0151787 -0.002 -0.00211097 0.0218545 -0.003 -7.75886e-05 0.0209688 -0.00295106 0.00030245 0.021531 -0.00215643 0.00144395 0.0207289 -0.002 0.00343169 0.0190614 -0.002 -0.0167773 0.0248719 -0.003 -0.00382518 0.0230623 -0.00295106 -0.00354564 0.0236807 -0.00215643 -0.00356073 0.0236473 -0.00230902 -0.00770167 0.0251491 -0.00215643 -0.00069917 0.0221887 -0.002 -0.0241052 0.0229751 -0.003 -0.00787268 0.0244924 -0.00295106 -0.00774669 0.0249762 -0.00258779 -0.0077109 0.0251137 -0.00230902 -0.0053653 0.0244342 -0.002 -0.00297172 0.0234264 -0.002 -0.0142424 0.0249995 -0.003 -0.0121036 0.0252178 -0.00295106 -0.0120461 0.0258941 -0.00215643 -0.0103818 0.0257103 -0.002 -0.00783558 0.0251962 -0.002 -0.0285304 0.02052 -0.003 -0.0163964 0.0252178 -0.00295106 -0.0164508 0.0258576 -0.00230902 -0.0207983 0.0251491 -0.00215643 -0.0164539 0.0258941 -0.00215643 -0.020774 0.0250556 -0.00245399 -0.0155502 0.0259674 -0.002 -0.0129602 0.0259674 -0.002 -0.0340164 0.0153057 -0.003 -0.0206273 0.0244924 -0.00295106 -0.0249145 0.0235926 -0.00245399 -0.0207533 0.0249762 -0.00258779 -0.0207891 0.0251137 -0.00230902 -0.018133 0.0257078 -0.002 -0.0263757 0.0218619 -0.003 -0.0246748 0.0230623 -0.00295106 -0.0249393 0.0236473 -0.00230902 -0.0249544 0.0236807 -0.00215643 -0.0231495 0.024429 -0.002 -0.0206663 0.0251958 -0.002 -0.0366945 0.011011 -0.003 -0.0284224 0.0209688 -0.00295106 -0.0287819 0.0215007 -0.00230902 -0.0322319 0.018762 -0.00215643 -0.0299546 0.0207203 -0.002 -0.0288025 0.021531 -0.00215643 -0.032165 0.0186922 -0.00245399 -0.0278117 0.0221826 -0.002 -0.0255351 0.0234226 -0.002 -0.0389605 0.00379022 -0.003 -0.0317623 0.018272 -0.00295106 -0.0350004 0.0153469 -0.00258779 -0.0321083 0.018633 -0.00258779 -0.0322065 0.0187355 -0.00230902 -0.0354618 0.0132302 -0.003 -0.0345984 0.0150496 -0.00295106 -0.0351146 0.0154314 -0.00230902 -0.035144 0.0154531 -0.00215643 -0.0337492 0.0171975 -0.002 -0.0319359 0.019058 -0.002 -0.039218 -0.00126525 -0.003 -0.0368491 0.0113942 -0.00295106 -0.0374551 0.0116998 -0.00215643 -0.0367696 0.0129944 -0.002 -0.0353618 0.0151747 -0.002 -0.037695 -0.00867772 -0.003 -0.0384496 0.00741106 -0.00295106 -0.0390986 0.00760979 -0.00215643 -0.0390635 0.00759906 -0.00230902 -0.0400272 0.0033009 -0.00215643 -0.0388971 0.00827752 -0.002 -0.0379514 0.0106868 -0.002 -0.0392171 0.00127351 -0.003 -0.039354 0.0032147 -0.00295106 -0.03985 0.00327821 -0.00258779 -0.0399909 0.00329625 -0.00230902 -0.0395994 0.00577748 -0.002 -0.0354665 -0.0132235 -0.003 -0.0395362 -0.00107415 -0.00295106 -0.0402143 -0.00110295 -0.00215643 -0.0402417 0.000641116 -0.002 -0.0400482 0.00323228 -0.002 -0.030538 -0.018965 -0.003 -0.038991 -0.00533209 -0.00295106 -0.0396186 -0.00546735 -0.00230902 -0.0383637 -0.00968968 -0.00215643 -0.0392754 -0.00704938 -0.002 -0.0396544 -0.00547507 -0.00215643 -0.038274 -0.00965363 -0.00245399 -0.0398541 -0.00451924 -0.002 -0.0401763 -0.0019488 -0.002 -0.0366979 -0.0110032 -0.003 -0.037734 -0.00943663 -0.00295106 -0.0383297 -0.00967602 -0.00230902 -0.0241158 -0.0229703 -0.003 -0.0263828 -0.0218585 -0.003 -0.0358014 -0.0132697 -0.00295106 -0.0336241 -0.0170514 -0.00258779 -0.0363481 -0.0136063 -0.00230902 -0.0363793 -0.0136255 -0.00215643 -0.0373828 -0.0118681 -0.002 -0.0384523 -0.0094998 -0.002 -0.033458 -0.0169052 -0.00280902 -0.0332488 -0.016721 -0.00295106 -0.0335476 -0.016984 -0.00270711 -0.0328568 -0.0181591 -0.002 -0.0337582 -0.0171694 -0.00215643 -0.034574 -0.016215 -0.002 -0.0360879 -0.0141096 -0.002 -0.0303997 -0.020001 -0.00270711 -0.0301496 -0.0196913 -0.00295106 -0.0304637 -0.0200803 -0.00258779 -0.0243432 -0.0239606 -0.002 -0.0266638 -0.0222217 -0.00289101 -0.026729 -0.0223385 -0.00280902 -0.0265931 -0.0220951 -0.00295106 -0.0267872 -0.0224427 -0.00270711 -0.0268369 -0.0225316 -0.00258779 -0.0288894 -0.0214863 -0.002 -0.0309607 -0.0199186 -0.002 -0.0217379 -0.0238522 -0.003 -0.0227743 -0.0241261 -0.00280902 -0.0228141 -0.0242387 -0.00270711 -0.022848 -0.0243347 -0.00258779 -0.0266823 -0.0228347 -0.002 -0.0185744 -0.0252197 -0.00280902 -0.0185945 -0.0253373 -0.00270711 -0.0186117 -0.0254378 -0.00258779 -0.0186256 -0.0255186 -0.00245399 -0.0186357 -0.0255778 -0.00230902 -0.021907 -0.0248463 -0.002 -0.0434702 -0.0305949 0.005 -0.042835 -0.0308555 0 -0.042835 -0.0308555 0.005 -0.0436715 -0.0304838 0 -0.0440514 -0.0302294 0.005 -0.0435978 -0.0305262 -0.003 -0.0435978 -0.0305262 0 -0.0453112 -0.0286256 0.005 -0.0450352 -0.0291526 -4.44089e-19 -0.0449857 -0.0292301 0.005 -0.0445616 -0.02977 0.005 -0.0446541 -0.0296676 -4.44089e-19 -0.0441956 -0.0301152 -4.44089e-19 -0.0455286 -0.0279743 0.005 -0.0455286 -0.0279743 0 -0.0453293 -0.0285833 -4.44089e-19 -0.0436715 -0.0304838 -0.003 -0.0436715 -0.0304838 -0.003 -0.0436454 -0.0305271 -0.003 -0.0435978 -0.0305262 -0.003 -0.0299989 -0.0338724 0.005 -0.0299989 -0.0338724 -4.44089e-19 -0.0256532 -0.0344582 -4.44089e-19 -0.0212741 -0.0348341 -4.44089e-19 -0.0256532 -0.0344582 0.005 -0.0168614 -0.035 0 -0.0212741 -0.0348341 0.005 -0.0168614 -0.035 0.005 -0.0343111 -0.0330767 0.005 -0.0385898 -0.0320711 0.005 -0.0343111 -0.0330767 -4.44089e-19 -0.0385898 -0.0320711 -4.44089e-19 -0.042835 -0.0308555 0.005 -0.042835 -0.0308555 0 -0.0473056 -0.019382 0 -0.0473056 -0.019382 0.005 -0.047985 -0.0150496 0.005 -0.0485248 -0.0106929 0.005 -0.047985 -0.0150496 0 -0.0485248 -0.0106929 0 -0.0464868 -0.0236902 0 -0.0464868 -0.0236902 0.005 -0.0455286 -0.0279743 0 -0.0455286 -0.0279743 0.005 -0.04925 -7.71744e-17 0.005 -0.0490168 0.00403394 0.005 -0.0490982 1.83697e-17 0.005 -0.0490168 -0.00403394 0.005 -0.0450352 0.0291526 0 -0.0449857 0.0292301 0.005 -0.0446541 0.0296676 0 -0.0434702 0.0305949 0.005 -0.0436715 0.0304838 0 -0.0440514 0.0302294 0.005 -0.0435978 0.0305262 0 -0.0436715 0.0304838 -0.003 -0.0453293 0.0285833 0 -0.0453112 0.0286256 0.005 -0.0455286 0.0279743 0.005 -0.0455286 0.0279743 0 -0.0445616 0.02977 0.005 -0.0441956 0.0301152 0 -0.042835 0.0308555 0.005 -0.042835 0.0308555 0 -0.0435978 0.0305262 -0.003 -0.0436715 0.0304838 -0.003 -0.0435978 0.0305262 -0.003 -0.0436454 0.0305271 -0.003 -0.0299989 0.0338724 0.005 -0.0299989 0.0338724 0 -0.0343111 0.0330767 0 -0.0385898 0.0320711 0 -0.0343111 0.0330767 0.005 -0.042835 0.0308555 0 -0.0385898 0.0320711 0.005 -0.042835 0.0308555 0.005 -0.0256532 0.0344582 0.005 -0.0212741 0.0348341 0.005 -0.0256532 0.0344582 0 -0.0212741 0.0348341 0 -0.0168614 0.035 0.005 -0.0168614 0.035 0 -0.047985 0.0150496 0 -0.0473056 0.019382 0.005 -0.0473056 0.019382 0 -0.0485248 0.0106929 0 -0.047985 0.0150496 0.005 -0.0485248 0.0106929 0.005 -0.0464868 0.0236902 0.005 -0.0464868 0.0236902 0 -0.0455286 0.0279743 0.005 -0.0455286 0.0279743 0 0.0480125 0.00648512 0.005 0.0470811 0.00848251 0 0.0470787 0.00848767 0.005 0.0459015 0.0103629 0.005 0.045908 0.0103536 0 0.0445101 0.0120688 0 0.0445101 0.0120688 0.005 0.042909 0.0135993 0 0.042909 0.0135993 0.005 0.0480149 0.00647997 0 0.0486916 0.00438374 0.005 0.0486946 0.00437276 0 0.0491069 0.00221033 0.005 0.0491069 0.00221033 0 0.04925 -2.6408e-10 0.005 0.04925 -2.6408e-10 0 0.0470811 -0.00848251 0.005 0.0480125 -0.00648512 0 0.0480149 -0.00647997 0.005 0.0486946 -0.00437276 0.005 0.0486916 -0.00438374 0 0.0491069 -0.00221033 0 0.0491069 -0.00221033 0.005 0.04925 -2.6408e-10 0 0.04925 -2.6408e-10 0.005 0.0470787 -0.00848767 0 0.045908 -0.0103536 0.005 0.0459015 -0.0103629 0 0.0445101 -0.0120688 0.005 0.0445101 -0.0120688 0 0.042909 -0.0135993 0.005 0.042909 -0.0135993 0 0.0138114 0.0300891 0 0.00924079 0.0315222 0 0.0123563 0.0305726 0.005 0.00754551 0.0319888 0.005 0.00458161 0.0327177 0 -0.000147804 0.0336705 0 0.00267878 0.033134 0.005 -0.00488452 0.034363 0 -0.00224387 0.0340081 0.005 -0.00722242 0.0346112 0.005 -0.00966787 0.0348061 0 -0.0144979 0.035 0 -0.0122569 0.0349432 0.005 -0.0144533 0.0349994 0.005 -0.0144979 0.0349995 0.005 0.0171113 0.0288854 0.005 0.0217224 0.0269529 0.005 0.0183204 0.0284054 0 0.0262336 0.0247624 0.005 0.0227384 0.0264852 0 0.0270284 0.0243461 0 0.030645 0.0223137 0.005 0.034874 0.019647 0.005 0.0311905 0.0219879 0 0.038962 0.0167422 0.005 0.0352246 0.0194107 0 0.0391307 0.0166145 0 0.042909 0.0135993 0.005 0.042909 0.0135993 0 0.0171113 -0.0288854 0.005 0.0137825 -0.0300971 0 0.0182933 -0.0284182 0 -0.0144979 -0.035 0 -0.0122569 -0.0349432 0.005 -0.0144533 -0.0349994 0.005 0.0226867 -0.0265097 0 0.0217636 -0.0269329 0.005 0.0269915 -0.0243635 0 0.0262748 -0.0247424 0.005 0.030645 -0.0223137 0.005 0.0311905 -0.0219879 0 0.0352246 -0.0194107 0 0.034874 -0.019647 0.005 0.0391307 -0.0166145 0 0.038962 -0.0167422 0.005 0.042909 -0.0135993 0.005 0.042909 -0.0135993 0 0.0124003 -0.0305597 0.005 0.00758946 -0.0319759 0.005 0.00918571 -0.0315375 0 0.00454227 -0.0327287 0 0.00267878 -0.033134 0.005 -0.00224387 -0.0340081 0.005 -0.000147804 -0.0336705 0 -0.00722242 -0.0346112 0.005 -0.00488452 -0.034363 0 -0.00966787 -0.0348061 0 -0.0144979 -0.0349995 0.005 -0.0490168 -0.00403394 0.005 -0.0490982 1.83697e-17 0.005 -0.0490752 -0.00213859 0 -0.0488917 -0.00641576 0 -0.0488264 -0.00736755 0.005 -0.0485248 -0.0106929 0 -0.0485248 -0.0106929 0.005 -0.0490752 0.00213859 0 -0.0490168 0.00403394 0.005 -0.0488917 0.00641576 0 -0.0485248 0.0106929 0 -0.0488264 0.00736755 0.005 -0.0485248 0.0106929 0.005 -0.043451 -0.0305234 -0.008 -0.0430757 -0.0307096 -0.0096 -0.0430757 -0.0307096 -0.008 -0.043451 -0.0305234 -0.0096 -0.0426831 -0.0308555 -0.0096 -0.0426831 -0.0308555 -0.008 -0.0446151 -0.0295322 -0.008 -0.044944 -0.0290519 -0.008 -0.0446151 -0.0295322 -0.0096 -0.04422 -0.0299597 -0.0096 -0.04422 -0.0299597 -0.008 -0.043767 -0.0303254 -0.0096 -0.043767 -0.0303254 -0.008 -0.044944 -0.0290519 -0.0096 -0.0451997 -0.0285289 -0.008 -0.0451997 -0.0285289 -0.0096 -0.0453768 -0.0279743 -0.008 -0.0453768 -0.0279743 -0.0096 -0.044944 0.0290519 -0.0096 -0.0446151 0.0295322 -0.008 -0.0446151 0.0295322 -0.0096 -0.04422 0.0299597 -0.0096 -0.04422 0.0299597 -0.008 -0.043767 0.0303254 -0.008 -0.043767 0.0303254 -0.0096 -0.044944 0.0290519 -0.008 -0.0451997 0.0285289 -0.0096 -0.0451997 0.0285289 -0.008 -0.0453768 0.0279743 -0.0096 -0.0453768 0.0279743 -0.008 -0.0430757 0.0307096 -0.0096 -0.043451 0.0305234 -0.0096 -0.0430757 0.0307096 -0.008 -0.043451 0.0305234 -0.008 -0.0426831 0.0308555 -0.008 -0.0426831 0.0308555 -0.0096 -0.0451362 -0.0280551 -0.008 -0.0437408 -0.025528 -0.008 -0.0453768 -0.0279743 -0.008 -0.04422 -0.0299597 -0.008 -0.043767 -0.0303254 -0.008 0.016716 -0.00698539 -0.008 0.0159581 -0.00507226 -0.008 -0.00456941 -0.0343428 -0.008 -0.0408546 -0.0254729 -0.008 -0.0472641 -0.0187356 -0.008 -0.0464013 -0.0233657 -0.008 -0.00940489 0.0348009 -0.008 -0.0142188 0.0349966 -0.008 0.0154436 0.00306842 -0.008 0.015445 -0.00307682 -0.008 -0.0141946 -0.0349978 -0.008 -0.00937147 -0.0347968 -0.008 -0.0446151 -0.0295322 -0.008 -0.044944 -0.0290519 -0.008 -0.0451997 -0.0285289 -0.008 -0.0479651 -0.014084 -0.008 0.0159552 0.00506388 -0.008 -0.0485045 -0.00941082 -0.008 -0.0408546 0.0254729 -0.008 -0.0286039 0.0340619 -0.008 -0.0393638 0.0279449 -0.008 -0.0238428 0.0346259 -0.008 -0.0485045 0.00941082 -0.008 -0.0479651 0.014084 -0.008 -0.0437408 0.025528 -0.008 -0.0464013 0.0233657 -0.008 -0.0472641 0.0187356 -0.008 -0.04422 0.0299597 -0.008 -0.0451362 0.0280551 -0.008 -0.043767 0.0303254 -0.008 -0.044944 0.0290519 -0.008 -0.0451997 0.0285289 -0.008 -0.0446151 0.0295322 -0.008 -0.0453768 0.0279743 -0.008 -0.043451 0.0305234 -0.008 -0.0407592 0.030472 -0.008 -0.0430757 0.0307096 -0.008 -0.0190478 0.0349375 -0.008 -0.033331 0.0332456 -0.008 -0.038024 0.0321767 -0.008 -0.0426831 0.0308555 -0.008 0.00487887 0.0326867 -0.008 0.00014729 0.0336434 -0.008 0.0167137 0.00698102 -0.008 -0.00462424 0.0343494 -0.008 0.0177059 0.00878599 -0.008 0.00952509 0.0314846 -0.008 0.0189146 0.01045 -0.008 0.020324 0.0119519 -0.008 0.0141194 0.0300331 -0.008 0.0219121 0.0132664 -0.008 0.0186476 0.0283365 -0.008 0.0292571 0.0224621 -0.008 0.0306358 0.0199258 -0.008 0.0315536 0.0218603 -0.008 0.0273449 0.0242561 -0.008 0.0263713 0.0225363 -0.008 0.0248642 0.0200742 -0.008 0.0315536 0.0164 -0.008 0.0262429 0.0175379 -0.008 0.0274708 0.0158834 -0.008 0.0291287 0.0174637 -0.008 0.0294954 0.0162702 -0.008 0.0151861 0.00102732 -0.008 -0.0490982 -1.72589e-09 -0.008 0.0151861 -0.00103122 -0.008 0.0230429 0.0264148 -0.008 -0.0488822 0.00471617 -0.008 -0.0488822 -0.00471617 -0.008 0.00490203 -0.0326797 -0.008 0.0177072 -0.00878838 -0.008 0.00957719 -0.031469 -0.008 0.0189196 -0.0104564 -0.008 0.000180703 -0.0336394 -0.008 0.0186476 -0.0283365 -0.008 0.021917 -0.0132697 -0.008 0.0203307 -0.0119581 -0.008 0.0141591 -0.0300213 -0.008 0.0236533 -0.0143717 -0.008 0.0248642 -0.0200742 -0.008 0.0291287 -0.0174637 -0.008 0.0274797 -0.0158856 -0.008 0.0262429 -0.0175379 -0.008 0.0255194 -0.0152494 -0.008 0.0273449 -0.0242561 -0.008 0.0263713 -0.0225363 -0.008 0.0230429 -0.0264148 -0.008 0.0292571 -0.0224621 -0.008 0.0315536 -0.0218603 -0.008 0.0306358 -0.0199258 -0.008 -0.0189935 -0.0349401 -0.008 -0.0238015 -0.0346279 -0.008 -0.0393638 -0.0279449 -0.008 -0.0286039 -0.0340619 -0.008 -0.038024 -0.0321767 -0.008 -0.033331 -0.0332456 -0.008 -0.0407592 -0.030472 -0.008 -0.0426831 -0.0308555 -0.008 -0.043451 -0.0305234 -0.008 -0.0430757 -0.0307096 -0.008 0.0294954 -0.0162702 -0.008 0.0315536 -0.0164 -0.008 0.0255126 0.0152464 -0.008 0.0236521 0.0143709 -0.008 -0.0479651 0.014084 -0.008 -0.0472641 0.0187356 -0.008 -0.0479651 0.014084 -0.0096 -0.0472641 0.0187356 -0.0096 -0.0464013 0.0233657 -0.008 -0.0453768 0.0279743 -0.008 -0.0464013 0.0233657 -0.0096 -0.0453768 0.0279743 -0.0096 -0.0485045 0.00941082 -0.0096 -0.0488822 0.00471617 -0.0096 -0.0485045 0.00941082 -0.008 -0.0488822 0.00471617 -0.008 -0.0490982 -1.72589e-09 -0.0096 -0.0490982 -1.72589e-09 -0.008 -0.00456941 0.0343428 -0.0096 -0.00462424 0.0343494 -0.008 0.00014729 0.0336434 -0.008 0.00487887 0.0326867 -0.008 0.000180703 0.0336394 -0.0096 0.00952509 0.0314846 -0.008 0.00490203 0.0326797 -0.0096 0.00957719 0.031469 -0.0096 0.0141194 0.0300331 -0.008 0.0186476 0.0283365 -0.008 0.0141591 0.0300213 -0.0096 0.0230429 0.0264148 -0.008 0.0186476 0.0283365 -0.0096 0.0230429 0.0264148 -0.0096 0.0273449 0.0242561 -0.008 0.0315536 0.0218603 -0.008 0.0273449 0.0242561 -0.0096 0.0315536 0.0218603 -0.0096 -0.00937147 0.0347968 -0.0096 -0.00940489 0.0348009 -0.008 -0.0141946 0.0349978 -0.0096 -0.0189935 0.0349401 -0.0096 -0.0142188 0.0349966 -0.008 -0.0238015 0.0346279 -0.0096 -0.0190478 0.0349375 -0.008 -0.0238428 0.0346259 -0.008 -0.0286039 0.0340619 -0.0096 -0.033331 0.0332456 -0.0096 -0.0286039 0.0340619 -0.008 -0.038024 0.0321767 -0.0096 -0.033331 0.0332456 -0.008 -0.038024 0.0321767 -0.008 -0.0426831 0.0308555 -0.0096 -0.0426831 0.0308555 -0.008 0.0315536 0.0218603 -0.008 0.0315536 0.0164 -0.008 0.0315536 0.0164 -0.0096 0.0315536 0.0218603 -0.0096 0.0294954 0.0162702 -0.0096 0.0315536 0.0164 -0.0096 0.0315536 0.0164 -0.008 0.0236533 0.0143717 -0.0096 0.0255194 0.0152494 -0.0096 0.0255126 0.0152464 -0.008 0.0274797 0.0158856 -0.0096 0.0294954 0.0162702 -0.008 0.0274708 0.0158834 -0.008 0.020324 0.0119519 -0.008 0.0189196 0.0104564 -0.0096 0.0203307 0.0119581 -0.0096 0.0236521 0.0143709 -0.008 0.0219121 0.0132664 -0.008 0.021917 0.0132697 -0.0096 0.016716 0.00698539 -0.0096 0.0167137 0.00698102 -0.008 0.0159581 0.00507226 -0.0096 0.0177072 0.00878838 -0.0096 0.0189146 0.01045 -0.008 0.0177059 0.00878599 -0.008 0.0151861 -0.00102732 -0.0096 0.0151861 0.00103122 -0.0096 0.0151861 0.00102732 -0.008 0.0154436 0.00306842 -0.008 0.015445 0.00307682 -0.0096 0.0159552 0.00506388 -0.008 0.0159581 -0.00507226 -0.008 0.0167137 -0.00698102 -0.0096 0.0159552 -0.00506388 -0.0096 0.0151861 -0.00103122 -0.008 0.015445 -0.00307682 -0.008 0.0154436 -0.00306842 -0.0096 0.0189146 -0.01045 -0.0096 0.0189196 -0.0104564 -0.008 0.020324 -0.0119519 -0.0096 0.0177059 -0.00878599 -0.0096 0.016716 -0.00698539 -0.008 0.0177072 -0.00878838 -0.008 0.0203307 -0.0119581 -0.008 0.021917 -0.0132697 -0.008 0.0219121 -0.0132664 -0.0096 0.0236533 -0.0143717 -0.008 0.0236521 -0.0143709 -0.0096 0.0255126 -0.0152464 -0.0096 0.0255194 -0.0152494 -0.008 0.0274797 -0.0158856 -0.008 0.0274708 -0.0158834 -0.0096 0.0294954 -0.0162702 -0.008 0.0294954 -0.0162702 -0.0096 0.0315536 -0.0164 -0.0096 0.0315536 -0.0164 -0.008 0.0315536 -0.0164 -0.008 0.0315536 -0.0218603 -0.008 0.0315536 -0.0218603 -0.0096 0.0315536 -0.0164 -0.0096 -0.00462424 -0.0343494 -0.0096 -0.00456941 -0.0343428 -0.008 -0.00937147 -0.0347968 -0.008 -0.0141946 -0.0349978 -0.008 -0.00940489 -0.0348009 -0.0096 -0.0189935 -0.0349401 -0.008 -0.0142188 -0.0349966 -0.0096 -0.0190478 -0.0349375 -0.0096 -0.0238015 -0.0346279 -0.008 -0.0286039 -0.0340619 -0.008 -0.0238428 -0.0346259 -0.0096 -0.033331 -0.0332456 -0.008 -0.0286039 -0.0340619 -0.0096 -0.033331 -0.0332456 -0.0096 -0.038024 -0.0321767 -0.008 -0.0426831 -0.0308555 -0.008 -0.038024 -0.0321767 -0.0096 -0.0426831 -0.0308555 -0.0096 0.00014729 -0.0336434 -0.0096 0.000180703 -0.0336394 -0.008 0.00487887 -0.0326867 -0.0096 0.00952509 -0.0314846 -0.0096 0.00490203 -0.0326797 -0.008 0.0141194 -0.0300331 -0.0096 0.00957719 -0.031469 -0.008 0.0141591 -0.0300213 -0.008 0.0186476 -0.0283365 -0.0096 0.0230429 -0.0264148 -0.0096 0.0186476 -0.0283365 -0.008 0.0273449 -0.0242561 -0.0096 0.0230429 -0.0264148 -0.008 0.0273449 -0.0242561 -0.008 0.0315536 -0.0218603 -0.0096 0.0315536 -0.0218603 -0.008 -0.0479651 -0.014084 -0.008 -0.0485045 -0.00941082 -0.008 -0.0479651 -0.014084 -0.0096 -0.0485045 -0.00941082 -0.0096 -0.0488822 -0.00471617 -0.008 -0.0490982 -1.72589e-09 -0.008 -0.0488822 -0.00471617 -0.0096 -0.0490982 -1.72589e-09 -0.0096 -0.0472641 -0.0187356 -0.0096 -0.0464013 -0.0233657 -0.0096 -0.0472641 -0.0187356 -0.008 -0.0464013 -0.0233657 -0.008 -0.0453768 -0.0279743 -0.0096 -0.0453768 -0.0279743 -0.008 0.0292571 0.0224621 -0.0246 0.0248642 0.0200742 -0.0246 0.0263713 0.0225363 -0.0246 0.0306358 0.0199258 -0.0246 0.0291287 0.0174637 -0.0246 0.0262429 0.0175379 -0.0246 0.0292571 0.0224621 -0.0096 0.0306358 0.0199258 -0.0096 0.0306358 0.0199258 -0.0246 0.0292571 0.0224621 -0.0246 0.0263713 0.0225363 -0.0096 0.0292571 0.0224621 -0.0096 0.0292571 0.0224621 -0.0246 0.0263713 0.0225363 -0.0246 0.0248642 0.0200742 -0.0096 0.0263713 0.0225363 -0.0096 0.0263713 0.0225363 -0.0246 0.0248642 0.0200742 -0.0246 0.0262429 0.0175379 -0.0096 0.0248642 0.0200742 -0.0096 0.0248642 0.0200742 -0.0246 0.0262429 0.0175379 -0.0246 0.0291287 0.0174637 -0.0096 0.0262429 0.0175379 -0.0096 0.0262429 0.0175379 -0.0246 0.0291287 0.0174637 -0.0246 0.0306358 0.0199258 -0.0096 0.0291287 0.0174637 -0.0096 0.0291287 0.0174637 -0.0246 0.0306358 0.0199258 -0.0246 0.0292571 -0.0224621 -0.0246 0.0263713 -0.0225363 -0.0246 0.0248642 -0.0200742 -0.0246 0.0306358 -0.0199258 -0.0246 0.0262429 -0.0175379 -0.0246 0.0291287 -0.0174637 -0.0246 0.0291287 -0.0174637 -0.0096 0.0306358 -0.0199258 -0.0096 0.0306358 -0.0199258 -0.0246 0.0291287 -0.0174637 -0.0246 0.0262429 -0.0175379 -0.0096 0.0291287 -0.0174637 -0.0096 0.0291287 -0.0174637 -0.0246 0.0262429 -0.0175379 -0.0246 0.0248642 -0.0200742 -0.0096 0.0262429 -0.0175379 -0.0096 0.0262429 -0.0175379 -0.0246 0.0248642 -0.0200742 -0.0246 0.0263713 -0.0225363 -0.0096 0.0248642 -0.0200742 -0.0096 0.0248642 -0.0200742 -0.0246 0.0263713 -0.0225363 -0.0246 0.0292571 -0.0224621 -0.0096 0.0263713 -0.0225363 -0.0096 0.0263713 -0.0225363 -0.0246 0.0292571 -0.0224621 -0.0246 0.0306358 -0.0199258 -0.0096 0.0292571 -0.0224621 -0.0096 0.0292571 -0.0224621 -0.0246 0.0306358 -0.0199258 -0.0246 -0.0240982 -0.025 -0.0156 -0.0240982 -0.029 -0.0096 -0.0240982 -0.025 -0.0096 -0.0240982 -0.029 -0.0156 -0.0240982 -0.025 -0.0096 -0.00409815 -0.025 -0.0096 -0.00409815 -0.025 -0.0156 -0.0240982 -0.025 -0.0156 -0.00409815 -0.025 -0.0096 -0.00409815 -0.03 -0.0096 -0.00409815 -0.03 -0.0156 -0.00409815 -0.025 -0.0156 -0.00409815 -0.03 -0.0096 -0.0230982 -0.03 -0.0096 -0.0230982 -0.03 -0.0156 -0.00409815 -0.03 -0.0156 -0.0240982 -0.029 -0.0156 -0.0240982 -0.025 -0.0156 -0.00409815 -0.025 -0.0156 -0.00409815 -0.03 -0.0156 -0.0230982 -0.03 -0.0156 -0.0230982 -0.03 -0.0156 -0.0230982 -0.03 -0.0096 -0.0240982 -0.029 -0.0096 -0.0240982 -0.029 -0.0156</float_array>
          <technique_common>
            <accessor count="6160" source="#ID5" stride="3">
              <param name="X" type="float"/>
              <param name="Y" type="float"/>
              <param name="Z" type="float"/>
            </accessor>
          </technique_common>
        </source>
        <source id="ID6">
          <float_array count="18480" id="ID7">0 0 -1 0 0 -1 0 0 -1 0 0 -1 0 0 -1 0 0 -1 0 0 -1 0 0 -1 0 0 -1 0 0 -1 0 0 -1 0 0 -1 0 0 -1 0 0 -1 0 0 -1 0 0 -1 0 0 -1 0 0 -1 0 0 -1 0 0 -1 0 0 -1 0 0 -1 0 0 -1 0 0 -1 0 0 -1 0 0 -1 0 0 -1 0 0 -1 0 0 -1 0 0 -1 0 0 -1 0 0 -1 0 0 -1 0 0 -1 0 0 -1 0 0 -1 0 0 -1 0 0 -1 0 0 -1 0 0 -1 0 0 -1 0 0 -1 0 0 -1 0 0 -1 0 0 -1 0 0 -1 0 0 -1 0 0 -1 0 0 -1 0 0 -1 0 0 -1 0 0 -1 0 0 -1 0 0 -1 0 0 -1 0 0 -1 0 0 -1 0 0 -1 0 0 -1 0 0 -1 0 0 -1 0 0 -1 0 0 -1 0 0 -1 0 0 -1 0 0 -1 0 0 -1 0 0 -1 0 0 -1 0 0 -1 0 0 -1 0 0 -1 0 0 -1 0 0 -1 0 0 -1 0 0 -1 0 0 -1 0 0 -1 0 0 -1 0 0 -1 0 0 -1 0 0 -1 0 0 -1 0 0 -1 0 0 -1 0 0 -1 0 0 -1 0 0 -1 0 0 -1 0 0 -1 0 0 -1 0 0 -1 0 0 -1 0 0 -1 0 0 -1 0 0 -1 0 0 -1 0 0 -1 0 0 -1 0 0 -1 0 0 -1 0 0 -1 0 0 -1 0 0 -1 0 0 -1 0 0 -1 0 0 -1 0 0 -1 0 0 -1 0 0 -1 0 0 -1 0 0 -1 0 0 -1 0 0 -1 -0.019091 0.999818 0 -0.019091 0.999818 0 -0.019091 0.999818 0 -0.019091 0.999818 0 0.856322 0.516442 0 0.856322 0.516442 0 0.856322 0.516442 0 0.856322 0.516442 0 0.875413 -0.483376 0 0.875413 -0.483376 0 0.875413 -0.483376 0 0.875413 -0.483376 0 -0.875413 0.483376 0 -0.875413 0.483376 0 -0.875413 0.483376 0 -0.875413 0.483376 0 0.878586 -0.477583 0 0.878586 -0.477583 0 0.878586 -0.477583 0 0.878586 -0.477583 0 0.0256938 -0.99967 0 0.0256938 -0.99967 0 0.0256938 -0.99967 0 0.0256938 -0.99967 0 -0.852893 -0.522086 -0 -0.852893 -0.522086 -0 -0.852893 -0.522086 -0 -0.852893 -0.522086 -0 -0.878586 0.477583 0 -0.878586 0.477583 0 -0.878586 0.477583 0 -0.878586 0.477583 0 -0.0256938 0.99967 0 -0.0256938 0.99967 0 -0.0256938 0.99967 0 -0.0256938 0.99967 0 0.852893 0.522086 0 0.852893 0.522086 0 0.852893 0.522086 0 0.852893 0.522086 0 0.852893 -0.522086 0 0.852893 -0.522086 0 0.852893 -0.522086 0 0.852893 -0.522086 0 -0.0256938 -0.99967 -0 -0.0256938 -0.99967 -0 -0.0256938 -0.99967 -0 -0.0256938 -0.99967 -0 -0.878586 -0.477583 -0 -0.878586 -0.477583 -0 -0.878586 -0.477583 -0 -0.878586 -0.477583 -0 -0.852893 0.522086 0 -0.852893 0.522086 0 -0.852893 0.522086 0 -0.852893 0.522086 0 0.0256938 0.99967 0 0.0256938 0.99967 0 0.0256938 0.99967 0 0.0256938 0.99967 0 0.878586 0.477583 0 0.878586 0.477583 0 0.878586 0.477583 0 0.878586 0.477583 0 -0.875413 -0.483376 -0 -0.875413 -0.483376 -0 -0.875413 -0.483376 -0 -0.875413 -0.483376 -0 0.875413 0.483376 0 0.875413 0.483376 0 0.875413 0.483376 0 0.875413 0.483376 0 0.856322 -0.516442 0 0.856322 -0.516442 0 0.856322 -0.516442 0 0.856322 -0.516442 0 -0.019091 -0.999818 -0 -0.019091 -0.999818 -0 -0.019091 -0.999818 -0 -0.019091 -0.999818 -0 -0 -0 -1 -0 -0 -1 -0 -0 -1 -0 -0 -1 -0 -0 -1 -0 -0 -1 -0 -0 -1 -0 -0 -1 -0 -0 -1 -0 -0 -1 -0 -0 -1 -0 -0 -1 -0 -0 -1 -0 -0 -1 -0 -0 -1 -0 -0 -1 -0 -0 -1 -0 -0 -1 -0 -0 -1 -0 -0 -1 -0 -0 -1 -0 -0 -1 -0 -0 -1 -0 -0 -1 -0 -0 -1 -0 -0 -1 -0 -0 -1 -0 -0 -1 -0 -0 -1 -0 -0 -1 -0 -0 -1 -0 -0 -1 -0 -0 -1 -0 -0 -1 -0 -0 -1 -0 -0 -1 -0 -0 -1 -0 -0 -1 -0 -0 -1 -0 -0 -1 -0 -0 -1 -0 -0 -1 -0 -0 -1 -0 -0 -1 -0 -0 -1 -0 -0 -1 -0 -0 -1 -0 -0 -1 -0 -0 -1 -0 -0 -1 -0 -0 -1 -0 -0 -1 -0 -0 -1 -0 -0 -1 -0 -0 -1 -0 -0 -1 -0 -0 -1 -0 -0 -1 -0 -0 -1 -0 -0 -1 -0 -0 -1 -0 -0 -1 -0 -0 -1 -0 -0 -1 -0 -0 -1 -0 -0 -1 -0 -0 -1 -0 -0 -1 -0 -0 -1 -0 -0 -1 -0 -0 -1 -0 -0 -1 -0 -0 -1 -0 -0 -1 -0 -0 -1 -0 -0 -1 -0 -0 -1 -0 -0 -1 -0 -0 -1 -0 -0 -1 -0 -0 -1 -0 -0 -1 -0 -0 -1 -0 -0 -1 -0 -0 -1 -0 -0 -1 -0 -0 -1 -0 -0 -1 -0 -0 -1 -0 -0 -1 -0 -0 -1 -0 -0 -1 -0 -0 -1 -0 -0 -1 -0 -0 -1 -0 -0 -1 -0 -0 -1 -0 -0 -1 -0 -0 -1 -0 -0 -1 -0 -0 -1 -0 -0 -1 -0 -0 -1 -0 -0 -1 -0 -0 -1 -0 -0 -1 -0 -0 -1 -0 -0 -1 -0 -0 -1 -0 -0 -1 -0 -0 -1 -0 -0 -1 -0 -0 -1 -0 -0 -1 -0 -0 -1 -0 -0 -1 -0 -0 -1 -0 -0 -1 -0 -0 -1 -0 -0 -1 -0 -0 -1 -0 -0 -1 -0 -0 -1 -0 -0 -1 -0 -0 -1 -0 -0 -1 -0 -0 -1 -0 -0 -1 -0 -0 -1 -0 -0 -1 -0 -0 -1 -0 -0 -1 -0 -0 -1 -0 -0 -1 -0 -0 -1 -0 -0 -1 -0 -0 -1 -0 -0 -1 -0 -0 -1 -0 -0 -1 -0 -0 -1 -0 -0 -1 -0 -0 -1 -0 -0 -1 -0 -0 -1 -0 -0 -1 -0 -0 -1 -0 -0 -1 -0 -0 -1 -0 -0 -1 -0 -0 -1 -0 -0 -1 -0 -0 -1 -0 -0 -1 -0 -0 -1 -0 -0 -1 -0 -0 -1 -0 -0 -1 -0 -0 -1 -0 -0 -1 -0 -0 -1 -0 -0 -1 -0 -0 -1 -0 -0 -1 -0 -0 -1 -0 -0 -1 -0 -0 -1 -0 -0 -1 -0 -0 -1 -0 -0 -1 -0 -0 -1 -0 -0 -1 -0 -0 -1 -0 -0 -1 -0 -0 -1 -0 -0 -1 -0 -0 -1 -0 -0 -1 -0 -0 -1 -0 -0 -1 -0 -0 -1 -0 -0 -1 -0 -0 -1 -0 -0 -1 -0 -0 -1 -0 -0 -1 -0 -0 -1 -0 -0 -1 -0 -0 -1 -0 -0 -1 -0 -0 -1 -0 -0 -1 -0 -0 -1 -0 -0 -1 -0 -0 -1 -0 -0 -1 -0 -0 -1 -0 -0 -1 -0 -0 -1 -0 -0 -1 -0 -0 -1 -0 -0 -1 -0 -0 -1 -0 -0 -1 -0 -0 -1 -0 -0 -1 -0 -0 -1 -0 -0 -1 -0 -0 -1 -0 -0 -1 -0 -0 -1 -0 -0 -1 -0 -0 -1 -0 -0 -1 -0 -0 -1 0 0 1 0 0 1 0 0 1 0 0 1 0 0 1 0 0 1 0 0 1 0 0 1 0 0 1 0 0 1 0 0 1 0 0 1 0 0 1 0 0 1 0 0 1 0 0 1 0 0 1 0 0 1 0 0 1 0 0 1 0 0 1 0 0 1 0 0 1 0 0 1 0 0 1 0 0 1 0 0 1 0 0 1 0 0 1 0 0 1 0 0 1 0 0 1 0 0 1 0 0 1 0 0 1 0 0 1 0 0 1 0 0 1 0 0 1 0 0 1 0 0 1 0 0 1 0 0 1 0 0 1 0 0 1 0 0 1 0 0 1 0 0 1 0 0 1 0 0 1 0 0 1 0 0 1 0 0 1 0 0 1 0 0 1 0 0 1 0 0 1 0 0 1 0 0 1 0 0 1 0 0 1 0 0 1 0 0 1 0 0 1 0 0 1 0 0 1 0 0 1 0 0 1 0 0 1 0 0 1 0 0 1 0 0 1 0 0 1 0 0 1 0 0 1 0 0 1 0 0 1 0 0 1 0 0 1 0 0 1 0 0 1 0 0 1 0 0 1 0 0 1 0 0 1 0 0 1 0 0 1 0 0 1 0 0 1 0 0 1 0 0 1 0 0 1 0 0 1 0 0 1 0 0 1 0 0 1 0 0 1 0 0 1 0 0 1 0 0 1 0 0 1 0 0 1 0 0 1 0 0 1 0 0 1 0 0 1 0 0 1 0 0 1 0 0 1 0 0 1 0 0 1 0 0 1 0 0 1 0 0 1 0 0 1 0 0 1 0 0 1 0 0 1 0 0 1 0 0 1 0 0 1 0 0 1 0 0 1 0 0 1 0 0 1 0 0 1 0 0 1 0 0 1 0 0 1 0 0 1 0 0 1 0 0 1 0 0 1 0 0 1 0 0 1 0 0 1 0 0 1 0 0 1 0 0 1 0 0 1 0 0 1 0 0 1 0 0 1 0 0 1 0 0 1 0 0 1 0 0 1 0 0 1 0 0 1 0 0 1 0 0 1 0 0 1 0 0 1 0 0 1 0 0 1 0 0 1 0 0 1 0 0 1 0 0 1 0 0 1 0 0 1 0 0 1 0 0 1 0 0 1 0 0 1 0 0 1 0 0 1 0 0 1 0 0 1 0 0 1 0 0 1 0 0 1 0 0 1 0 0 1 0 0 1 0 0 1 0 0 1 0 0 1 0 0 1 0 0 1 0 0 1 0 0 1 0 0 1 0 0 1 0 0 1 0 0 1 0 0 1 0 0 1 0 0 1 0 0 1 0 0 1 0 0 1 0 0 1 0 0 1 0 0 1 0 0 1 0 0 1 0 0 1 0 0 1 0 0 1 0 0 1 0 0 1 0 0 1 0 0 1 0 0 1 0 0 1 0 0 1 0 0 1 0 0 1 0 0 1 0 0 1 0 0 1 0 0 1 0 0 1 0 0 1 0 0 1 0 0 1 0 0 1 0 0 1 0 0 1 0 0 1 0 0 1 0 0 1 0 0 1 0 0 1 0 0 1 0 0 1 0 0 1 0 0 1 0 0 1 0 0 1 0 0 1 0 0 1 0 0 1 0 0 1 0 0 1 0 0 1 0 0 1 0 0 1 0 0 1 0 0 1 0 0 1 0 0 1 0 0 1 0 0 1 0 0 1 0 0 1 0 0 1 0 0 1 0 0 1 0 0 1 0 0 1 0 0 1 0 0 1 0 0 1 0 0 1 0 0 1 0 0 1 0 0 1 0 0 1 0 1 0 0 1 0 0 1 0 0 1 0 -0 -1 -0 -0 -1 -0 -0 -1 -0 -0 -1 -0 0 0 1 0 0 1 0 0 1 0 0 1 0 0 1 0 0 1 0 0 1 0 0 1 0 0 1 0 0 1 0 0 1 0 0 1 0 0 1 0 0 1 0 0 1 0 0 1 0 0 1 0 0 1 0 0 1 0 0 1 0 0 1 0 0 1 0 0 1 0 0 1 0 0 1 0 0 1 0 0 1 0 0 1 0 0 1 0 0 1 0 0 1 0 0 1 0 0 1 0 0 1 0 0 1 0 0 1 0 0 1 0 0 1 0 0 1 0 0 1 0 0 1 0 0 1 0 0 1 0 0 1 0 0 1 0 0 1 0 0 1 0 0 1 0 0 1 0 0 1 0 0 1 0 0 1 0 0 1 0 0 1 0 0 1 0 0 1 0 0 1 0 0 1 0 0 1 0 0 1 0 0 1 0 0 1 0 0 1 0 0 1 0 0 1 0 0 1 0 0 1 0 0 1 0 0 1 0 0 1 0 0 1 0 0 1 0 0 1 0 0 1 0 0 1 0.019091 -0.999818 0 0.019091 -0.999818 0 0.019091 -0.999818 0 0.019091 -0.999818 0 0.019091 -0.999818 0 0.019091 -0.999818 0 0.019091 -0.999818 0 0.019091 -0.999818 0 0.019091 -0.999818 0 0.019091 -0.999818 0 -0.856322 -0.516442 -0 -0.856322 -0.516442 -0 -0.856322 -0.516442 -0 -0.856322 -0.516442 -0 -0.856322 -0.516442 -0 -0.856322 -0.516442 -0 -0.856322 -0.516442 -0 -0.856322 -0.516442 -0 -0.856322 -0.516442 -0 -0.856322 -0.516442 -0 -0.856322 0.516442 0 -0.856322 0.516442 0 -0.856322 0.516442 0 -0.856322 0.516442 0 -0.856322 0.516442 0 -0.856322 0.516442 0 -0.856322 0.516442 0 -0.856322 0.516442 0 -0.856322 0.516442 0 -0.856322 0.516442 0 0.019091 0.999818 0 0.019091 0.999818 0 0.019091 0.999818 0 0.019091 0.999818 0 0.019091 0.999818 0 0.019091 0.999818 0 0.019091 0.999818 0 0.019091 0.999818 0 0.019091 0.999818 0 0.019091 0.999818 0 0.996584 0.0825794 0 0.996584 0.0825794 0 0.996584 -0.0825794 0 -0.164595 -0.986361 -0 -8.74228e-08 -1 -0 -8.74228e-08 -1 -0 0.9694 0.245485 0 0.9694 0.245485 0 0.915773 0.401695 0 0.915773 0.401695 0 0.837166 0.546948 0 0.837166 0.546948 0 0.735724 0.677282 0 0.735724 0.677282 0 0.614213 0.789141 0 0.614213 0.789141 0 0.475947 0.879474 0 0.475947 0.879474 0 0.324699 0.945817 0 0.324699 0.945817 0 0.164595 0.986361 0 0.164595 0.986361 0 -1.37149e-11 1 0 -3.04531e-27 1 0 0.996584 -0.0825792 0 0.9694 -0.245485 0 0.9694 -0.245485 0 0.915773 -0.401695 0 0.915773 -0.401695 0 0.837166 -0.546948 0 0.837166 -0.546948 0 0.735724 -0.677282 0 0.735724 -0.677282 0 0.614213 -0.789141 0 0.614213 -0.78914 0 0.475947 -0.879474 0 0.475947 -0.879474 0 0.3247 -0.945817 0 0.324699 -0.945817 0 0.164595 -0.986361 0 0.164595 -0.986361 0 -0.614213 -0.78914 -0 -0.475947 -0.879474 -0 -0.475947 -0.879474 -0 -0.324699 -0.945817 -0 -0.324699 -0.945817 -0 -0.164595 -0.986361 -0 -0.837167 -0.546948 -0 -0.837167 -0.546948 -0 -0.915773 -0.401695 -0 -0.614213 -0.78914 -0 -0.735724 -0.677282 -0 -0.735724 -0.677282 -0 -0.996584 -0.0825794 -0 -0.996584 0.0825794 0 -0.996584 -0.0825794 -0 -0.9694 -0.245486 -0 -0.9694 -0.245486 -0 -0.915773 -0.401695 -0 -0.837166 0.546948 0 -0.915773 0.401695 0 -0.915773 0.401695 0 -0.9694 0.245485 0 -0.996584 0.0825794 0 -0.9694 0.245486 0 -0.614213 0.789141 0 -0.735724 0.677282 0 -0.614213 0.78914 0 -0.837166 0.546948 0 -0.735724 0.677282 0 -0.475948 0.879474 0 -0.475947 0.879474 0 -0.3247 0.945817 0 -0.324699 0.945817 0 -0.164595 0.986361 0 -0.164595 0.986361 0 -0.756825 -0.653618 0 -0.698413 -0.715695 0 -0.707107 -0.707107 0 -1.19249e-08 -1 0 -0.00580833 -0.999983 0 0.0569464 -0.998377 0 -0.766044 -0.642788 0 -0.809738 -0.586792 0 -0.819152 -0.573576 0 -0.856767 -0.515703 0 -0.897572 -0.440868 0 -0.866026 -0.5 0 -0.906308 -0.422618 0 -0.931856 -0.362829 0 -0.939693 -0.34202 0 -0.959369 -0.282154 0 -0.979912 -0.199429 0 -0.965926 -0.258819 0 -0.984808 -0.173648 0 -0.993336 -0.115255 0 -0.996195 -0.0871556 0 -1 -3.01992e-07 0 -1 1.74846e-07 0 -0.634928 -0.772572 0 -0.642788 -0.766044 0 -0.573576 -0.819152 0 -0.566829 -0.823835 0 -0.494612 -0.869114 0 -0.5 -0.866025 0 -0.418801 -0.908078 0 -0.422618 -0.906308 0 -0.34202 -0.939693 0 -0.339948 -0.940444 0 -0.258625 -0.965978 0 -0.258819 -0.965926 0 -0.175422 -0.984493 0 -0.173648 -0.984808 0 -0.0909458 -0.995856 0 -0.0871557 -0.996195 0 0.170522 -0.985354 0 0.0855747 -0.996332 0 0.142989 -0.989724 0 0.415415 -0.909632 0 0.336049 -0.941844 0 0.392173 -0.919891 0 0.254218 -0.967147 0 0.227963 -0.97367 0 0.311232 -0.950334 0 0.564443 -0.825472 0 0.615094 -0.788454 0 0.633013 -0.774141 0 0.470182 -0.88257 0 0.544674 -0.838648 0 0.491733 -0.870746 0 0.796822 -0.604214 0 0.809017 -0.587785 0 0.75575 -0.654861 0 0.741641 -0.670797 0 0.696938 -0.717132 0 0.680913 -0.732364 0 0.931864 -0.362808 0 0.897398 -0.441221 0 0.925187 -0.379511 0 0.856349 -0.516397 0 0.846044 -0.533113 0 0.888939 -0.458025 0 0.980083 -0.198591 0 0.991594 -0.129392 0 0.993482 -0.113991 0 0.954516 -0.298159 0 0.976707 -0.214578 0 0.959493 -0.281733 0 0.991593 0.129392 0 0.989821 0.142315 0 0.998369 0.0570887 0 0.999065 0.0432384 0 0.999592 -0.0285561 0 0.999065 -0.0432384 0 0.921124 0.38927 0 0.951056 0.309017 0 0.925187 0.379511 0 0.974012 0.226497 0 0.976707 0.214578 0 0.954516 0.298159 0 0.841254 0.540641 0 0.796822 0.604214 0 0.791902 0.610648 0 0.888939 0.458025 0 0.846044 0.533113 0 0.884433 0.466667 0 0.615094 0.788454 0 0.610648 0.791902 0 0.676175 0.736741 0 0.680913 0.732364 0 0.736741 0.676175 0 0.74164 0.670798 0 0.38927 0.921124 0 0.466667 0.884433 0 0.392173 0.919891 0 0.540641 0.841254 0 0.544674 0.838648 0 0.470182 0.88257 0 0.226497 0.974012 0 0.142989 0.989724 0 0.142315 0.989821 0 0.311232 0.950334 0 0.227963 0.97367 0 0.309017 0.951056 0 -0.0909458 0.995856 0 -0.113991 0.993482 0 -0.028556 0.999592 0 -0.0058084 0.999983 0 0.0570887 0.998369 0 0.0569461 0.998377 0 -0.362808 0.931864 0 -0.281733 0.959493 0 -0.339948 0.940444 0 -0.19859 0.980083 0 -0.175423 0.984493 0 -0.258625 0.965978 0 -0.494612 0.869114 0 -0.441221 0.897398 0 -0.418801 0.908078 0 -0.566829 0.823836 0 -0.516397 0.856349 0 -0.587785 0.809017 0 -0.634927 0.772572 0 -0.698413 0.715695 0 -0.654861 0.75575 0 -0.717132 0.696938 0 -0.756825 0.653618 0 -0.774142 0.633012 0 -0.809737 0.586792 0 -0.856767 0.515704 0 -0.825472 0.564443 0 -0.897572 0.440868 0 -0.870746 0.491733 0 -0.909632 0.415415 0 -0.931856 0.362829 0 -0.959369 0.282154 0 -0.941844 0.336049 0 -0.979912 0.199429 0 -0.967147 0.254218 0 -0.985354 0.170522 0 -0.993336 0.115256 0 -0.996332 0.085575 0 0 0 1 0 0 1 0 0 1 0 0 1 0 0 1 0 0 1 0 0 1 0 0 1 0 0 1 0 0 1 0 0 1 0 0 1 0 0 1 0 0 1 0 0 1 0 0 1 0 0 1 0 0 1 0 0 1 0 0 1 0 0 1 0 0 1 0 0 1 0 0 1 0 0 1 0 0 1 0 0 1 0 0 1 0 0 1 0 0 1 0 0 1 0 0 1 0 0 1 0 0 1 0 0 1 0 0 1 0 0 1 0 0 1 0 0 1 0 0 1 0 0 1 0 0 1 0 0 1 0 0 1 0 0 1 0 0 1 0 0 1 0 0 1 0 0 1 0 0 1 0 0 1 0 0 1 0 0 1 0 0 1 0 0 1 0 0 1 0 0 1 0 0 1 0 0 1 0 0 1 0 0 1 0 0 1 0 0 1 0 0 1 0 0 1 0 0 1 0 0 1 0 0 1 0 0 1 0 0 1 0 0 1 0 0 1 0 0 1 0 0 1 0 0 1 0 0 1 0 0 1 0 0 1 0 0 1 0 0 1 0 0 1 0 0 1 0 0 1 0 0 1 0 0 1 0 0 1 0 0 1 0 0 1 0 0 1 0 0 1 0 0 1 0 0 1 0 0 1 0 0 1 0 0 1 0 0 1 0 0 1 0 0 1 0 0 1 0 0 1 0 0 1 0 0 1 0 0 1 0 0 1 0 0 1 0 0 1 0 0 1 0 0 1 0 0 1 0 0 1 0 0 1 0 0 1 0 0 1 0 0 1 0 0 1 0 0 1 0 0 1 0 0 1 0 0 1 0 0 1 0 0 1 0 0 1 0 0 1 0 0 1 0 0 1 0 0 1 0 0 1 0 0 1 0 0 1 0 0 1 0 0 1 0 0 1 0 0 1 0 0 1 0 0 1 0 0 1 0 0 1 0 0 1 0 0 1 0 0 1 0 0 1 0 0 1 0 0 1 0 0 1 0 0 1 0 0 1 0 0 1 0 0 1 0 0 1 0 0 1 0 0 1 0 0 1 0 0 1 0 0 1 0 0 1 0 0 1 0 0 1 0 0 1 0 0 1 0 0 1 0 0 1 0 0 1 0 0 1 0 0 1 0 0 1 0 0 1 0 0 1 0 0 1 0 0 1 0 0 1 0 0 1 0 0 1 0 0 1 0 0 1 0 0 1 0 0 1 0 0 1 0 0 1 0 0 1 0 0 1 0 0 1 0 0 1 0 0 1 0 0 1 0 0 1 0 0 1 0 0 1 0 0 1 0 0 1 0 0 1 0 0 1 0 0 1 0 0 1 0 0 1 0 0 1 0 0 1 0 0 1 0 0 1 0 0 1 0 0 1 0 0 1 0 0 1 0 0 1 0 0 1 0 0 1 0 0 1 0 0 1 0 0 1 0 0 1 0 0 1 0 0 1 0 0 1 0 0 1 0 0 1 0 0 1 0 0 1 0 0 1 0 0 1 0 0 1 0 0 1 0 0 1 0 0 1 0 0 1 0 0 1 0 0 1 0 0 1 -0.169001 0.985616 0 -1.35811e-22 1 0 1.37186e-11 1 0 -0.62822 0.778036 0 -0.487695 0.873014 0 -0.487695 0.873014 0 -0.33314 0.942877 0 -0.169001 0.985616 0 -0.33314 0.942877 0 -0.851529 0.524307 0 -0.927889 0.372856 0 -0.851529 0.524307 0 -0.62822 0.778036 0 -0.750672 0.660675 0 -0.750672 0.660675 0 -0.999099 0.0424412 0 -0.999099 0.0424412 0 -0.9919 -0.127018 -0 -0.977555 0.210679 0 -0.927889 0.372857 0 -0.977555 0.210679 0 -0.803997 -0.594633 -0 -0.892926 -0.450204 -0 -0.892926 -0.450204 -0 -0.956167 -0.292823 -0 -0.956167 -0.292823 -0 -0.9919 -0.127018 -0 -0.559975 -0.82851 -0 -0.411901 -0.911229 -0 -0.559975 -0.82851 -0 -0.803997 -0.594633 -0 -0.691939 -0.721956 -0 -0.691939 -0.721956 -0 -0.0848059 -0.996397 -0 -0.0848059 -0.996397 -0 0.0848059 -0.996397 0 -0.251978 -0.967733 -0 -0.411901 -0.911228 -0 -0.251978 -0.967733 -0 0.559975 -0.82851 0 0.411901 -0.911228 0 0.411901 -0.911228 0 0.251978 -0.967733 0 0.251978 -0.967733 0 0.0848059 -0.996397 0 0.803997 -0.594633 0 0.892926 -0.450204 0 0.803997 -0.594633 0 0.559975 -0.82851 0 0.691939 -0.721956 0 0.691939 -0.721956 0 0.9919 -0.127018 0 0.9919 -0.127018 0 0.999099 0.0424415 0 0.956167 -0.292823 0 0.892926 -0.450204 0 0.956167 -0.292823 0 0.999099 0.042441 0 0.977555 0.210679 0 0.977555 0.210679 0 0.927889 0.372857 0 0.927889 0.372856 0 0.851529 0.524307 0 0.851529 0.524307 0 0.750672 0.660675 0 0.750672 0.660675 0 0.62822 0.778036 0 0.62822 0.778036 0 0.487695 0.873014 0 0.487695 0.873014 0 0.33314 0.942877 0 0.33314 0.942877 0 0.169001 0.985616 0 0.169001 0.985616 0 0 0 1 0 0 1 0 0 1 0 0 1 0 0 1 0 0 1 0 0 1 0 0 1 0 0 1 0 0 1 0 0 1 0 0 1 0 0 1 0 0 1 0 0 1 0 0 1 0 0 1 0 0 1 0 0 1 0 0 1 0 0 1 0 0 1 0 0 1 0 0 1 0 0 1 0 0 1 0 0 1 0 0 1 0 0 1 0 0 1 0 0 1 0 0 1 0 0 1 0 0 1 0 0 1 0 0 1 0 0 1 -0.169001 0.985616 0 -1.35811e-22 1 0 1.37186e-11 1 0 -0.62822 0.778036 0 -0.487695 0.873014 0 -0.487695 0.873014 0 -0.33314 0.942877 0 -0.169001 0.985616 0 -0.33314 0.942877 0 -0.851529 0.524307 0 -0.927889 0.372856 0 -0.851529 0.524307 0 -0.62822 0.778036 0 -0.750672 0.660675 0 -0.750672 0.660675 0 -0.999099 0.0424412 0 -0.999099 0.0424412 0 -0.9919 -0.127018 -0 -0.977555 0.210679 0 -0.927889 0.372857 0 -0.977555 0.210679 0 -0.803997 -0.594633 -0 -0.892926 -0.450204 -0 -0.892926 -0.450204 -0 -0.956167 -0.292823 -0 -0.956167 -0.292823 -0 -0.9919 -0.127018 -0 -0.559975 -0.82851 -0 -0.411901 -0.911229 -0 -0.559975 -0.82851 -0 -0.803997 -0.594633 -0 -0.691939 -0.721956 -0 -0.691939 -0.721956 -0 -0.0848059 -0.996397 -0 -0.0848059 -0.996397 -0 0.0848059 -0.996397 0 -0.251978 -0.967733 -0 -0.411901 -0.911228 -0 -0.251978 -0.967733 -0 0.559975 -0.82851 0 0.411901 -0.911228 0 0.411901 -0.911228 0 0.251978 -0.967733 0 0.251978 -0.967733 0 0.0848059 -0.996397 0 0.803997 -0.594633 0 0.892926 -0.450204 0 0.803997 -0.594633 0 0.559975 -0.82851 0 0.691939 -0.721956 0 0.691939 -0.721956 0 0.9919 -0.127018 0 0.9919 -0.127018 0 0.999099 0.0424415 0 0.956167 -0.292823 0 0.892926 -0.450204 0 0.956167 -0.292823 0 0.999099 0.042441 0 0.977555 0.210679 0 0.977555 0.210679 0 0.927889 0.372857 0 0.927889 0.372856 0 0.851529 0.524307 0 0.851529 0.524307 0 0.750672 0.660675 0 0.750672 0.660675 0 0.62822 0.778036 0 0.62822 0.778036 0 0.487695 0.873014 0 0.487695 0.873014 0 0.33314 0.942877 0 0.33314 0.942877 0 0.169001 0.985616 0 0.169001 0.985616 0 0 0 1 0 0 1 0 0 1 0 0 1 0 0 1 0 0 1 0 0 1 0 0 1 0 0 1 0 0 1 0 0 1 0 0 1 0 0 1 0 0 1 0 0 1 0 0 1 0 0 1 0 0 1 0 0 1 0 0 1 0 0 1 0 0 1 0 0 1 0 0 1 0 0 1 0 0 1 0 0 1 0 0 1 0 0 1 0 0 1 0 0 1 0 0 1 0 0 1 0 0 1 0 0 1 0 0 1 0 0 1 -0.169001 0.985616 0 -1.35811e-22 1 0 1.37186e-11 1 0 -0.62822 0.778036 0 -0.487695 0.873014 0 -0.487695 0.873014 0 -0.33314 0.942877 0 -0.169001 0.985616 0 -0.33314 0.942877 0 -0.851529 0.524307 0 -0.927889 0.372856 0 -0.851529 0.524307 0 -0.62822 0.778036 0 -0.750672 0.660675 0 -0.750672 0.660675 0 -0.999099 0.0424412 0 -0.999099 0.0424412 0 -0.9919 -0.127018 -0 -0.977555 0.210679 0 -0.927889 0.372857 0 -0.977555 0.210679 0 -0.803997 -0.594633 -0 -0.892926 -0.450204 -0 -0.892926 -0.450204 -0 -0.956167 -0.292823 -0 -0.956167 -0.292823 -0 -0.9919 -0.127018 -0 -0.559975 -0.82851 -0 -0.411901 -0.911229 -0 -0.559975 -0.82851 -0 -0.803997 -0.594633 -0 -0.691939 -0.721956 -0 -0.691939 -0.721956 -0 -0.0848059 -0.996397 -0 -0.0848059 -0.996397 -0 0.0848059 -0.996397 0 -0.251978 -0.967733 -0 -0.411901 -0.911228 -0 -0.251978 -0.967733 -0 0.559975 -0.82851 0 0.411901 -0.911228 0 0.411901 -0.911228 0 0.251978 -0.967733 0 0.251978 -0.967733 0 0.0848059 -0.996397 0 0.803997 -0.594633 0 0.892926 -0.450204 0 0.803997 -0.594633 0 0.559975 -0.82851 0 0.691939 -0.721956 0 0.691939 -0.721956 0 0.9919 -0.127018 0 0.9919 -0.127018 0 0.999099 0.0424415 0 0.956167 -0.292823 0 0.892926 -0.450204 0 0.956167 -0.292823 0 0.999099 0.042441 0 0.977555 0.210679 0 0.977555 0.210679 0 0.927889 0.372857 0 0.927889 0.372856 0 0.851529 0.524307 0 0.851529 0.524307 0 0.750672 0.660675 0 0.750672 0.660675 0 0.62822 0.778036 0 0.62822 0.778036 0 0.487695 0.873014 0 0.487695 0.873014 0 0.33314 0.942877 0 0.33314 0.942877 0 0.169001 0.985616 0 0.169001 0.985616 0 0 0 1 0 0 1 0 0 1 0 0 1 0 0 1 0 0 1 0 0 1 0 0 1 0 0 1 0 0 1 0 0 1 0 0 1 0 0 1 0 0 1 0 0 1 0 0 1 0 0 1 0 0 1 0 0 1 0 0 1 0 0 1 0 0 1 0 0 1 0 0 1 0 0 1 0 0 1 0 0 1 0 0 1 0 0 1 0 0 1 0 0 1 0 0 1 0 0 1 0 0 1 0 0 1 0 0 1 0 0 1 0.0498477 0.585668 0.809017 0.148109 0.568819 0.809017 0.0599668 0.704559 0.707107 0.28666 -0.513145 0.809017 0.195815 -0.554209 0.809017 0.344852 -0.617314 0.707107 -0.0686096 0.806102 0.587785 0.0686094 0.806102 0.587785 -0.0755626 0.887797 0.453991 0.178175 0.68429 0.707107 0.291258 0.644336 0.707107 0.203855 0.782912 0.587785 -0.0599668 0.704559 0.707107 -0.0498476 0.585668 0.809017 -0.0385012 0.452355 0.891006 0.0262065 0.307904 0.951056 0.0385011 0.452355 0.891006 -0.224514 0.862256 0.453991 -0.203855 0.782912 0.587785 -0.178175 0.68429 0.707107 -0.148109 0.568819 0.809017 -0.333235 0.737199 0.587785 -0.367007 0.811911 0.453991 -0.453029 0.670278 0.587785 -0.291258 0.644336 0.707107 -0.498941 0.738207 0.453991 -0.242109 0.535607 0.809017 -0.395962 0.585845 0.707107 -0.329145 0.486986 0.809017 -0.55979 0.584075 0.587785 -0.616522 0.643268 0.453991 -0.489275 0.5105 0.707107 -0.406711 0.424355 0.809017 -0.248449 0.183752 0.951056 -0.108243 0.112939 0.987688 -0.213821 0.223097 0.951056 -0.716367 0.529822 0.453991 -0.650447 0.481068 0.587785 -0.472578 0.349517 0.809017 -0.568512 0.420469 0.707107 -0.125773 0.0930212 0.987688 -0.275929 0.139121 0.951056 -0.722392 0.364223 0.587785 -0.795603 0.401134 0.453991 -0.631394 0.318342 0.707107 -0.524849 0.264623 0.809017 -0.295472 0.0904873 0.951056 -0.139684 0.0704274 0.987688 -0.851951 0.260907 0.453991 -0.773555 0.236898 0.587785 -0.434091 0.132939 0.891006 -0.450314 0.0576649 0.891006 -0.676112 0.207057 0.707107 -0.562021 0.172117 0.809017 -0.88379 0.113174 0.453991 -0.802464 0.102759 0.587785 -0.890204 -0.0378157 0.453991 -0.808288 -0.0343355 0.587785 -0.701379 0.0898151 0.707107 -0.583024 0.0746591 0.809017 -0.587255 -0.0249465 0.809017 -0.70647 -0.0300103 0.707107 -0.453582 -0.0192678 0.891006 -0.306514 0.0392506 0.951056 -0.329038 -0.931269 0.156434 -0.481691 -0.862266 0.156434 -0.422618 -0.906308 -1.74846e-07 -0.691236 -0.148973 0.707107 -0.574592 -0.123834 0.809017 -0.443801 -0.0956464 0.891006 -0.308739 -0.0131152 0.951056 -0.790859 -0.170443 0.587785 -0.421253 -0.169273 0.891006 -0.302081 -0.0651035 0.951056 -4.72419e-08 -0.156435 0.987688 2.08501e-15 -1.19249e-08 1 -1.05393e-09 -1.18782e-08 1 -0.286734 -0.115219 0.951056 -0.386586 -0.238031 0.891006 -0.0264376 -0.154184 0.987688 -2.0996e-09 -1.17386e-08 1 -3.12884e-09 -1.15071e-08 1 -0.0521145 -0.147499 0.987688 -0.530806 -0.467167 0.707107 -0.602122 -0.370741 0.707107 -0.607307 -0.534497 0.587785 -0.340798 -0.29994 0.891006 -0.263137 -0.16202 0.951056 -0.0522242 -0.304572 0.951056 -0.0762923 -0.13657 0.987688 -0.102946 -0.291365 0.951056 -5.10599e-09 -1.07764e-08 1 -0.194131 -0.240426 0.951056 -0.150706 -0.269776 0.951056 -0.0982753 -0.121712 0.987688 -0.441234 -0.388335 0.809017 -0.500516 -0.30818 0.809017 -0.285206 -0.353221 0.891006 -0.231971 -0.20416 0.951056 -0.656116 -0.263649 0.707107 -0.545399 -0.219159 0.809017 -0.871008 -0.187717 0.453991 -8.52492e-09 -8.33837e-09 1 -0.117431 -0.103352 0.987688 -0.758718 -0.467161 0.453991 -0.688902 -0.424173 0.587785 -0.750678 -0.301647 0.587785 -0.826755 -0.332217 0.453991 -0.74143 -0.652541 0.156434 -0.707107 -0.707107 -1.74846e-07 -0.620486 -0.768457 0.156434 -0.668854 -0.588666 0.453991 -0.160729 -0.937376 0.309017 -0.316835 -0.89673 0.309017 -0.16692 -0.973481 0.156434 -0.29683 -0.84011 0.453991 -0.394553 -0.706283 0.587785 -0.434539 -0.777861 0.453991 -0.573576 -0.819152 -1.74846e-07 1.72693e-07 -0.987688 0.156434 -0.0871556 -0.996195 -1.74846e-07 -2.87211e-07 -0.951057 0.309017 -0.173648 -0.984808 -1.74846e-07 1.74846e-07 -1 -1.74846e-07 0.0778655 0.299046 0.951056 0.114396 0.439342 0.891006 0.395962 0.585845 0.707107 0.333235 0.737199 0.587785 0.224514 0.862256 0.453991 0.127285 0.281585 0.951056 0.186999 0.413689 0.891006 0.242109 0.535607 0.809017 0.453029 0.670278 0.587785 0.489275 0.5105 0.707107 0.367007 0.811911 0.453991 0.254223 0.376136 0.891006 0.173042 0.256024 0.951056 0.329145 0.486986 0.809017 0.55979 0.584075 0.587785 0.498941 0.738207 0.453991 0.406711 0.424355 0.809017 0.568512 0.420469 0.707107 0.650447 0.481068 0.587785 0.616522 0.643268 0.453991 0.213821 0.223097 0.951056 0.314134 0.327761 0.891006 0.472578 0.349516 0.809017 0.631394 0.318342 0.707107 0.722392 0.364222 0.587785 0.716367 0.529822 0.453991 0.524849 0.264623 0.809017 0.125773 0.0930212 0.987688 0.248449 0.183752 0.951056 0.676112 0.207057 0.707107 0.795603 0.401134 0.453991 0.773555 0.236899 0.587785 0.562021 0.172117 0.809017 0.139684 0.0704274 0.987688 0.275929 0.139121 0.951056 0.701379 0.0898151 0.707107 0.802464 0.10276 0.587785 0.851951 0.260907 0.453991 0.583024 0.0746592 0.809017 0.295472 0.0904873 0.951056 0.149577 0.0458076 0.987688 0.70647 -0.0300104 0.707107 0.808288 -0.0343357 0.587785 0.88379 0.113174 0.453991 0.587255 -0.0249463 0.809017 0.691236 -0.148973 0.707107 0.574592 -0.123834 0.809017 0.790859 -0.170443 0.587785 0.890204 -0.0378154 0.453991 0.656117 -0.263649 0.707107 0.750678 -0.301647 0.587785 0.871008 -0.187717 0.453991 0.602122 -0.370741 0.707107 0.545399 -0.219159 0.809017 0.530805 -0.467167 0.707107 0.688901 -0.424173 0.587785 0.826755 -0.332218 0.453991 0.421253 -0.169273 0.891006 0.263137 -0.16202 0.951056 0.386586 -0.238031 0.891006 0.500516 -0.30818 0.809017 0.444219 -0.550154 0.707107 0.607307 -0.534497 0.587785 0.758718 -0.467161 0.453991 0.231971 -0.20416 0.951056 0.340798 -0.29994 0.891006 0.441234 -0.388335 0.809017 0.508241 -0.629444 0.587785 0.668854 -0.588665 0.453991 0.285206 -0.353221 0.891006 0.194131 -0.240426 0.951056 0.369258 -0.457318 0.809017 0.235565 -0.666715 0.707107 0.394553 -0.706283 0.587785 0.559748 -0.693235 0.453991 0.150706 -0.269776 0.951056 0.221409 -0.39634 0.891006 0.269516 -0.762804 0.587785 0.119502 -0.696936 0.707107 0.434539 -0.777861 0.453991 0.102946 -0.291365 0.951056 0.151242 -0.428058 0.891006 0.136725 -0.79738 0.587785 -1.39478e-09 -0.707107 0.707107 0.0993362 -0.57933 0.809017 -6.95553e-10 -0.587785 0.809017 0.0522241 -0.304572 0.951056 0.0264376 -0.154184 0.987688 0.0767248 -0.44746 0.891006 -1.6862e-09 -0.309017 0.951056 -1.78949e-10 -0.453991 0.891006 -2.20727e-09 -0.809017 0.587785 0.29683 -0.84011 0.453991 0.150581 -0.87819 0.453991 1.05392e-09 -1.18782e-08 1 -5.27184e-10 -0.891007 0.453991 0.620486 -0.768457 0.156434 0.481691 -0.862266 0.156434 0.564443 -0.825472 -1.74846e-07 0.329038 -0.931269 0.156434 0.415415 -0.909632 -1.74846e-07 0.491733 -0.870746 -1.74846e-07 0.160729 -0.937376 0.309017 0.16692 -0.973481 0.156434 0.633012 -0.774142 -1.74846e-07 0.696938 -0.717132 -1.74846e-07 0.085575 -0.996332 -1.74846e-07 0.170522 -0.985354 -1.74846e-07 0.254218 -0.967147 -1.74846e-07 0.336049 -0.941844 -1.74846e-07 0.75575 -0.654861 -1.74846e-07 0.809017 -0.587785 -1.74846e-07 0.74143 -0.652541 0.156434 0.316835 -0.89673 0.309017 3.12884e-09 -1.15071e-08 1 0.0521146 -0.147499 0.987688 2.0996e-09 -1.17386e-08 1 0.856349 -0.516397 -1.74846e-07 0.897398 -0.441221 -1.74846e-07 0.841045 -0.517852 0.156434 0.463825 -0.830286 0.309017 5.10599e-09 -1.07764e-08 1 0.0762923 -0.13657 0.987688 4.13359e-09 -1.11855e-08 1 0.931864 -0.362808 -1.74846e-07 0.959493 -0.281733 -1.74846e-07 0.916465 -0.368266 0.156434 0.597473 -0.739956 0.309017 0.0982753 -0.121712 0.987688 8.52492e-09 -8.33837e-09 1 7.75462e-09 -9.05918e-09 1 6.92362e-09 -9.70908e-09 1 6.03844e-09 -1.0283e-08 1 0.980083 -0.19859 -1.74846e-07 0.993482 -0.113991 -1.74846e-07 0.96552 -0.208085 0.156434 0.713932 -0.628339 0.309017 0.117431 -0.103352 0.987688 0.133209 -0.0820198 0.987688 9.22851e-09 -7.55231e-09 1 0.999592 -0.028556 -1.74846e-07 0.998369 0.0570887 -1.74846e-07 0.986798 -0.0419187 0.156434 0.809852 -0.498646 0.309017 0.145154 -0.0583276 0.987688 1.04141e-08 -5.80948e-09 1 0.989821 0.142315 -1.74846e-07 0.974012 0.226497 -1.74846e-07 0.979689 0.125454 0.156434 0.882475 -0.354608 0.309017 0.152923 -0.0329575 0.987688 1.12742e-08 -3.88513e-09 1 0.286734 -0.115219 0.951056 9.85987e-09 -6.70714e-09 1 0.951056 0.309017 -1.74846e-07 0.921124 0.38927 -1.74846e-07 0.944395 0.289218 0.156434 0.92971 -0.200368 0.309017 0.308739 -0.0131151 0.951056 0.156294 -0.00663925 0.987688 0.443801 -0.0956464 0.891006 0.302081 -0.0651035 0.951056 1.08868e-08 -4.86635e-09 1 0.884433 0.466667 -1.74846e-07 0.841254 0.540641 -1.74846e-07 0.881932 0.444661 0.156434 0.9502 -0.040364 0.309017 0.306514 0.0392507 0.951056 0.155167 0.01987 0.987688 0.453582 -0.0192679 0.891006 1.17822e-08 -1.8394e-09 1 1.15735e-08 -2.87351e-09 1 0.791902 0.610648 -1.74846e-07 0.736741 0.676175 -1.74846e-07 0.794099 0.587312 0.156434 0.943353 0.120801 0.309017 0.450314 0.0576649 0.891006 1.1922e-08 2.63804e-10 1 1.18986e-08 -7.90894e-10 1 0.676175 0.736741 -1.74846e-07 0.610648 0.791902 -1.74846e-07 0.68342 0.713068 0.156434 0.909369 0.278491 0.309017 0.434091 0.132939 0.891006 1.16893e-08 2.35876e-09 1 1.1852e-08 1.31643e-09 1 0.540641 0.841254 -1.74846e-07 0.466667 0.884433 -1.74846e-07 0.55308 0.818309 0.156434 0.849223 0.428169 0.309017 0.40538 0.204388 0.891006 1.10914e-08 4.38003e-09 1 1.14351e-08 3.38263e-09 1 0.38927 0.921124 -1.74846e-07 0.309017 0.951056 -1.74846e-07 0.40683 0.90001 0.156434 0.764647 0.56553 0.309017 0.248876 0.955819 0.156434 0.365007 0.269958 0.891006 1.01469e-08 6.26444e-09 1 1.06608e-08 5.34314e-09 1 0.226497 0.974012 -1.74846e-07 0.142315 0.989821 -1.74846e-07 0.658073 0.686621 0.309017 0.0837618 0.98413 0.156434 8.88541e-09 7.95313e-09 1 0.108243 0.112939 0.987688 9.55354e-09 7.13671e-09 1 0.532568 0.78796 0.309017 -0.083762 0.98413 0.156434 -0.0285561 0.999592 -1.74846e-07 7.34631e-09 9.39332e-09 1 0.0875994 0.129608 0.987688 8.14774e-09 8.7073e-09 1 0.0570887 0.998369 -1.74846e-07 0.391741 0.86663 0.309017 -0.248876 0.955819 0.156434 -0.198591 0.980083 -1.74846e-07 0.0644356 0.142548 0.987688 3.63477e-09 1.13574e-08 1 4.62432e-09 1.09917e-08 1 5.57768e-09 1.054e-08 1 6.48738e-09 1.00058e-08 1 -0.113991 0.993482 -1.74846e-07 0.239645 0.920369 0.309017 -0.40683 0.90001 0.156434 -0.362808 0.931864 -1.74846e-07 0.0394181 0.151387 0.987688 0.0132666 0.155871 0.987688 2.61678e-09 1.16342e-08 1 -0.281733 0.959493 -1.74846e-07 0.0806552 0.94763 0.309017 0.0755626 0.887797 0.453991 -0.0132665 0.155871 0.987688 5.27477e-10 1.19132e-08 1 -0.441221 0.897398 -1.74846e-07 -0.516397 0.856349 -1.74846e-07 -0.0806552 0.94763 0.309017 -0.55308 0.818309 0.156434 -0.0394181 0.151387 0.987688 -1.57831e-09 1.182e-08 1 -0.0262065 0.307904 0.951056 1.5783e-09 1.182e-08 1 -0.587785 0.809017 -1.74846e-07 -0.654861 0.75575 -1.74846e-07 -0.239645 0.920369 0.309017 -0.68342 0.713067 0.156434 -0.127285 0.281585 0.951056 -0.0644356 0.142548 0.987688 -0.114396 0.439342 0.891006 -0.0778655 0.299046 0.951056 -5.27477e-10 1.19132e-08 1 -0.717132 0.696938 -1.74846e-07 -0.774141 0.633013 -1.74846e-07 -0.391741 0.86663 0.309017 -0.794099 0.587312 0.156434 -0.173042 0.256024 0.951056 -0.0875994 0.129608 0.987688 -0.186999 0.413689 0.891006 -3.63477e-09 1.13574e-08 1 -2.61678e-09 1.16342e-08 1 -0.870746 0.491733 -1.74846e-07 -0.825472 0.564443 -1.74846e-07 -0.532568 0.787959 0.309017 -0.881933 0.444661 0.156434 -0.254223 0.376136 0.891006 -5.57768e-09 1.054e-08 1 -4.62432e-09 1.09917e-08 1 -0.941844 0.336049 -1.74846e-07 -0.909632 0.415415 -1.74846e-07 -0.658073 0.686621 0.309017 -0.944395 0.289218 0.156434 -0.314134 0.327761 0.891006 -7.34631e-09 9.39332e-09 1 -6.48738e-09 1.00058e-08 1 -0.967147 0.254218 -1.74846e-07 -0.985354 0.170522 -1.74846e-07 -0.764647 0.56553 0.309017 -0.979689 0.125454 0.156434 -0.365007 0.269958 0.891006 -8.88541e-09 7.95313e-09 1 -8.14774e-09 8.7073e-09 1 -0.996332 0.0855747 -1.74846e-07 -1 -1.19249e-08 -1.74846e-07 -0.849223 0.428169 0.309017 -0.986798 -0.0419185 0.156434 -0.40538 0.204388 0.891006 -1.01469e-08 6.26444e-09 1 -9.55354e-09 7.13671e-09 1 -0.996195 -0.0871557 -1.74846e-07 -0.984808 -0.173648 -1.74846e-07 -0.909369 0.278491 0.309017 -0.96552 -0.208085 0.156434 -1.10914e-08 4.38003e-09 1 -0.149577 0.0458076 0.987688 -1.06608e-08 5.34314e-09 1 -0.965926 -0.258819 -1.74846e-07 -0.939693 -0.34202 -1.74846e-07 -0.943353 0.120801 0.309017 -0.916465 -0.368266 0.156434 -1.16893e-08 2.35877e-09 1 -0.155167 0.01987 0.987688 -1.14351e-08 3.38263e-09 1 -0.906308 -0.422618 -1.74846e-07 -0.866025 -0.5 -1.74846e-07 -0.841045 -0.517852 0.156434 -0.9502 -0.0403638 0.309017 -1.1922e-08 2.63802e-10 1 -0.156294 -0.00663924 0.987688 -1.1852e-08 1.31644e-09 1 -0.819152 -0.573576 -1.74846e-07 -0.766044 -0.642788 -1.74846e-07 -0.92971 -0.200368 0.309017 -0.152923 -0.0329575 0.987688 -0.145154 -0.0583276 0.987688 -1.15735e-08 -2.87351e-09 1 -1.17822e-08 -1.8394e-09 1 -1.18986e-08 -7.90896e-10 1 -0.642788 -0.766044 -1.74846e-07 -0.882475 -0.354608 0.309017 -0.133209 -0.0820198 0.987688 -1.08868e-08 -4.86635e-09 1 -0.5 -0.866026 -1.74846e-07 -0.809852 -0.498646 0.309017 -9.85987e-09 -6.70714e-09 1 -1.12742e-08 -3.88513e-09 1 -0.34202 -0.939693 -1.74846e-07 -0.713932 -0.628339 0.309017 -1.04141e-08 -5.80948e-09 1 -0.559748 -0.693235 0.453991 -0.597472 -0.739956 0.309017 -0.508241 -0.629444 0.587785 -0.444219 -0.550154 0.707107 -0.369258 -0.457318 0.809017 -9.22851e-09 -7.55231e-09 1 -0.463825 -0.830286 0.309017 -0.344852 -0.617314 0.707107 -0.28666 -0.513145 0.809017 -0.221409 -0.39634 0.891006 -6.92362e-09 -9.70908e-09 1 -7.75462e-09 -9.05918e-09 1 -0.258819 -0.965926 -1.74846e-07 -0.269516 -0.762804 0.587785 -0.235566 -0.666715 0.707107 -0.195814 -0.554209 0.809017 -0.151242 -0.428058 0.891006 -6.03844e-09 -1.0283e-08 1 -0.150581 -0.87819 0.453991 -0.136725 -0.79738 0.587785 -0.119502 -0.696936 0.707107 -0.0993362 -0.57933 0.809017 -0.0767248 -0.44746 0.891006 -4.13359e-09 -1.11855e-08 1 0.203855 -0.782912 0.587785 0.291258 -0.644336 0.707107 0.333235 -0.737199 0.587785 -0.269516 0.762804 0.587785 -0.344852 0.617314 0.707107 -0.394553 0.706283 0.587785 0.395962 -0.585845 0.707107 0.453029 -0.670278 0.587785 0.0599668 -0.704559 0.707107 0.148109 -0.568819 0.809017 0.178175 -0.684291 0.707107 0.489275 -0.5105 0.707107 0.55979 -0.584075 0.587785 0.24211 -0.535607 0.809017 0.406712 -0.424355 0.809017 0.329145 -0.486986 0.809017 0.568512 -0.420469 0.707107 0.472578 -0.349517 0.809017 0.631394 -0.318342 0.707107 0.722392 -0.364222 0.587785 0.650447 -0.481068 0.587785 0.524849 -0.264623 0.809017 0.676112 -0.207057 0.707107 0.773555 -0.236899 0.587785 0.562021 -0.172117 0.809017 0.802464 -0.102759 0.587785 0.70138 -0.0898151 0.707107 0.583025 -0.0746592 0.809017 0.70647 0.0300103 0.707107 0.808288 0.0343359 0.587785 0.587256 0.0249462 0.809017 0.574593 0.123834 0.809017 0.691236 0.148973 0.707107 -1.74846e-07 1 8.74228e-08 0.169001 0.985616 8.74228e-08 2.98274e-07 0.987688 0.156434 0.16692 0.973481 0.156434 0.33314 0.942877 8.74228e-08 0.790859 0.170443 0.587785 0.826755 0.332218 0.453991 0.758718 0.467161 0.453991 0.882475 0.354607 0.309017 0.656117 0.263649 0.707107 0.750678 0.301647 0.587785 0.620486 0.768457 0.156434 0.597473 0.739956 0.309017 0.463825 0.830286 0.309017 0.329038 0.931269 0.156434 0.487695 0.873014 8.74228e-08 0.688902 0.424173 0.587785 0.607307 0.534497 0.587785 0.481691 0.862266 0.156434 0.62822 0.778036 8.74228e-08 0.602122 0.370741 0.707107 0.441234 0.388335 0.809017 0.530806 0.467167 0.707107 0.809852 0.498646 0.309017 0.668854 0.588666 0.453991 0.443801 0.0956464 0.891006 0.500516 0.30818 0.809017 0.5454 0.21916 0.809017 0.386586 0.238031 0.891006 -5.8157e-09 -1.04106e-08 1 0.0762923 0.13657 0.987688 0.0982753 0.121712 0.987688 0.340798 0.29994 0.891006 -2.73519e-08 0.156435 0.987688 9.33206e-08 0.309017 0.951056 0.0522242 0.304572 0.951056 -2.01531e-09 -1.17534e-08 1 2.08501e-15 -1.19249e-08 1 0.0264376 0.154184 0.987688 0.0521145 0.147499 0.987688 -3.97265e-09 -1.12437e-08 1 0.0498478 -0.585668 0.809017 -0.0599669 -0.704559 0.707107 -0.178175 -0.684291 0.707107 -0.0498477 -0.585668 0.809017 0.0686094 -0.806102 0.587785 -0.291258 -0.644336 0.707107 -0.148109 -0.568819 0.809017 -0.0686094 -0.806102 0.587785 -0.24211 -0.535607 0.809017 -0.395962 -0.585845 0.707107 -0.203854 -0.782912 0.587785 -0.489275 -0.5105 0.707107 -0.329145 -0.486986 0.809017 -0.333235 -0.737199 0.587785 -0.453029 -0.670278 0.587785 -0.55979 -0.584075 0.587785 -0.568512 -0.420469 0.707107 -0.406712 -0.424355 0.809017 -0.650447 -0.481068 0.587785 -0.472578 -0.349517 0.809017 -0.631394 -0.318342 0.707107 -0.722392 -0.364222 0.587785 -0.676112 -0.207057 0.707107 -0.524849 -0.264623 0.809017 -0.773555 -0.236899 0.587785 -0.70138 -0.0898151 0.707107 -0.562021 -0.172117 0.809017 -0.802464 -0.10276 0.587785 -0.583025 -0.0746592 0.809017 -0.70647 0.0300104 0.707107 -0.808288 0.0343357 0.587785 -0.691236 0.148973 0.707107 -0.587256 0.0249463 0.809017 -0.790859 0.170443 0.587785 -0.656117 0.263649 0.707107 -0.574593 0.123834 0.809017 -0.750678 0.301647 0.587785 -0.5454 0.21916 0.809017 -0.602122 0.370741 0.707107 -0.688901 0.424173 0.587785 -0.530806 0.467168 0.707107 -0.500516 0.30818 0.809017 -0.607307 0.534497 0.587785 -0.444219 0.550154 0.707107 -0.441234 0.388335 0.809017 -0.508241 0.629444 0.587785 -0.369259 0.457318 0.809017 -0.235565 0.666715 0.707107 -0.28666 0.513145 0.809017 1.39479e-09 0.707107 0.707107 -0.0993362 0.579331 0.809017 -0.119502 0.696936 0.707107 -0.195815 0.55421 0.809017 5.1896e-09 0.951057 0.309017 3.5121e-10 0.891007 0.453991 -0.150581 0.87819 0.453991 -0.136725 0.79738 0.587785 9.57349e-10 0.809017 0.587785 -0.160729 0.937376 0.309017 -0.16692 0.973481 0.156434 1.60367e-09 0.587785 0.809017 2.68614e-10 0.453991 0.891006 -0.0522241 0.304572 0.951056 -0.0767248 0.44746 0.891006 -0.0264376 0.154184 0.987688 2.01531e-09 -1.17534e-08 1 3.97265e-09 -1.12437e-08 1 -0.0521146 0.147499 0.987688 5.8157e-09 -1.04106e-08 1 8.95168e-09 -7.87847e-09 1 -0.0982753 0.121712 0.987688 7.49145e-09 -9.27798e-09 1 -0.151242 0.428058 0.891006 -0.102946 0.291365 0.951056 -0.150706 0.269776 0.951056 -0.29683 0.84011 0.453991 -0.316835 0.89673 0.309017 -0.169001 0.985616 8.74228e-08 -0.329038 0.931269 0.156434 -0.0762923 0.13657 0.987688 -0.221409 0.39634 0.891006 -0.434539 0.777861 0.453991 -0.463825 0.830286 0.309017 -0.33314 0.942877 8.74228e-08 -0.481691 0.862266 0.156434 -0.117431 0.103352 0.987688 -0.194131 0.240426 0.951056 -0.285206 0.353221 0.891006 -0.559748 0.693235 0.453991 -0.597473 0.739956 0.309017 -0.487695 0.873014 8.74228e-08 -0.620486 0.768457 0.156434 1.01544e-08 -6.2523e-09 1 1.1065e-08 -4.44627e-09 1 1.16572e-08 -2.51232e-09 1 -0.145154 0.0583276 0.987688 -0.386586 0.238031 0.891006 -0.263137 0.16202 0.951056 -0.286734 0.115219 0.951056 -0.231971 0.20416 0.951056 -0.340798 0.29994 0.891006 -0.668854 0.588665 0.453991 -0.713932 0.628339 0.309017 -0.62822 0.778036 8.74228e-08 -0.74143 0.652541 0.156434 -0.133209 0.0820198 0.987688 1.14022e-08 3.49188e-09 1 1.0648e-08 5.36863e-09 1 -0.149577 -0.0458076 0.987688 -0.758718 0.467161 0.453991 -0.809852 0.498646 0.309017 -0.750672 0.660675 8.74228e-08 -0.841045 0.517852 0.156434 -0.152923 0.0329575 0.987688 -0.421253 0.169273 0.891006 -0.826755 0.332218 0.453991 -0.882475 0.354608 0.309017 -0.851529 0.524307 8.74228e-08 -0.916465 0.368266 0.156434 -0.156294 0.00663927 0.987688 1.19141e-08 -5.06106e-10 1 -0.302081 0.0651035 0.951056 -0.443801 0.0956464 0.891006 -0.871008 0.187717 0.453991 -0.92971 0.200368 0.309017 -0.927889 0.372857 8.74228e-08 -0.96552 0.208085 0.156434 -0.155167 -0.01987 0.987688 1.18283e-08 1.51467e-09 1 -0.275929 -0.139121 0.951056 -0.248449 -0.183752 0.951056 -0.40538 -0.204388 0.891006 -0.308739 0.0131151 0.951056 -0.453582 0.0192679 0.891006 -0.890204 0.0378154 0.453991 -0.9502 0.040364 0.309017 -0.977555 0.210679 8.74228e-08 -0.986798 0.0419186 0.156434 -0.306514 -0.0392507 0.951056 -0.450314 -0.0576649 0.891006 -0.88379 -0.113174 0.453991 -0.943353 -0.120801 0.309017 -0.999099 0.0424412 8.74228e-08 -0.979689 -0.125454 0.156434 -1.0113e-09 1.18819e-08 1 -3.00481e-09 1.15401e-08 1 0.0132666 -0.155871 0.987688 9.58757e-09 7.09093e-09 1 -0.139684 -0.0704274 0.987688 -0.434091 -0.132939 0.891006 -0.295472 -0.0904872 0.951056 -0.851951 -0.260907 0.453991 -0.909369 -0.278491 0.309017 -0.9919 -0.127018 8.74228e-08 -0.944395 -0.289218 0.156434 -0.125773 -0.0930211 0.987688 -0.795603 -0.401134 0.453991 -0.849223 -0.428169 0.309017 -0.956167 -0.292823 8.74228e-08 -0.881932 -0.444661 0.156434 8.25129e-09 8.60924e-09 1 -0.108243 -0.112939 0.987688 -0.365007 -0.269958 0.891006 -0.716367 -0.529822 0.453991 -0.764647 -0.56553 0.309017 -0.892926 -0.450204 8.74228e-08 -0.794099 -0.587312 0.156434 -0.0875994 -0.129608 0.987688 6.67763e-09 9.87988e-09 1 0.127284 -0.281585 0.951056 0.173042 -0.256024 0.951056 0.186999 -0.413689 0.891006 -0.213821 -0.223097 0.951056 -0.314134 -0.327761 0.891006 -0.616522 -0.643268 0.453991 -0.658073 -0.686621 0.309017 -0.803997 -0.594633 8.74228e-08 -0.68342 -0.713068 0.156434 4.91187e-09 1.08663e-08 1 -0.0644356 -0.142548 0.987688 -0.173042 -0.256024 0.951056 -0.254223 -0.376136 0.891006 -0.498941 -0.738207 0.453991 -0.532568 -0.78796 0.309017 -0.691939 -0.721956 8.74228e-08 -0.55308 -0.818309 0.156434 3.00481e-09 1.15401e-08 1 -0.0394181 -0.151387 0.987688 -0.127285 -0.281585 0.951056 -0.186999 -0.413689 0.891006 -0.367007 -0.811911 0.453991 -0.391741 -0.86663 0.309017 -0.559975 -0.82851 8.74228e-08 -0.40683 -0.90001 0.156434 1.0113e-09 1.18819e-08 1 -0.0132666 -0.155871 0.987688 -0.0778655 -0.299046 0.951056 -0.114396 -0.439342 0.891006 -0.224514 -0.862256 0.453991 -0.239645 -0.920369 0.309017 -0.248876 -0.955819 0.156434 -0.411901 -0.911229 8.74228e-08 -0.0262065 -0.307904 0.951056 -0.0385011 -0.452355 0.891006 -0.0755626 -0.887797 0.453991 -0.0806552 -0.94763 0.309017 -0.251978 -0.967733 8.74228e-08 -0.0837618 -0.98413 0.156434 0.0644356 -0.142548 0.987688 -4.91187e-09 1.08663e-08 1 -6.67763e-09 9.87988e-09 1 0.0394181 -0.151387 0.987688 0.0385011 -0.452355 0.891006 0.0262065 -0.307904 0.951056 0.0755628 -0.887797 0.453991 0.0806552 -0.94763 0.309017 -0.0848057 -0.996397 8.74228e-08 0.0837615 -0.98413 0.156434 -8.25129e-09 8.60924e-09 1 0.0875994 -0.129608 0.987688 0.0778655 -0.299046 0.951056 0.114396 -0.439342 0.891006 0.224514 -0.862256 0.453991 0.239645 -0.920369 0.309017 0.0848059 -0.996397 8.74228e-08 0.248876 -0.955819 0.156434 -9.58757e-09 7.09093e-09 1 0.108243 -0.112939 0.987688 0.367007 -0.811911 0.453991 0.391741 -0.86663 0.309017 0.251978 -0.967733 8.74228e-08 0.40683 -0.90001 0.156434 0.254223 -0.376136 0.891006 0.498941 -0.738207 0.453991 0.532568 -0.787959 0.309017 0.411901 -0.911229 8.74228e-08 0.55308 -0.818309 0.156434 -1.0648e-08 5.36862e-09 1 -1.14022e-08 3.49188e-09 1 0.139684 -0.0704274 0.987688 0.213821 -0.223097 0.951056 0.314134 -0.327761 0.891006 0.616522 -0.643268 0.453991 0.658073 -0.686621 0.309017 0.559975 -0.82851 8.74228e-08 0.68342 -0.713067 0.156434 0.125773 -0.0930212 0.987688 0.149577 -0.0458076 0.987688 -1.18283e-08 1.51467e-09 1 0.275929 -0.139121 0.951056 0.295472 -0.0904873 0.951056 0.40538 -0.204388 0.891006 0.248449 -0.183752 0.951056 0.365007 -0.269958 0.891006 0.716367 -0.529822 0.453991 0.764647 -0.56553 0.309017 0.691939 -0.721956 8.74228e-08 0.794099 -0.587312 0.156434 -1.19141e-08 -5.0611e-10 1 -1.16572e-08 -2.51233e-09 1 0.156294 0.00663924 0.987688 0.795603 -0.401135 0.453991 0.849223 -0.428169 0.309017 0.803997 -0.594633 8.74228e-08 0.881933 -0.444661 0.156434 0.155167 -0.01987 0.987688 0.434091 -0.132939 0.891006 0.851951 -0.260907 0.453991 0.909369 -0.278491 0.309017 0.892926 -0.450204 8.74228e-08 0.944395 -0.289218 0.156434 -1.1065e-08 -4.44627e-09 1 0.152923 0.0329575 0.987688 0.308739 0.013115 0.951056 0.302081 0.0651035 0.951056 0.453582 0.019268 0.891006 0.306514 -0.0392506 0.951056 0.450314 -0.0576651 0.891006 0.88379 -0.113174 0.453991 0.943353 -0.120801 0.309017 0.956167 -0.292823 8.74228e-08 0.979689 -0.125454 0.156434 -8.95168e-09 -7.87847e-09 1 0.133209 0.0820197 0.987688 -1.01544e-08 -6.2523e-09 1 0.890204 0.0378152 0.453991 0.9502 0.0403643 0.309017 0.9919 -0.127018 8.74228e-08 0.986798 0.0419185 0.156434 0.145154 0.0583276 0.987688 0.421253 0.169273 0.891006 0.871008 0.187717 0.453991 0.92971 0.200368 0.309017 0.999099 0.042441 8.74228e-08 0.96552 0.208085 0.156434 0.286734 0.115219 0.951056 0.916465 0.368266 0.156434 0.977555 0.210679 8.74228e-08 -7.49145e-09 -9.27798e-09 1 0.117431 0.103352 0.987688 0.263137 0.16202 0.951056 0.927889 0.372857 8.74228e-08 0.841045 0.517852 0.156434 0.231971 0.20416 0.951056 0.713932 0.628339 0.309017 0.559748 0.693235 0.453991 0.851529 0.524307 8.74228e-08 0.74143 0.652541 0.156434 0.28666 0.513145 0.809017 0.221409 0.39634 0.891006 0.151242 0.428058 0.891006 0.285206 0.353221 0.891006 0.369259 0.457318 0.809017 0.194131 0.240426 0.951056 0.444219 0.550154 0.707107 0.508241 0.629444 0.587785 0.750673 0.660674 8.74228e-08 0.150706 0.269776 0.951056 0.344852 0.617314 0.707107 0.394553 0.706283 0.587785 0.434539 0.777861 0.453991 0.195815 0.55421 0.809017 0.102946 0.291365 0.951056 0.235566 0.666715 0.707107 0.269516 0.762804 0.587785 0.29683 0.84011 0.453991 0.316835 0.89673 0.309017 0.0767248 0.44746 0.891006 0.0993362 0.579331 0.809017 0.119502 0.696936 0.707107 0.136725 0.79738 0.587785 0.150581 0.87819 0.453991 0.160729 0.937376 0.309017 0.203855 -0.782912 0.587785 0.291258 -0.644336 0.707107 0.333235 -0.737199 0.587785 -0.269516 0.762804 0.587785 -0.344852 0.617314 0.707107 -0.394553 0.706283 0.587785 0.395962 -0.585845 0.707107 0.453029 -0.670278 0.587785 0.0599668 -0.704559 0.707107 0.148109 -0.568819 0.809017 0.178175 -0.684291 0.707107 0.489275 -0.5105 0.707107 0.55979 -0.584075 0.587785 0.24211 -0.535607 0.809017 0.406712 -0.424355 0.809017 0.329145 -0.486986 0.809017 0.568512 -0.420469 0.707107 0.472578 -0.349517 0.809017 0.631394 -0.318342 0.707107 0.722392 -0.364222 0.587785 0.650447 -0.481068 0.587785 0.524849 -0.264623 0.809017 0.676112 -0.207057 0.707107 0.773555 -0.236899 0.587785 0.562021 -0.172117 0.809017 0.802464 -0.102759 0.587785 0.70138 -0.0898151 0.707107 0.583025 -0.0746592 0.809017 0.70647 0.0300103 0.707107 0.808288 0.0343359 0.587785 0.587256 0.0249462 0.809017 0.574593 0.123834 0.809017 0.691236 0.148973 0.707107 -1.74846e-07 1 8.74228e-08 0.169001 0.985616 8.74228e-08 2.98274e-07 0.987688 0.156434 0.16692 0.973481 0.156434 0.33314 0.942877 8.74228e-08 0.790859 0.170443 0.587785 0.826755 0.332218 0.453991 0.758718 0.467161 0.453991 0.882475 0.354607 0.309017 0.656117 0.263649 0.707107 0.750678 0.301647 0.587785 0.620486 0.768457 0.156434 0.597473 0.739956 0.309017 0.463825 0.830286 0.309017 0.329038 0.931269 0.156434 0.487695 0.873014 8.74228e-08 0.688902 0.424173 0.587785 0.607307 0.534497 0.587785 0.481691 0.862266 0.156434 0.62822 0.778036 8.74228e-08 0.602122 0.370741 0.707107 0.441234 0.388335 0.809017 0.530806 0.467167 0.707107 0.809852 0.498646 0.309017 0.668854 0.588666 0.453991 0.443801 0.0956464 0.891006 0.500516 0.30818 0.809017 0.5454 0.21916 0.809017 0.386586 0.238031 0.891006 -5.8157e-09 -1.04106e-08 1 0.0762923 0.13657 0.987688 0.0982753 0.121712 0.987688 0.340798 0.29994 0.891006 -2.73519e-08 0.156435 0.987688 9.33206e-08 0.309017 0.951056 0.0522242 0.304572 0.951056 -2.01531e-09 -1.17534e-08 1 2.08501e-15 -1.19249e-08 1 0.0264376 0.154184 0.987688 0.0521145 0.147499 0.987688 -3.97265e-09 -1.12437e-08 1 0.0498478 -0.585668 0.809017 -0.0599669 -0.704559 0.707107 -0.178175 -0.684291 0.707107 -0.0498477 -0.585668 0.809017 0.0686094 -0.806102 0.587785 -0.291258 -0.644336 0.707107 -0.148109 -0.568819 0.809017 -0.0686094 -0.806102 0.587785 -0.24211 -0.535607 0.809017 -0.395962 -0.585845 0.707107 -0.203854 -0.782912 0.587785 -0.489275 -0.5105 0.707107 -0.329145 -0.486986 0.809017 -0.333235 -0.737199 0.587785 -0.453029 -0.670278 0.587785 -0.55979 -0.584075 0.587785 -0.568512 -0.420469 0.707107 -0.406712 -0.424355 0.809017 -0.650447 -0.481068 0.587785 -0.472578 -0.349517 0.809017 -0.631394 -0.318342 0.707107 -0.722392 -0.364222 0.587785 -0.676112 -0.207057 0.707107 -0.524849 -0.264623 0.809017 -0.773555 -0.236899 0.587785 -0.70138 -0.0898151 0.707107 -0.562021 -0.172117 0.809017 -0.802464 -0.10276 0.587785 -0.583025 -0.0746592 0.809017 -0.70647 0.0300104 0.707107 -0.808288 0.0343357 0.587785 -0.691236 0.148973 0.707107 -0.587256 0.0249463 0.809017 -0.790859 0.170443 0.587785 -0.656117 0.263649 0.707107 -0.574593 0.123834 0.809017 -0.750678 0.301647 0.587785 -0.5454 0.21916 0.809017 -0.602122 0.370741 0.707107 -0.688901 0.424173 0.587785 -0.530806 0.467168 0.707107 -0.500516 0.30818 0.809017 -0.607307 0.534497 0.587785 -0.444219 0.550154 0.707107 -0.441234 0.388335 0.809017 -0.508241 0.629444 0.587785 -0.369259 0.457318 0.809017 -0.235565 0.666715 0.707107 -0.28666 0.513145 0.809017 1.39479e-09 0.707107 0.707107 -0.0993362 0.579331 0.809017 -0.119502 0.696936 0.707107 -0.195815 0.55421 0.809017 5.1896e-09 0.951057 0.309017 3.51212e-10 0.891007 0.453991 -0.150581 0.87819 0.453991 -0.136725 0.79738 0.587785 9.57351e-10 0.809017 0.587785 -0.160729 0.937376 0.309017 -0.16692 0.973481 0.156434 1.60368e-09 0.587785 0.809017 2.68615e-10 0.453991 0.891006 -0.0522241 0.304572 0.951056 -0.0767248 0.44746 0.891006 -0.0264376 0.154184 0.987688 2.01531e-09 -1.17534e-08 1 3.97265e-09 -1.12437e-08 1 -0.0521146 0.147499 0.987688 5.8157e-09 -1.04106e-08 1 8.95168e-09 -7.87847e-09 1 -0.0982753 0.121712 0.987688 7.49145e-09 -9.27798e-09 1 -0.151242 0.428058 0.891006 -0.102946 0.291365 0.951056 -0.150706 0.269776 0.951056 -0.29683 0.84011 0.453991 -0.316835 0.89673 0.309017 -0.169001 0.985616 8.74228e-08 -0.329038 0.931269 0.156434 -0.0762923 0.13657 0.987688 -0.221409 0.39634 0.891006 -0.434539 0.777861 0.453991 -0.463825 0.830286 0.309017 -0.33314 0.942877 8.74228e-08 -0.481691 0.862266 0.156434 -0.117431 0.103352 0.987688 -0.194131 0.240426 0.951056 -0.285206 0.353221 0.891006 -0.559748 0.693235 0.453991 -0.597473 0.739956 0.309017 -0.487695 0.873014 8.74228e-08 -0.620486 0.768457 0.156434 1.01544e-08 -6.2523e-09 1 1.1065e-08 -4.44627e-09 1 1.16572e-08 -2.51232e-09 1 -0.145154 0.0583276 0.987688 -0.386586 0.238031 0.891006 -0.263137 0.16202 0.951056 -0.286734 0.115219 0.951056 -0.231971 0.20416 0.951056 -0.340798 0.29994 0.891006 -0.668854 0.588665 0.453991 -0.713932 0.628339 0.309017 -0.62822 0.778036 8.74228e-08 -0.74143 0.652541 0.156434 -0.133209 0.0820198 0.987688 1.14022e-08 3.49188e-09 1 1.0648e-08 5.36863e-09 1 -0.149577 -0.0458076 0.987688 -0.758718 0.467161 0.453991 -0.809852 0.498646 0.309017 -0.750672 0.660675 8.74228e-08 -0.841045 0.517852 0.156434 -0.152923 0.0329575 0.987688 -0.421253 0.169273 0.891006 -0.826755 0.332218 0.453991 -0.882475 0.354608 0.309017 -0.851529 0.524307 8.74228e-08 -0.916465 0.368266 0.156434 -0.156294 0.00663927 0.987688 1.19141e-08 -5.06106e-10 1 -0.302081 0.0651035 0.951056 -0.443801 0.0956464 0.891006 -0.871008 0.187717 0.453991 -0.92971 0.200368 0.309017 -0.927889 0.372857 8.74228e-08 -0.96552 0.208085 0.156434 -0.155167 -0.01987 0.987688 1.18283e-08 1.51467e-09 1 -0.275929 -0.139121 0.951056 -0.248449 -0.183752 0.951056 -0.40538 -0.204388 0.891006 -0.308739 0.0131151 0.951056 -0.453582 0.0192679 0.891006 -0.890204 0.0378154 0.453991 -0.9502 0.040364 0.309017 -0.977555 0.210679 8.74228e-08 -0.986798 0.0419186 0.156434 -0.306514 -0.0392507 0.951056 -0.450314 -0.0576649 0.891006 -0.88379 -0.113174 0.453991 -0.943353 -0.120801 0.309017 -0.999099 0.0424412 8.74228e-08 -0.979689 -0.125454 0.156434 -1.0113e-09 1.18819e-08 1 -3.00481e-09 1.15401e-08 1 0.0132666 -0.155871 0.987688 9.58757e-09 7.09093e-09 1 -0.139684 -0.0704274 0.987688 -0.434091 -0.132939 0.891006 -0.295472 -0.0904872 0.951056 -0.851951 -0.260907 0.453991 -0.909369 -0.278491 0.309017 -0.9919 -0.127018 8.74228e-08 -0.944395 -0.289218 0.156434 -0.125773 -0.0930211 0.987688 -0.795603 -0.401134 0.453991 -0.849223 -0.428169 0.309017 -0.956167 -0.292823 8.74228e-08 -0.881932 -0.444661 0.156434 8.25129e-09 8.60924e-09 1 -0.108243 -0.112939 0.987688 -0.365007 -0.269958 0.891006 -0.716367 -0.529822 0.453991 -0.764647 -0.56553 0.309017 -0.892926 -0.450204 8.74228e-08 -0.794099 -0.587312 0.156434 -0.0875994 -0.129608 0.987688 6.67763e-09 9.87988e-09 1 0.127284 -0.281585 0.951056 0.173042 -0.256024 0.951056 0.186999 -0.413689 0.891006 -0.213821 -0.223097 0.951056 -0.314134 -0.327761 0.891006 -0.616522 -0.643268 0.453991 -0.658073 -0.686621 0.309017 -0.803997 -0.594633 8.74228e-08 -0.68342 -0.713068 0.156434 4.91187e-09 1.08663e-08 1 -0.0644356 -0.142548 0.987688 -0.173042 -0.256024 0.951056 -0.254223 -0.376136 0.891006 -0.498941 -0.738207 0.453991 -0.532568 -0.78796 0.309017 -0.691939 -0.721956 8.74228e-08 -0.55308 -0.818309 0.156434 3.00481e-09 1.15401e-08 1 -0.0394181 -0.151387 0.987688 -0.127285 -0.281585 0.951056 -0.186999 -0.413689 0.891006 -0.367007 -0.811911 0.453991 -0.391741 -0.86663 0.309017 -0.559975 -0.82851 8.74228e-08 -0.40683 -0.90001 0.156434 1.0113e-09 1.18819e-08 1 -0.0132666 -0.155871 0.987688 -0.0778655 -0.299046 0.951056 -0.114396 -0.439342 0.891006 -0.224514 -0.862256 0.453991 -0.239645 -0.920369 0.309017 -0.248876 -0.955819 0.156434 -0.411901 -0.911229 8.74228e-08 -0.0262065 -0.307904 0.951056 -0.0385011 -0.452355 0.891006 -0.0755626 -0.887797 0.453991 -0.0806552 -0.94763 0.309017 -0.251978 -0.967733 8.74228e-08 -0.0837618 -0.98413 0.156434 0.0644356 -0.142548 0.987688 -4.91187e-09 1.08663e-08 1 -6.67763e-09 9.87988e-09 1 0.0394181 -0.151387 0.987688 0.0385011 -0.452355 0.891006 0.0262065 -0.307904 0.951056 0.0755628 -0.887797 0.453991 0.0806552 -0.94763 0.309017 -0.0848057 -0.996397 8.74228e-08 0.0837615 -0.98413 0.156434 -8.25129e-09 8.60924e-09 1 0.0875994 -0.129608 0.987688 0.0778655 -0.299046 0.951056 0.114396 -0.439342 0.891006 0.224514 -0.862256 0.453991 0.239645 -0.920369 0.309017 0.0848059 -0.996397 8.74228e-08 0.248876 -0.955819 0.156434 -9.58757e-09 7.09093e-09 1 0.108243 -0.112939 0.987688 0.367007 -0.811911 0.453991 0.391741 -0.86663 0.309017 0.251978 -0.967733 8.74228e-08 0.40683 -0.90001 0.156434 0.254223 -0.376136 0.891006 0.498941 -0.738207 0.453991 0.532568 -0.787959 0.309017 0.411901 -0.911229 8.74228e-08 0.55308 -0.818309 0.156434 -1.0648e-08 5.36862e-09 1 -1.14022e-08 3.49188e-09 1 0.139684 -0.0704274 0.987688 0.213821 -0.223097 0.951056 0.314134 -0.327761 0.891006 0.616522 -0.643268 0.453991 0.658073 -0.686621 0.309017 0.559975 -0.82851 8.74228e-08 0.68342 -0.713067 0.156434 0.125773 -0.0930212 0.987688 0.149577 -0.0458076 0.987688 -1.18283e-08 1.51467e-09 1 0.275929 -0.139121 0.951056 0.295472 -0.0904873 0.951056 0.40538 -0.204388 0.891006 0.248449 -0.183752 0.951056 0.365007 -0.269958 0.891006 0.716367 -0.529822 0.453991 0.764647 -0.56553 0.309017 0.691939 -0.721956 8.74228e-08 0.794099 -0.587312 0.156434 -1.19141e-08 -5.0611e-10 1 -1.16572e-08 -2.51233e-09 1 0.156294 0.00663924 0.987688 0.795603 -0.401135 0.453991 0.849223 -0.428169 0.309017 0.803997 -0.594633 8.74228e-08 0.881933 -0.444661 0.156434 0.155167 -0.01987 0.987688 0.434091 -0.132939 0.891006 0.851951 -0.260907 0.453991 0.909369 -0.278491 0.309017 0.892926 -0.450204 8.74228e-08 0.944395 -0.289218 0.156434 -1.1065e-08 -4.44627e-09 1 0.152923 0.0329575 0.987688 0.308739 0.013115 0.951056 0.302081 0.0651035 0.951056 0.453582 0.019268 0.891006 0.306514 -0.0392506 0.951056 0.450314 -0.0576651 0.891006 0.88379 -0.113174 0.453991 0.943353 -0.120801 0.309017 0.956167 -0.292823 8.74228e-08 0.979689 -0.125454 0.156434 -8.95168e-09 -7.87847e-09 1 0.133209 0.0820197 0.987688 -1.01544e-08 -6.2523e-09 1 0.890204 0.0378152 0.453991 0.9502 0.0403643 0.309017 0.9919 -0.127018 8.74228e-08 0.986798 0.0419185 0.156434 0.145154 0.0583276 0.987688 0.421253 0.169273 0.891006 0.871008 0.187717 0.453991 0.92971 0.200368 0.309017 0.999099 0.042441 8.74228e-08 0.96552 0.208085 0.156434 0.286734 0.115219 0.951056 0.916465 0.368266 0.156434 0.977555 0.210679 8.74228e-08 -7.49145e-09 -9.27798e-09 1 0.117431 0.103352 0.987688 0.263137 0.16202 0.951056 0.927889 0.372857 8.74228e-08 0.841045 0.517852 0.156434 0.231971 0.20416 0.951056 0.713932 0.628339 0.309017 0.559748 0.693235 0.453991 0.851529 0.524307 8.74228e-08 0.74143 0.652541 0.156434 0.28666 0.513145 0.809017 0.221409 0.39634 0.891006 0.151242 0.428058 0.891006 0.285206 0.353221 0.891006 0.369259 0.457318 0.809017 0.194131 0.240426 0.951056 0.444219 0.550154 0.707107 0.508241 0.629444 0.587785 0.750673 0.660674 8.74228e-08 0.150706 0.269776 0.951056 0.344852 0.617314 0.707107 0.394553 0.706283 0.587785 0.434539 0.777861 0.453991 0.195815 0.55421 0.809017 0.102946 0.291365 0.951056 0.235566 0.666715 0.707107 0.269516 0.762804 0.587785 0.29683 0.84011 0.453991 0.316835 0.89673 0.309017 0.0767248 0.44746 0.891006 0.0993362 0.579331 0.809017 0.119502 0.696936 0.707107 0.136725 0.79738 0.587785 0.150581 0.87819 0.453991 0.160729 0.937376 0.309017 0.203855 -0.782912 0.587785 0.291258 -0.644336 0.707107 0.333235 -0.737199 0.587785 -0.269516 0.762804 0.587785 -0.344852 0.617314 0.707107 -0.394553 0.706283 0.587785 0.395962 -0.585845 0.707107 0.453029 -0.670278 0.587785 0.0599668 -0.704559 0.707107 0.148109 -0.568819 0.809017 0.178175 -0.684291 0.707107 0.489275 -0.5105 0.707107 0.55979 -0.584075 0.587785 0.24211 -0.535607 0.809017 0.406712 -0.424355 0.809017 0.329145 -0.486986 0.809017 0.568512 -0.420469 0.707107 0.472578 -0.349517 0.809017 0.631394 -0.318342 0.707107 0.722392 -0.364222 0.587785 0.650447 -0.481068 0.587785 0.524849 -0.264623 0.809017 0.676112 -0.207057 0.707107 0.773555 -0.236899 0.587785 0.562021 -0.172117 0.809017 0.802464 -0.102759 0.587785 0.70138 -0.0898151 0.707107 0.583025 -0.0746592 0.809017 0.70647 0.0300103 0.707107 0.808288 0.0343359 0.587785 0.587256 0.0249462 0.809017 0.574593 0.123834 0.809017 0.691236 0.148973 0.707107 -1.74846e-07 1 8.74228e-08 0.169001 0.985616 8.74228e-08 2.98274e-07 0.987688 0.156434 0.16692 0.973481 0.156434 0.33314 0.942877 8.74228e-08 0.790859 0.170443 0.587785 0.826755 0.332218 0.453991 0.758718 0.467161 0.453991 0.882475 0.354607 0.309017 0.656117 0.263649 0.707107 0.750678 0.301647 0.587785 0.620486 0.768457 0.156434 0.597473 0.739956 0.309017 0.463825 0.830286 0.309017 0.329038 0.931269 0.156434 0.487695 0.873014 8.74228e-08 0.688902 0.424173 0.587785 0.607307 0.534497 0.587785 0.481691 0.862266 0.156434 0.62822 0.778036 8.74228e-08 0.602122 0.370741 0.707107 0.441234 0.388335 0.809017 0.530806 0.467167 0.707107 0.809852 0.498646 0.309017 0.668854 0.588666 0.453991 0.443801 0.0956464 0.891006 0.500516 0.30818 0.809017 0.5454 0.21916 0.809017 0.386586 0.238031 0.891006 -5.8157e-09 -1.04106e-08 1 0.0762923 0.13657 0.987688 0.0982753 0.121712 0.987688 0.340798 0.29994 0.891006 -2.73519e-08 0.156435 0.987688 9.33206e-08 0.309017 0.951056 0.0522242 0.304572 0.951056 -2.01531e-09 -1.17534e-08 1 2.08501e-15 -1.19249e-08 1 0.0264376 0.154184 0.987688 0.0521145 0.147499 0.987688 -3.97265e-09 -1.12437e-08 1 0.0498478 -0.585668 0.809017 -0.0599669 -0.704559 0.707107 -0.178175 -0.684291 0.707107 -0.0498477 -0.585668 0.809017 0.0686094 -0.806102 0.587785 -0.291258 -0.644336 0.707107 -0.148109 -0.568819 0.809017 -0.0686094 -0.806102 0.587785 -0.24211 -0.535607 0.809017 -0.395962 -0.585845 0.707107 -0.203854 -0.782912 0.587785 -0.489275 -0.5105 0.707107 -0.329145 -0.486986 0.809017 -0.333235 -0.737199 0.587785 -0.453029 -0.670278 0.587785 -0.55979 -0.584075 0.587785 -0.568512 -0.420469 0.707107 -0.406712 -0.424355 0.809017 -0.650447 -0.481068 0.587785 -0.472578 -0.349517 0.809017 -0.631394 -0.318342 0.707107 -0.722392 -0.364222 0.587785 -0.676112 -0.207057 0.707107 -0.524849 -0.264623 0.809017 -0.773555 -0.236899 0.587785 -0.70138 -0.0898151 0.707107 -0.562021 -0.172117 0.809017 -0.802464 -0.10276 0.587785 -0.583025 -0.0746592 0.809017 -0.70647 0.0300104 0.707107 -0.808288 0.0343357 0.587785 -0.691236 0.148973 0.707107 -0.587256 0.0249463 0.809017 -0.790859 0.170443 0.587785 -0.656117 0.263649 0.707107 -0.574593 0.123834 0.809017 -0.750678 0.301647 0.587785 -0.5454 0.21916 0.809017 -0.602122 0.370741 0.707107 -0.688901 0.424173 0.587785 -0.530806 0.467168 0.707107 -0.500516 0.30818 0.809017 -0.607307 0.534497 0.587785 -0.444219 0.550154 0.707107 -0.441234 0.388335 0.809017 -0.508241 0.629444 0.587785 -0.369259 0.457318 0.809017 -0.235565 0.666715 0.707107 -0.28666 0.513145 0.809017 1.39478e-09 0.707107 0.707107 -0.0993362 0.579331 0.809017 -0.119502 0.696936 0.707107 -0.195815 0.55421 0.809017 5.1896e-09 0.951057 0.309017 3.51208e-10 0.891007 0.453991 -0.150581 0.87819 0.453991 -0.136725 0.79738 0.587785 9.57348e-10 0.809017 0.587785 -0.160729 0.937376 0.309017 -0.16692 0.973481 0.156434 1.60367e-09 0.587785 0.809017 2.68614e-10 0.453991 0.891006 -0.0522241 0.304572 0.951056 -0.0767248 0.44746 0.891006 -0.0264376 0.154184 0.987688 2.01531e-09 -1.17534e-08 1 3.97265e-09 -1.12437e-08 1 -0.0521146 0.147499 0.987688 5.8157e-09 -1.04106e-08 1 8.95168e-09 -7.87847e-09 1 -0.0982753 0.121712 0.987688 7.49145e-09 -9.27798e-09 1 -0.151242 0.428058 0.891006 -0.102946 0.291365 0.951056 -0.150706 0.269776 0.951056 -0.29683 0.84011 0.453991 -0.316835 0.89673 0.309017 -0.169001 0.985616 8.74228e-08 -0.329038 0.931269 0.156434 -0.0762923 0.13657 0.987688 -0.221409 0.39634 0.891006 -0.434539 0.777861 0.453991 -0.463825 0.830286 0.309017 -0.33314 0.942877 8.74228e-08 -0.481691 0.862266 0.156434 -0.117431 0.103352 0.987688 -0.194131 0.240426 0.951056 -0.285206 0.353221 0.891006 -0.559748 0.693235 0.453991 -0.597473 0.739956 0.309017 -0.487695 0.873014 8.74228e-08 -0.620486 0.768457 0.156434 1.01544e-08 -6.2523e-09 1 1.1065e-08 -4.44627e-09 1 1.16572e-08 -2.51232e-09 1 -0.145154 0.0583276 0.987688 -0.386586 0.238031 0.891006 -0.263137 0.16202 0.951056 -0.286734 0.115219 0.951056 -0.231971 0.20416 0.951056 -0.340798 0.29994 0.891006 -0.668854 0.588665 0.453991 -0.713932 0.628339 0.309017 -0.62822 0.778036 8.74228e-08 -0.74143 0.652541 0.156434 -0.133209 0.0820198 0.987688 1.14022e-08 3.49188e-09 1 1.0648e-08 5.36863e-09 1 -0.149577 -0.0458076 0.987688 -0.758718 0.467161 0.453991 -0.809852 0.498646 0.309017 -0.750672 0.660675 8.74228e-08 -0.841045 0.517852 0.156434 -0.152923 0.0329575 0.987688 -0.421253 0.169273 0.891006 -0.826755 0.332218 0.453991 -0.882475 0.354608 0.309017 -0.851529 0.524307 8.74228e-08 -0.916465 0.368266 0.156434 -0.156294 0.00663927 0.987688 1.19141e-08 -5.06106e-10 1 -0.302081 0.0651035 0.951056 -0.443801 0.0956464 0.891006 -0.871008 0.187717 0.453991 -0.92971 0.200368 0.309017 -0.927889 0.372857 8.74228e-08 -0.96552 0.208085 0.156434 -0.155167 -0.01987 0.987688 1.18283e-08 1.51467e-09 1 -0.275929 -0.139121 0.951056 -0.248449 -0.183752 0.951056 -0.40538 -0.204388 0.891006 -0.308739 0.0131151 0.951056 -0.453582 0.0192679 0.891006 -0.890204 0.0378154 0.453991 -0.9502 0.040364 0.309017 -0.977555 0.210679 8.74228e-08 -0.986798 0.0419186 0.156434 -0.306514 -0.0392507 0.951056 -0.450314 -0.0576649 0.891006 -0.88379 -0.113174 0.453991 -0.943353 -0.120801 0.309017 -0.999099 0.0424412 8.74228e-08 -0.979689 -0.125454 0.156434 -1.0113e-09 1.18819e-08 1 -3.00481e-09 1.15401e-08 1 0.0132666 -0.155871 0.987688 9.58757e-09 7.09093e-09 1 -0.139684 -0.0704274 0.987688 -0.434091 -0.132939 0.891006 -0.295472 -0.0904872 0.951056 -0.851951 -0.260907 0.453991 -0.909369 -0.278491 0.309017 -0.9919 -0.127018 8.74228e-08 -0.944395 -0.289218 0.156434 -0.125773 -0.0930211 0.987688 -0.795603 -0.401134 0.453991 -0.849223 -0.428169 0.309017 -0.956167 -0.292823 8.74228e-08 -0.881932 -0.444661 0.156434 8.25129e-09 8.60924e-09 1 -0.108243 -0.112939 0.987688 -0.365007 -0.269958 0.891006 -0.716367 -0.529822 0.453991 -0.764647 -0.56553 0.309017 -0.892926 -0.450204 8.74228e-08 -0.794099 -0.587312 0.156434 -0.0875994 -0.129608 0.987688 6.67763e-09 9.87988e-09 1 0.127284 -0.281585 0.951056 0.173042 -0.256024 0.951056 0.186999 -0.413689 0.891006 -0.213821 -0.223097 0.951056 -0.314134 -0.327761 0.891006 -0.616522 -0.643268 0.453991 -0.658073 -0.686621 0.309017 -0.803997 -0.594633 8.74228e-08 -0.68342 -0.713068 0.156434 4.91187e-09 1.08663e-08 1 -0.0644356 -0.142548 0.987688 -0.173042 -0.256024 0.951056 -0.254223 -0.376136 0.891006 -0.498941 -0.738207 0.453991 -0.532568 -0.78796 0.309017 -0.691939 -0.721956 8.74228e-08 -0.55308 -0.818309 0.156434 3.00481e-09 1.15401e-08 1 -0.0394181 -0.151387 0.987688 -0.127285 -0.281585 0.951056 -0.186999 -0.413689 0.891006 -0.367007 -0.811911 0.453991 -0.391741 -0.86663 0.309017 -0.559975 -0.82851 8.74228e-08 -0.40683 -0.90001 0.156434 1.0113e-09 1.18819e-08 1 -0.0132666 -0.155871 0.987688 -0.0778655 -0.299046 0.951056 -0.114396 -0.439342 0.891006 -0.224514 -0.862256 0.453991 -0.239645 -0.920369 0.309017 -0.248876 -0.955819 0.156434 -0.411901 -0.911229 8.74228e-08 -0.0262065 -0.307904 0.951056 -0.0385011 -0.452355 0.891006 -0.0755626 -0.887797 0.453991 -0.0806552 -0.94763 0.309017 -0.251978 -0.967733 8.74228e-08 -0.0837618 -0.98413 0.156434 0.0644356 -0.142548 0.987688 -4.91187e-09 1.08663e-08 1 -6.67763e-09 9.87988e-09 1 0.0394181 -0.151387 0.987688 0.0385011 -0.452355 0.891006 0.0262065 -0.307904 0.951056 0.0755628 -0.887797 0.453991 0.0806552 -0.94763 0.309017 -0.0848057 -0.996397 8.74228e-08 0.0837615 -0.98413 0.156434 -8.25129e-09 8.60924e-09 1 0.0875994 -0.129608 0.987688 0.0778655 -0.299046 0.951056 0.114396 -0.439342 0.891006 0.224514 -0.862256 0.453991 0.239645 -0.920369 0.309017 0.0848059 -0.996397 8.74228e-08 0.248876 -0.955819 0.156434 -9.58757e-09 7.09093e-09 1 0.108243 -0.112939 0.987688 0.367007 -0.811911 0.453991 0.391741 -0.86663 0.309017 0.251978 -0.967733 8.74228e-08 0.40683 -0.90001 0.156434 0.254223 -0.376136 0.891006 0.498941 -0.738207 0.453991 0.532568 -0.787959 0.309017 0.411901 -0.911229 8.74228e-08 0.55308 -0.818309 0.156434 -1.0648e-08 5.36862e-09 1 -1.14022e-08 3.49188e-09 1 0.139684 -0.0704274 0.987688 0.213821 -0.223097 0.951056 0.314134 -0.327761 0.891006 0.616522 -0.643268 0.453991 0.658073 -0.686621 0.309017 0.559975 -0.82851 8.74228e-08 0.68342 -0.713067 0.156434 0.125773 -0.0930212 0.987688 0.149577 -0.0458076 0.987688 -1.18283e-08 1.51467e-09 1 0.275929 -0.139121 0.951056 0.295472 -0.0904873 0.951056 0.40538 -0.204388 0.891006 0.248449 -0.183752 0.951056 0.365007 -0.269958 0.891006 0.716367 -0.529822 0.453991 0.764647 -0.56553 0.309017 0.691939 -0.721956 8.74228e-08 0.794099 -0.587312 0.156434 -1.19141e-08 -5.0611e-10 1 -1.16572e-08 -2.51233e-09 1 0.156294 0.00663924 0.987688 0.795603 -0.401135 0.453991 0.849223 -0.428169 0.309017 0.803997 -0.594633 8.74228e-08 0.881933 -0.444661 0.156434 0.155167 -0.01987 0.987688 0.434091 -0.132939 0.891006 0.851951 -0.260907 0.453991 0.909369 -0.278491 0.309017 0.892926 -0.450204 8.74228e-08 0.944395 -0.289218 0.156434 -1.1065e-08 -4.44627e-09 1 0.152923 0.0329575 0.987688 0.308739 0.013115 0.951056 0.302081 0.0651035 0.951056 0.453582 0.019268 0.891006 0.306514 -0.0392506 0.951056 0.450314 -0.0576651 0.891006 0.88379 -0.113174 0.453991 0.943353 -0.120801 0.309017 0.956167 -0.292823 8.74228e-08 0.979689 -0.125454 0.156434 -8.95168e-09 -7.87847e-09 1 0.133209 0.0820197 0.987688 -1.01544e-08 -6.2523e-09 1 0.890204 0.0378152 0.453991 0.9502 0.0403643 0.309017 0.9919 -0.127018 8.74228e-08 0.986798 0.0419185 0.156434 0.145154 0.0583276 0.987688 0.421253 0.169273 0.891006 0.871008 0.187717 0.453991 0.92971 0.200368 0.309017 0.999099 0.042441 8.74228e-08 0.96552 0.208085 0.156434 0.286734 0.115219 0.951056 0.916465 0.368266 0.156434 0.977555 0.210679 8.74228e-08 -7.49145e-09 -9.27798e-09 1 0.117431 0.103352 0.987688 0.263137 0.16202 0.951056 0.927889 0.372857 8.74228e-08 0.841045 0.517852 0.156434 0.231971 0.20416 0.951056 0.713932 0.628339 0.309017 0.559748 0.693235 0.453991 0.851529 0.524307 8.74228e-08 0.74143 0.652541 0.156434 0.28666 0.513145 0.809017 0.221409 0.39634 0.891006 0.151242 0.428058 0.891006 0.285206 0.353221 0.891006 0.369259 0.457318 0.809017 0.194131 0.240426 0.951056 0.444219 0.550154 0.707107 0.508241 0.629444 0.587785 0.750673 0.660674 8.74228e-08 0.150706 0.269776 0.951056 0.344852 0.617314 0.707107 0.394553 0.706283 0.587785 0.434539 0.777861 0.453991 0.195815 0.55421 0.809017 0.102946 0.291365 0.951056 0.235566 0.666715 0.707107 0.269516 0.762804 0.587785 0.29683 0.84011 0.453991 0.316835 0.89673 0.309017 0.0767248 0.44746 0.891006 0.0993362 0.579331 0.809017 0.119502 0.696936 0.707107 0.136725 0.79738 0.587785 0.150581 0.87819 0.453991 0.160729 0.937376 0.309017 0.281733 0.959493 0 0.142315 0.989821 0 0.281733 0.959493 0 -1.74846e-07 1 0 0.142315 0.989821 0 3.01992e-07 1 0 0.54064 0.841254 0 0.654861 0.755749 0 0.654861 0.75575 0 0.540641 0.841253 0 0.415415 0.909632 0 0.415415 0.909632 0 0.909632 0.415415 0 0.841254 0.540641 0 0.909632 0.415415 0 0.841254 0.540641 0 0.75575 0.654861 0 0.75575 0.654861 0 1 1.19249e-08 0 1 1.19249e-08 0 0.989821 0.142315 0 0.959493 0.281732 0 0.989821 0.142315 0 0.959493 0.281732 0 0.959493 -0.281732 0 0.909632 -0.415415 0 0.909632 -0.415415 0 0.989821 -0.142315 0 0.989821 -0.142315 0 0.959493 -0.281732 0 0.654861 -0.75575 0 0.75575 -0.654861 0 0.654861 -0.75575 0 0.75575 -0.654861 0 0.841253 -0.540641 0 0.841254 -0.540641 0 0.281733 -0.959493 0 0.281733 -0.959493 0 0.415415 -0.909632 0 0.540641 -0.841254 0 0.415415 -0.909632 0 0.540641 -0.841254 0 8.74228e-08 -1 0 -0.142315 -0.989821 -0 -0.142315 -0.989821 -0 0.142315 -0.989821 0 0.142315 -0.989821 0 8.74228e-08 -1 0 -0.540641 -0.841254 -0 -0.415415 -0.909632 -0 -0.540641 -0.841254 -0 -0.415415 -0.909632 -0 -0.281733 -0.959493 -0 -0.281732 -0.959493 -0 -0.841254 -0.540641 -0 -0.841254 -0.540641 -0 -0.755749 -0.654861 -0 -0.654861 -0.755749 -0 -0.75575 -0.654861 -0 -0.654861 -0.755749 -0 -0.959493 -0.281732 -0 -0.989821 -0.142315 -0 -0.989821 -0.142315 -0 -0.909632 -0.415415 -0 -0.909632 -0.415415 -0 -0.959493 -0.281732 -0 -1 -4.37114e-08 -0 -0.989821 0.142315 0 -0.989821 0.142315 0 -1 -4.37114e-08 -0 -0.959493 0.281733 0 -0.959493 0.281733 0 -0.909632 0.415415 0 -0.909632 0.415415 0 -0.841254 0.540641 0 -0.841254 0.540641 0 -0.75575 0.654861 0 -0.75575 0.654861 0 -0.654861 0.75575 0 -0.654861 0.75575 0 -0.540641 0.841254 0 -0.540641 0.841254 0 -0.415415 0.909632 0 -0.415415 0.909632 0 -0.281733 0.959493 0 -0.281733 0.959493 0 -0.142315 0.989821 0 -0.142315 0.989821 0 0 0 1 0 0 1 0 0 1 0 0 1 0 0 1 0 0 1 0 0 1 0 0 1 0 0 1 0 0 1 0 0 1 0 0 1 0 0 1 0 0 1 0 0 1 0 0 1 0 0 1 0 0 1 0 0 1 0 0 1 0 0 1 0 0 1 0 0 1 0 0 1 0 0 1 0 0 1 0 0 1 0 0 1 0 0 1 0 0 1 0 0 1 0 0 1 0 0 1 0 0 1 0 0 1 0 0 1 0 0 1 0 0 1 0 0 1 0 0 1 0 0 1 0 0 1 0 0 1 0 0 1 0.33314 0.942877 0 0.169001 0.985616 0 0.33314 0.942877 0 -1.74846e-07 1 0 0.169001 0.985616 0 3.01992e-07 1 0 0.62822 0.778036 0 0.750672 0.660675 0 0.750672 0.660675 0 0.62822 0.778036 0 0.487695 0.873014 0 0.487695 0.873014 0 0.977555 0.210679 0 0.927889 0.372856 0 0.977555 0.210679 0 0.927889 0.372857 0 0.851529 0.524307 0 0.851529 0.524307 0 0.956167 -0.292823 0 0.956167 -0.292823 0 0.9919 -0.127018 0 0.999099 0.0424415 0 0.9919 -0.127018 0 0.999099 0.042441 0 0.803997 -0.594633 0 0.691939 -0.721956 0 0.691939 -0.721956 0 0.892926 -0.450204 0 0.892926 -0.450204 0 0.803997 -0.594633 0 0.251978 -0.967733 0 0.411901 -0.911228 0 0.251978 -0.967733 0 0.411901 -0.911228 0 0.559975 -0.82851 0 0.559975 -0.82851 0 -0.251978 -0.967733 -0 -0.251978 -0.967733 -0 -0.0848059 -0.996397 -0 0.0848059 -0.996397 0 -0.0848059 -0.996397 -0 0.0848059 -0.996397 0 -0.559975 -0.82851 -0 -0.691939 -0.721956 -0 -0.691939 -0.721956 -0 -0.411901 -0.911228 -0 -0.411901 -0.911229 -0 -0.559975 -0.82851 -0 -0.956167 -0.292823 -0 -0.892926 -0.450204 -0 -0.956167 -0.292823 -0 -0.892926 -0.450204 -0 -0.803997 -0.594633 -0 -0.803997 -0.594633 -0 -0.977555 0.210679 0 -0.999099 0.0424412 0 -0.999099 0.0424412 0 -0.9919 -0.127018 -0 -0.9919 -0.127018 -0 -0.977555 0.210679 0 -0.927889 0.372857 0 -0.927889 0.372856 0 -0.851529 0.524307 0 -0.750672 0.660675 0 -0.851529 0.524307 0 -0.750672 0.660675 0 -0.62822 0.778036 0 -0.62822 0.778036 0 -0.487695 0.873014 0 -0.33314 0.942877 0 -0.487695 0.873014 0 -0.33314 0.942877 0 -0.169001 0.985616 0 -0.169001 0.985616 0 0.33314 0.942877 0 0.169001 0.985616 0 0.33314 0.942877 0 -1.74846e-07 1 0 0.169001 0.985616 0 3.01992e-07 1 0 0.62822 0.778036 0 0.750672 0.660675 0 0.750672 0.660675 0 0.62822 0.778036 0 0.487695 0.873014 0 0.487695 0.873014 0 0.977555 0.210679 0 0.927889 0.372856 0 0.977555 0.210679 0 0.927889 0.372857 0 0.851529 0.524307 0 0.851529 0.524307 0 0.956167 -0.292823 0 0.956167 -0.292823 0 0.9919 -0.127018 0 0.999099 0.0424415 0 0.9919 -0.127018 0 0.999099 0.042441 0 0.803997 -0.594633 0 0.691939 -0.721956 0 0.691939 -0.721956 0 0.892926 -0.450204 0 0.892926 -0.450204 0 0.803997 -0.594633 0 0.251978 -0.967733 0 0.411901 -0.911228 0 0.251978 -0.967733 0 0.411901 -0.911228 0 0.559975 -0.82851 0 0.559975 -0.82851 0 -0.251978 -0.967733 -0 -0.251978 -0.967733 -0 -0.0848059 -0.996397 -0 0.0848059 -0.996397 0 -0.0848059 -0.996397 -0 0.0848059 -0.996397 0 -0.559975 -0.82851 -0 -0.691939 -0.721956 -0 -0.691939 -0.721956 -0 -0.411901 -0.911228 -0 -0.411901 -0.911229 -0 -0.559975 -0.82851 -0 -0.956167 -0.292823 -0 -0.892926 -0.450204 -0 -0.956167 -0.292823 -0 -0.892926 -0.450204 -0 -0.803997 -0.594633 -0 -0.803997 -0.594633 -0 -0.977555 0.210679 0 -0.999099 0.0424412 0 -0.999099 0.0424412 0 -0.9919 -0.127018 -0 -0.9919 -0.127018 -0 -0.977555 0.210679 0 -0.927889 0.372857 0 -0.927889 0.372856 0 -0.851529 0.524307 0 -0.750672 0.660675 0 -0.851529 0.524307 0 -0.750672 0.660675 0 -0.62822 0.778036 0 -0.62822 0.778036 0 -0.487695 0.873014 0 -0.33314 0.942877 0 -0.487695 0.873014 0 -0.33314 0.942877 0 -0.169001 0.985616 0 -0.169001 0.985616 0 0.996584 -0.0825794 0 0.996584 0.0825794 0 0.996584 0.0825794 0 8.74228e-08 -1 0 -0.164595 -0.986361 -0 8.74228e-08 -1 0 0.9694 0.245485 0 0.9694 0.245486 0 0.915773 0.401695 0 0.915773 0.401695 0 0.837166 0.546948 0 0.837166 0.546948 0 0.735724 0.677282 0 0.735724 0.677282 0 0.614213 0.78914 0 0.614213 0.789141 0 0.475947 0.879474 0 0.475948 0.879474 0 0.324699 0.945817 0 0.3247 0.945817 0 0.164595 0.986361 0 0.164595 0.986361 0 -1.74846e-07 1 0 3.01992e-07 1 0 0.996584 -0.0825794 0 0.9694 -0.245486 0 0.9694 -0.245486 0 0.915773 -0.401695 0 0.915773 -0.401695 0 0.837167 -0.546948 0 0.837167 -0.546948 0 0.735724 -0.677282 0 0.735724 -0.677282 0 0.614213 -0.78914 0 0.614213 -0.78914 0 0.475947 -0.879474 0 0.475947 -0.879474 0 0.324699 -0.945817 0 0.324699 -0.945817 0 0.164595 -0.986361 0 0.164595 -0.986361 0 -0.3247 -0.945817 -0 -0.324699 -0.945817 -0 -0.164595 -0.986361 -0 -0.735724 -0.677282 -0 -0.735724 -0.677282 -0 -0.614213 -0.789141 -0 -0.475947 -0.879474 -0 -0.614213 -0.78914 -0 -0.475947 -0.879474 -0 -0.915773 -0.401695 -0 -0.9694 -0.245485 -0 -0.9694 -0.245485 -0 -0.837166 -0.546948 -0 -0.837166 -0.546948 -0 -0.915773 -0.401695 -0 -0.9694 0.245485 0 -0.996584 0.0825794 0 -0.9694 0.245485 0 -0.996584 0.0825794 0 -0.996584 -0.0825792 -0 -0.996584 -0.0825794 -0 -0.735724 0.677282 0 -0.735724 0.677282 0 -0.837166 0.546948 0 -0.915773 0.401695 0 -0.837166 0.546948 0 -0.915773 0.401695 0 -0.475947 0.879474 0 -0.614213 0.789141 0 -0.614213 0.789141 0 -0.475947 0.879474 0 -0.324699 0.945817 0 -0.324699 0.945817 0 -0.164595 0.986361 0 -0.164595 0.986361 0 0.996584 -0.0825794 0 0.996584 0.0825794 0 0.996584 0.0825794 0 8.74228e-08 -1 0 -0.164595 -0.986361 -0 8.74228e-08 -1 0 0.9694 0.245485 0 0.9694 0.245486 0 0.915773 0.401695 0 0.915773 0.401695 0 0.837166 0.546948 0 0.837166 0.546948 0 0.735724 0.677282 0 0.735724 0.677282 0 0.614213 0.78914 0 0.614213 0.789141 0 0.475947 0.879474 0 0.475948 0.879474 0 0.324699 0.945817 0 0.3247 0.945817 0 0.164595 0.986361 0 0.164595 0.986361 0 -1.74846e-07 1 0 3.01992e-07 1 0 0.996584 -0.0825794 0 0.9694 -0.245486 0 0.9694 -0.245486 0 0.915773 -0.401695 0 0.915773 -0.401695 0 0.837167 -0.546948 0 0.837167 -0.546948 0 0.735724 -0.677282 0 0.735724 -0.677282 0 0.614213 -0.78914 0 0.614213 -0.78914 0 0.475947 -0.879474 0 0.475947 -0.879474 0 0.324699 -0.945817 0 0.324699 -0.945817 0 0.164595 -0.986361 0 0.164595 -0.986361 0 -0.3247 -0.945817 -0 -0.324699 -0.945817 -0 -0.164595 -0.986361 -0 -0.735724 -0.677282 -0 -0.735724 -0.677282 -0 -0.614213 -0.789141 -0 -0.475947 -0.879474 -0 -0.614213 -0.78914 -0 -0.475947 -0.879474 -0 -0.915773 -0.401695 -0 -0.9694 -0.245485 -0 -0.9694 -0.245485 -0 -0.837166 -0.546948 -0 -0.837166 -0.546948 -0 -0.915773 -0.401695 -0 -0.9694 0.245485 0 -0.996584 0.0825794 0 -0.9694 0.245485 0 -0.996584 0.0825794 0 -0.996584 -0.0825792 -0 -0.996584 -0.0825794 -0 -0.735724 0.677282 0 -0.735724 0.677282 0 -0.837166 0.546948 0 -0.915773 0.401695 0 -0.837166 0.546948 0 -0.915773 0.401695 0 -0.475947 0.879474 0 -0.614213 0.789141 0 -0.614213 0.789141 0 -0.475947 0.879474 0 -0.324699 0.945817 0 -0.324699 0.945817 0 -0.164595 0.986361 0 -0.164595 0.986361 0 0 0 1 0 0 1 0 0 1 0 0 1 0 0 1 0 0 1 0 0 1 0 0 1 0 0 1 0 0 1 0 0 1 0 0 1 0 0 1 0 0 1 0 0 1 0 0 1 0 0 1 0 0 1 0 0 1 0 0 1 0 0 1 0 0 1 0 0 1 0 0 1 0 0 1 0 0 1 0 0 1 0 0 1 0 0 1 0 0 1 0 0 1 0 0 1 0 0 1 0 0 1 0 0 1 0 0 1 0 0 1 0 0 1 0 0 1 0 0 1 0 0 1 0 0 1 0 0 1 0 0 1 0 0 1 0 0 1 0 0 1 0 0 1 0 0 1 0 0 1 0 0 1 0 0 1 0 0 1 0 0 1 0 0 1 0 0 1 0 0 1 0 0 1 0 0 1 0 0 1 0 0 1 0 0 1 0 0 1 0 0 1 0 0 1 0 0 1 0 0 1 0 0 1 0 0 1 0 0 1 0 0 1 0 0 1 0 0 1 0 0 1 0 0 1 0.33314 0.942877 0 0.169001 0.985616 0 0.33314 0.942877 0 -1.74846e-07 1 0 0.169001 0.985616 0 3.01992e-07 1 0 0.62822 0.778036 0 0.750672 0.660675 0 0.750672 0.660675 0 0.62822 0.778036 0 0.487695 0.873014 0 0.487695 0.873014 0 0.977555 0.210679 0 0.927889 0.372856 0 0.977555 0.210679 0 0.927889 0.372857 0 0.851529 0.524307 0 0.851529 0.524307 0 0.956167 -0.292823 0 0.956167 -0.292823 0 0.9919 -0.127018 0 0.999099 0.0424415 0 0.9919 -0.127018 0 0.999099 0.042441 0 0.803997 -0.594633 0 0.691939 -0.721956 0 0.691939 -0.721956 0 0.892926 -0.450204 0 0.892926 -0.450204 0 0.803997 -0.594633 0 0.251978 -0.967733 0 0.411901 -0.911228 0 0.251978 -0.967733 0 0.411901 -0.911228 0 0.559975 -0.82851 0 0.559975 -0.82851 0 -0.251978 -0.967733 -0 -0.251978 -0.967733 -0 -0.0848059 -0.996397 -0 0.0848059 -0.996397 0 -0.0848059 -0.996397 -0 0.0848059 -0.996397 0 -0.559975 -0.82851 -0 -0.691939 -0.721956 -0 -0.691939 -0.721956 -0 -0.411901 -0.911228 -0 -0.411901 -0.911229 -0 -0.559975 -0.82851 -0 -0.956167 -0.292823 -0 -0.892926 -0.450204 -0 -0.956167 -0.292823 -0 -0.892926 -0.450204 -0 -0.803997 -0.594633 -0 -0.803997 -0.594633 -0 -0.977555 0.210679 0 -0.999099 0.0424412 0 -0.999099 0.0424412 0 -0.9919 -0.127018 -0 -0.9919 -0.127018 -0 -0.977555 0.210679 0 -0.927889 0.372857 0 -0.927889 0.372856 0 -0.851529 0.524307 0 -0.750672 0.660675 0 -0.851529 0.524307 0 -0.750672 0.660675 0 -0.62822 0.778036 0 -0.62822 0.778036 0 -0.487695 0.873014 0 -0.33314 0.942877 0 -0.487695 0.873014 0 -0.33314 0.942877 0 -0.169001 0.985616 0 -0.169001 0.985616 0 0 0 1 0 0 1 0 0 1 0 0 1 0 0 1 0 0 1 0 0 1 0 0 1 0 0 1 0 0 1 0 0 1 0 0 1 0 0 1 0 0 1 0 0 1 0 0 1 0 0 1 0 0 1 0 0 1 0 0 1 0 0 1 0 0 1 0 0 1 0 0 1 0 0 1 0 0 1 0 0 1 0 0 1 0 0 1 0 0 1 0 0 1 0 0 1 0 0 1 0 0 1 0 0 1 0 0 1 0 0 1 0 0 1 0 0 1 0 0 1 0 0 1 0 0 1 0 0 1 0 0 1 0 0 1 0 0 1 0 0 1 0 0 1 0 0 1 0 0 1 0 0 1 0 0 1 0 0 1 0 0 1 0 0 1 0 0 1 0 0 1 0 0 1 0 0 1 0 0 1 0 0 1 0 0 1 0 0 1 0 0 1 0 0 1 0 0 1 0 0 1 0 0 1 0 0 1 0 0 1 0 0 1 0 0 1 0 0 1 0 0 1 0.0848059 0.996397 0 -0.0848059 0.996397 0 -0.0848059 0.996397 0 -0.251978 0.967733 0 -0.251978 0.967733 0 -0.411901 0.911228 0 -0.411901 0.911228 0 -0.559975 0.82851 0 -0.559975 0.82851 0 -0.691939 0.721956 0 -0.691939 0.721956 0 -0.803997 0.594633 0 -0.803997 0.594633 0 -0.892926 0.450204 0 -0.892926 0.450204 0 -0.956167 0.292823 0 -0.956167 0.292823 0 -0.9919 0.127018 0 -0.9919 0.127018 0 -0.999099 -0.0424415 0 -0.999099 -0.042441 0 -0.977555 -0.210679 0 -0.977555 -0.210679 0 -0.927889 -0.372856 0 -0.927889 -0.372857 0 -0.851529 -0.524307 0 -0.851529 -0.524307 0 -0.750672 -0.660675 0 -0.750672 -0.660675 0 -0.62822 -0.778036 0 -0.62822 -0.778036 0 -0.487695 -0.873014 0 -0.487695 -0.873014 0 -0.33314 -0.942877 0 -0.33314 -0.942877 0 -0.169001 -0.985616 0 -0.169001 -0.985616 0 1.74846e-07 -1 0 -3.01992e-07 -1 0 0.0848059 0.996397 0 0.251978 0.967733 0 0.251978 0.967733 0 0.411901 0.911228 0 0.411901 0.911229 0 0.559975 0.82851 0 0.559975 0.82851 0 0.691939 0.721956 0 0.691939 0.721956 0 0.803997 0.594633 0 0.803997 0.594633 0 0.892926 0.450204 0 0.892926 0.450204 0 0.956167 0.292823 0 0.956167 0.292823 0 0.9919 0.127018 0 0.9919 0.127018 0 0.999099 -0.0424412 0 0.999099 -0.0424412 0 0.977555 -0.210679 0 0.977555 -0.210679 0 0.927889 -0.372857 0 0.927889 -0.372856 0 0.851529 -0.524307 0 0.851529 -0.524307 0 0.750672 -0.660675 0 0.750672 -0.660675 0 0.62822 -0.778036 0 0.62822 -0.778036 0 0.487695 -0.873014 0 0.487695 -0.873014 0 0.33314 -0.942877 0 0.33314 -0.942877 0 0.169001 -0.985616 0 0.169001 -0.985616 0 0 0 1 0 0 1 0 0 1 0 0 1 0 0 1 0 0 1 0 0 1 0 0 1 0 0 1 0 0 1 0 0 1 0 0 1 0 0 1 0 0 1 0 0 1 0 0 1 0 0 1 0 0 1 0 0 1 0 0 1 0 0 1 0 0 1 0 0 1 0 0 1 0 0 1 0 0 1 0 0 1 0 0 1 0 0 1 0 0 1 0 0 1 0 0 1 0 0 1 0 0 1 0 0 1 0 0 1 0 0 1 0.0848059 0.996397 0 0.0848059 0.996397 0 -0.0848059 0.996397 0 0.251978 0.967733 0 0.251978 0.967733 0 0.411901 0.911229 0 0.411901 0.911228 0 0.559975 0.82851 0 0.559975 0.82851 0 0.691939 0.721956 0 0.691939 0.721956 0 0.803997 0.594633 0 0.803997 0.594633 0 0.892926 0.450204 0 0.892926 0.450204 0 0.956167 0.292823 0 0.956167 0.292823 0 0.9919 0.127018 0 0.9919 0.127018 0 0.999099 -0.0424412 0 0.999099 -0.0424412 0 0.977555 -0.210679 0 0.977555 -0.210679 0 0.927889 -0.372856 0 0.927889 -0.372857 0 0.851529 -0.524307 0 0.851529 -0.524307 0 0.750672 -0.660675 0 0.750672 -0.660675 0 0.62822 -0.778036 0 0.62822 -0.778036 0 0.487695 -0.873014 0 0.487695 -0.873014 0 0.33314 -0.942877 0 0.33314 -0.942877 0 0.169001 -0.985616 0 0.169001 -0.985616 0 -1.37184e-11 -1 0 -1.43324e-22 -1 0 -0.0848059 0.996397 0 -0.251978 0.967733 0 -0.251978 0.967733 0 -0.411901 0.911228 0 -0.411901 0.911228 0 -0.559975 0.82851 0 -0.559975 0.82851 0 -0.691939 0.721956 0 -0.691939 0.721956 0 -0.803997 0.594633 0 -0.803997 0.594633 0 -0.892926 0.450204 0 -0.892926 0.450204 0 -0.956167 0.292823 0 -0.956167 0.292823 0 -0.9919 0.127018 0 -0.9919 0.127018 0 -0.999099 -0.042441 0 -0.999099 -0.0424415 0 -0.977555 -0.210679 0 -0.977555 -0.210679 0 -0.927889 -0.372856 0 -0.927889 -0.372857 0 -0.851529 -0.524307 0 -0.851529 -0.524307 0 -0.750672 -0.660675 0 -0.750672 -0.660675 0 -0.62822 -0.778036 0 -0.62822 -0.778036 0 -0.487695 -0.873014 0 -0.487695 -0.873014 0 -0.33314 -0.942877 0 -0.33314 -0.942877 0 -0.169001 -0.985616 0 -0.169001 -0.985616 0 0 0 1 0 0 1 0 0 1 0 0 1 0 0 1 0 0 1 0 0 1 0 0 1 0 0 1 0 0 1 0 0 1 0 0 1 0 0 1 0 0 1 0 0 1 0 0 1 0 0 1 0 0 1 0 0 1 0 0 1 0 0 1 0 0 1 0 0 1 0 0 1 0 0 1 0 0 1 0 0 1 0 0 1 0 0 1 0 0 1 0 0 1 0 0 1 0 0 1 0 0 1 0 0 1 0 0 1 0 0 1 0 0 1 0 0 1 0 0 1 0 0 1 0 0 1 0 0 1 0 0 1 0 0 1 0 0 1 0 0 1 0 0 1 0 0 1 0 0 1 0 0 1 0 0 1 0 0 1 0 0 1 0 0 1 0 0 1 0 0 1 0 0 1 0 0 1 0 0 1 0 0 1 0 0 1 0 0 1 0 0 1 0 0 1 0 0 1 0 0 1 0 0 1 0 0 1 0 0 1 0 0 1 0 0 1 0 0 1 0 0 1 -0.148109 0.568819 0.809017 -0.291258 0.644336 0.707107 -0.242109 0.535607 0.809017 0.195815 -0.554209 0.809017 0.344852 -0.617314 0.707107 0.28666 -0.513145 0.809017 -0.395962 0.585845 0.707107 -0.329145 0.486986 0.809017 -0.0599668 0.704559 0.707107 -0.203855 0.782912 0.587785 -0.178175 0.68429 0.707107 -0.453029 0.670278 0.587785 -0.333235 0.737199 0.587785 -0.55979 0.584075 0.587785 -0.489275 0.5105 0.707107 -0.472578 0.349517 0.809017 -0.406711 0.424355 0.809017 -0.568512 0.420469 0.707107 -0.650447 0.481068 0.587785 -0.631394 0.318342 0.707107 -0.524849 0.264623 0.809017 -0.722392 0.364223 0.587785 -0.676112 0.207057 0.707107 -0.562021 0.172117 0.809017 -0.0521145 -0.147499 0.987688 -3.97265e-09 -1.12437e-08 1 -5.8157e-09 -1.04106e-08 1 -0.583024 0.0746591 0.809017 -0.701379 0.0898151 0.707107 -0.802464 0.102759 0.587785 -0.70647 -0.0300103 0.707107 -0.587255 -0.0249465 0.809017 -0.808288 -0.0343355 0.587785 -0.790859 -0.170443 0.587785 -0.691236 -0.148973 0.707107 -0.574592 -0.123834 0.809017 -4.72419e-08 -0.156435 0.987688 2.08501e-15 -1.19249e-08 1 -2.01531e-09 -1.17534e-08 1 -0.545399 -0.219159 0.809017 -0.656116 -0.263649 0.707107 -0.0264376 -0.154184 0.987688 -0.773555 0.236898 0.587785 -0.386586 -0.238031 0.891006 -0.286734 -0.115219 0.951056 -0.421253 -0.169273 0.891006 -7.49145e-09 -9.27799e-09 1 -0.0762923 -0.13657 0.987688 -0.0982753 -0.121712 0.987688 -0.194131 -0.240426 0.951056 -0.150706 -0.269776 0.951056 -0.340798 -0.29994 0.891006 -0.263137 -0.16202 0.951056 -0.441234 -0.388335 0.809017 -0.500516 -0.30818 0.809017 -0.530806 -0.467167 0.707107 -0.602122 -0.370741 0.707107 -0.607307 -0.534497 0.587785 -0.871008 -0.187717 0.453991 -0.620486 -0.768457 0.156434 -0.487695 -0.873014 -1.74846e-07 -0.481691 -0.862266 0.156434 -0.668854 -0.588666 0.453991 -0.688902 -0.424173 0.587785 -0.758718 -0.467161 0.453991 -0.750678 -0.301647 0.587785 1.72693e-07 -0.987688 0.156434 -2.87211e-07 -0.951057 0.309017 -0.160729 -0.937376 0.309017 -0.33314 -0.942877 -1.74846e-07 -0.329038 -0.931269 0.156434 1.74846e-07 -1 -1.74846e-07 -0.16692 -0.973481 0.156434 -0.169001 -0.985616 -1.74846e-07 0.0599668 0.704559 0.707107 -0.0686096 0.806102 0.587785 0.178175 0.68429 0.707107 0.0686094 0.806102 0.587785 -0.0498476 0.585668 0.809017 0.291258 0.644336 0.707107 0.203855 0.782912 0.587785 0.0498477 0.585668 0.809017 0.333235 0.737199 0.587785 0.395962 0.585845 0.707107 0.148109 0.568819 0.809017 0.489275 0.5105 0.707107 0.453029 0.670278 0.587785 0.242109 0.535607 0.809017 0.329145 0.486986 0.809017 0.406711 0.424355 0.809017 0.568512 0.420469 0.707107 0.55979 0.584075 0.587785 0.472578 0.349516 0.809017 0.650447 0.481068 0.587785 0.631394 0.318342 0.707107 0.524849 0.264623 0.809017 0.676112 0.207057 0.707107 0.722392 0.364222 0.587785 0.562021 0.172117 0.809017 0.701379 0.0898151 0.707107 0.773555 0.236899 0.587785 0.583024 0.0746592 0.809017 0.802464 0.10276 0.587785 0.70647 -0.0300104 0.707107 0.587255 -0.0249463 0.809017 0.691236 -0.148973 0.707107 0.808288 -0.0343357 0.587785 0.574592 -0.123834 0.809017 0.656117 -0.263649 0.707107 0.790859 -0.170443 0.587785 0.545399 -0.219159 0.809017 0.750678 -0.301647 0.587785 0.602122 -0.370741 0.707107 0.500516 -0.30818 0.809017 0.530805 -0.467167 0.707107 0.688901 -0.424173 0.587785 0.441234 -0.388335 0.809017 0.444219 -0.550154 0.707107 0.607307 -0.534497 0.587785 0.369258 -0.457318 0.809017 0.508241 -0.629444 0.587785 0.235565 -0.666715 0.707107 0.394553 -0.706283 0.587785 -1.39479e-09 -0.707107 0.707107 0.136725 -0.79738 0.587785 0.119502 -0.696936 0.707107 0.269516 -0.762804 0.587785 -1.68621e-09 -0.309017 0.951056 -1.78953e-10 -0.453991 0.891006 0.0767248 -0.44746 0.891006 0.0993362 -0.57933 0.809017 -6.95557e-10 -0.587785 0.809017 0.0522241 -0.304572 0.951056 0.0264376 -0.154184 0.987688 -2.20727e-09 -0.809017 0.587785 -5.27187e-10 -0.891007 0.453991 0.160729 -0.937376 0.309017 0.150581 -0.87819 0.453991 0.16692 -0.973481 0.156434 0.169001 -0.985616 -1.74846e-07 0.33314 -0.942877 -1.74846e-07 0.329038 -0.931269 0.156434 0.487695 -0.873014 -1.74846e-07 0.750672 -0.660675 -1.74846e-07 0.620486 -0.768457 0.156434 0.62822 -0.778036 -1.74846e-07 0.29683 -0.84011 0.453991 0.316835 -0.89673 0.309017 0.463825 -0.830286 0.309017 0.151242 -0.428058 0.891006 0.102946 -0.291365 0.951056 2.01531e-09 -1.17534e-08 1 0.0521146 -0.147499 0.987688 0.481691 -0.862266 0.156434 0.434539 -0.777861 0.453991 0.221409 -0.39634 0.891006 0.150706 -0.269776 0.951056 3.97265e-09 -1.12437e-08 1 0.0762923 -0.13657 0.987688 0.74143 -0.652541 0.156434 0.597473 -0.739956 0.309017 0.559748 -0.693235 0.453991 0.285206 -0.353221 0.891006 0.194131 -0.240426 0.951056 5.8157e-09 -1.04106e-08 1 0.0982753 -0.121712 0.987688 0.851529 -0.524307 -1.74846e-07 0.927889 -0.372856 -1.74846e-07 0.977555 -0.210679 -1.74846e-07 0.916465 -0.368266 0.156434 0.758718 -0.467161 0.453991 0.809852 -0.498646 0.309017 0.882475 -0.354608 0.309017 0.713932 -0.628339 0.309017 0.668854 -0.588665 0.453991 0.340798 -0.29994 0.891006 0.231971 -0.20416 0.951056 7.49145e-09 -9.27798e-09 1 0.117431 -0.103352 0.987688 0.841045 -0.517852 0.156434 0.956167 0.292823 -1.74846e-07 0.892926 0.450204 -1.74846e-07 0.944395 0.289218 0.156434 0.386586 -0.238031 0.891006 0.263137 -0.16202 0.951056 8.95168e-09 -7.87847e-09 1 0.133209 -0.0820198 0.987688 0.96552 -0.208085 0.156434 0.826755 -0.332218 0.453991 0.421253 -0.169273 0.891006 0.286734 -0.115219 0.951056 1.01544e-08 -6.2523e-09 1 0.145154 -0.0583276 0.987688 0.986798 -0.0419187 0.156434 0.999099 -0.0424412 -1.74846e-07 0.92971 -0.200368 0.309017 0.871008 -0.187717 0.453991 0.443801 -0.0956464 0.891006 0.302081 -0.0651035 0.951056 1.1065e-08 -4.44627e-09 1 0.152923 -0.0329575 0.987688 0.979689 0.125454 0.156434 0.9919 0.127018 -1.74846e-07 0.849223 0.428169 0.309017 0.764647 0.56553 0.309017 0.795603 0.401134 0.453991 0.9502 -0.040364 0.309017 0.890204 -0.0378154 0.453991 0.453582 -0.0192679 0.891006 0.308739 -0.0131151 0.951056 1.16572e-08 -2.51233e-09 1 0.156294 -0.00663925 0.987688 0.943353 0.120801 0.309017 0.88379 0.113174 0.453991 0.450314 0.0576649 0.891006 0.306514 0.0392507 0.951056 1.19141e-08 -5.06106e-10 1 0.155167 0.01987 0.987688 -0.0848059 0.996397 -1.74846e-07 -0.251978 0.967733 -1.74846e-07 -0.083762 0.98413 0.156434 0.803997 0.594633 -1.74846e-07 0.881932 0.444661 0.156434 0.851951 0.260907 0.453991 0.909369 0.278491 0.309017 0.434091 0.132939 0.891006 0.295472 0.0904873 0.951056 1.18283e-08 1.51467e-09 1 0.149577 0.0458076 0.987688 0.794099 0.587312 0.156434 0.40538 0.204388 0.891006 0.275929 0.139121 0.951056 1.14022e-08 3.49188e-09 1 0.139684 0.0704274 0.987688 0.691939 0.721956 -1.74846e-07 0.68342 0.713068 0.156434 0.716367 0.529822 0.453991 0.365007 0.269958 0.891006 0.248449 0.183752 0.951056 1.0648e-08 5.36863e-09 1 0.125773 0.0930212 0.987688 0.55308 0.818309 0.156434 0.559975 0.82851 -1.74846e-07 -0.391741 0.86663 0.309017 -0.532568 0.787959 0.309017 -0.367007 0.811911 0.453991 0.658073 0.686621 0.309017 0.616522 0.643268 0.453991 0.314134 0.327761 0.891006 0.213821 0.223097 0.951056 9.58757e-09 7.09093e-09 1 0.108243 0.112939 0.987688 0.411901 0.911229 -1.74846e-07 0.40683 0.90001 0.156434 0.532568 0.78796 0.309017 0.498941 0.738207 0.453991 0.254223 0.376136 0.891006 0.173042 0.256024 0.951056 8.25129e-09 8.60924e-09 1 0.0875994 0.129608 0.987688 0.251978 0.967733 -1.74846e-07 0.248876 0.955819 0.156434 0.391741 0.86663 0.309017 0.367007 0.811911 0.453991 0.186999 0.413689 0.891006 0.127285 0.281585 0.951056 6.67763e-09 9.87988e-09 1 0.0644356 0.142548 0.987688 0.0848059 0.996397 -1.74846e-07 0.0837618 0.98413 0.156434 0.239645 0.920369 0.309017 0.224514 0.862256 0.453991 0.114396 0.439342 0.891006 0.0778655 0.299046 0.951056 0.0394181 0.151387 0.987688 4.91187e-09 1.08663e-08 1 0.0806552 0.94763 0.309017 0.0755626 0.887797 0.453991 0.0385011 0.452355 0.891006 0.0262065 0.307904 0.951056 3.00481e-09 1.15401e-08 1 0.0132666 0.155871 0.987688 -0.40683 0.90001 0.156434 -0.411901 0.911228 -1.74846e-07 -0.559975 0.82851 -1.74846e-07 -0.248876 0.955819 0.156434 -0.0755626 0.887797 0.453991 -0.0806552 0.94763 0.309017 -0.0385012 0.452355 0.891006 -0.0262065 0.307904 0.951056 1.0113e-09 1.18819e-08 1 -0.0132665 0.155871 0.987688 -0.691939 0.721956 -1.74846e-07 -0.55308 0.818309 0.156434 -0.239645 0.920369 0.309017 -0.224514 0.862256 0.453991 -0.114396 0.439342 0.891006 -0.0778655 0.299046 0.951056 -1.0113e-09 1.18819e-08 1 -0.0394181 0.151387 0.987688 -0.803997 0.594633 -1.74846e-07 -0.68342 0.713067 0.156434 -0.186999 0.413689 0.891006 -0.127285 0.281585 0.951056 -3.00481e-09 1.15401e-08 1 -0.0644356 0.142548 0.987688 -0.498941 0.738207 0.453991 -0.254223 0.376136 0.891006 -0.173042 0.256024 0.951056 -4.91187e-09 1.08663e-08 1 -0.0875994 0.129608 0.987688 -0.892926 0.450204 -1.74846e-07 -0.956167 0.292823 -1.74846e-07 -0.881933 0.444661 0.156434 -0.658073 0.686621 0.309017 -0.616522 0.643268 0.453991 -0.314134 0.327761 0.891006 -0.213821 0.223097 0.951056 -6.67763e-09 9.87988e-09 1 -0.108243 0.112939 0.987688 -0.794099 0.587312 0.156434 -0.944395 0.289218 0.156434 -0.9919 0.127018 -1.74846e-07 -0.849223 0.428169 0.309017 -0.909369 0.278491 0.309017 -0.795603 0.401134 0.453991 -0.764647 0.56553 0.309017 -0.716367 0.529822 0.453991 -0.365007 0.269958 0.891006 -0.248449 0.183752 0.951056 -8.25129e-09 8.60924e-09 1 -0.125773 0.0930212 0.987688 -0.999099 -0.0424415 -1.74846e-07 -0.977555 -0.210679 -1.74846e-07 -0.986798 -0.0419185 0.156434 -0.40538 0.204388 0.891006 -0.275929 0.139121 0.951056 -9.58757e-09 7.09093e-09 1 -0.139684 0.0704274 0.987688 -0.979689 0.125454 0.156434 -0.851951 0.260907 0.453991 -0.434091 0.132939 0.891006 -0.295472 0.0904873 0.951056 -1.0648e-08 5.36863e-09 1 -0.149577 0.0458076 0.987688 -0.927889 -0.372856 -1.74846e-07 -0.96552 -0.208085 0.156434 -0.9502 -0.0403638 0.309017 -0.92971 -0.200368 0.309017 -0.890204 -0.0378157 0.453991 -0.943353 0.120801 0.309017 -0.88379 0.113174 0.453991 -0.450314 0.0576649 0.891006 -0.306514 0.0392506 0.951056 -1.14022e-08 3.49188e-09 1 -0.155167 0.01987 0.987688 -0.74143 -0.652541 0.156434 -0.750672 -0.660675 -1.74846e-07 -0.62822 -0.778036 -1.74846e-07 -0.453582 -0.0192678 0.891006 -0.308739 -0.0131152 0.951056 -1.18283e-08 1.51467e-09 1 -0.156294 -0.00663924 0.987688 -0.916465 -0.368266 0.156434 -0.826755 -0.332217 0.453991 -0.443801 -0.0956464 0.891006 -0.302081 -0.0651035 0.951056 -1.19141e-08 -5.06104e-10 1 -0.152923 -0.0329575 0.987688 -0.841045 -0.517852 0.156434 -0.851529 -0.524307 -1.74846e-07 -0.882475 -0.354608 0.309017 -0.145154 -0.0583276 0.987688 -1.16572e-08 -2.51233e-09 1 -0.809852 -0.498646 0.309017 -1.1065e-08 -4.44627e-09 1 -0.133209 -0.0820198 0.987688 -0.713932 -0.628339 0.309017 -0.231971 -0.20416 0.951056 -0.285206 -0.353221 0.891006 -1.01544e-08 -6.2523e-09 1 -0.117431 -0.103352 0.987688 -0.394553 -0.706283 0.587785 -0.434539 -0.777861 0.453991 -0.29683 -0.84011 0.453991 -0.559748 -0.693235 0.453991 -0.508241 -0.629444 0.587785 -0.597472 -0.739956 0.309017 -0.444219 -0.550154 0.707107 -0.369258 -0.457318 0.809017 -8.95168e-09 -7.87846e-09 1 -0.463825 -0.830286 0.309017 -0.344852 -0.617314 0.707107 -0.28666 -0.513145 0.809017 -0.221409 -0.39634 0.891006 -0.269516 -0.762804 0.587785 -0.316835 -0.89673 0.309017 -0.235566 -0.666715 0.707107 -0.195814 -0.554209 0.809017 -0.151242 -0.428058 0.891006 -0.102946 -0.291365 0.951056 -0.150581 -0.87819 0.453991 -0.136725 -0.79738 0.587785 -0.119502 -0.696936 0.707107 -0.0993362 -0.57933 0.809017 -0.0767248 -0.44746 0.891006 -0.0522242 -0.304572 0.951056 0.0640701 0.997945 0 -0.0640703 0.997945 0 -0.0640703 0.997945 0 -0.191159 0.981559 0 -0.191159 0.981559 0 -0.315108 0.949056 0 -0.315108 0.949056 0 -0.433884 0.900969 0 -0.433884 0.900969 0 -0.545535 0.838088 0 -0.545535 0.838088 0 -0.648228 0.761446 0 -0.648228 0.761446 0 -0.740278 0.672301 0 -0.740278 0.672301 0 -0.820172 0.572116 0 -0.820172 0.572117 0 -0.886599 0.462538 0 -0.886599 0.462538 0 -0.938468 0.345365 0 -0.938468 0.345365 0 -0.974928 0.222521 0 -0.974928 0.222521 0 -0.995379 0.0960232 0 -0.995379 0.0960227 0 -0.999486 -0.0320513 0 -0.999486 -0.0320518 0 -0.987182 -0.1596 0 -0.987182 -0.1596 0 -0.958668 -0.284528 0 -0.958668 -0.284528 0 -0.914413 -0.404783 0 -0.914413 -0.404783 0 -0.855143 -0.518393 0 -0.855143 -0.518393 0 -0.781831 -0.62349 0 -0.781831 -0.62349 0 -0.695682 -0.71835 0 -0.695682 -0.71835 0 -0.59811 -0.801414 0 -0.59811 -0.801414 0 -0.490718 -0.871319 0 -0.490718 -0.871319 0 -0.375267 -0.926917 0 -0.375267 -0.926917 0 -0.253654 -0.967295 0 -0.253654 -0.967295 0 -0.127877 -0.99179 0 -0.127877 -0.99179 0 1.74846e-07 -1 0 -3.01992e-07 -1 0 0.0640701 0.997945 0 0.191159 0.981559 0 0.191159 0.981559 0 0.315108 0.949056 0 0.315108 0.949056 0 0.433884 0.900969 0 0.433884 0.900969 0 0.545535 0.838088 0 0.545535 0.838088 0 0.648228 0.761446 0 0.648228 0.761446 0 0.740278 0.672301 0 0.740278 0.672301 0 0.820172 0.572117 0 0.820172 0.572117 0 0.886599 0.462538 0 0.886599 0.462538 0 0.938468 0.345365 0 0.938468 0.345365 0 0.974928 0.222521 0 0.974928 0.222521 0 0.995379 0.096023 0 0.995379 0.096023 0 0.999486 -0.0320515 0 0.999486 -0.0320516 0 0.987182 -0.1596 0 0.987182 -0.1596 0 0.958668 -0.284528 0 0.958668 -0.284528 0 0.914413 -0.404783 0 0.914413 -0.404783 0 0.855143 -0.518393 0 0.855143 -0.518393 0 0.781832 -0.62349 0 0.781832 -0.62349 0 0.695683 -0.718349 0 0.695683 -0.718349 0 0.598111 -0.801414 0 0.598111 -0.801414 0 0.490718 -0.871319 0 0.490718 -0.871319 0 0.375267 -0.926917 0 0.375267 -0.926917 0 0.253655 -0.967295 0 0.253655 -0.967295 0 0.127877 -0.99179 0 0.127877 -0.99179 0 -0 -0 -1 -0 -0 -1 -0 -0 -1 -0 -0 -1 -0 -0 -1 -0 -0 -1 -0 -0 -1 -0 -0 -1 -0 -0 -1 -0 -0 -1 -0 -0 -1 -0 -0 -1 -0 -0 -1 -0 -0 -1 -0 -0 -1 -0 -0 -1 -0 -0 -1 -0 -0 -1 -0 -0 -1 -0 -0 -1 -0 -0 -1 -0 -0 -1 -0 -0 -1 -0 -0 -1 -0 -0 -1 -0 -0 -1 -0 -0 -1 -0 -0 -1 -0 -0 -1 -0 -0 -1 -0 -0 -1 -0 -0 -1 -0 -0 -1 -0 -0 -1 -0 -0 -1 -0 -0 -1 -0 -0 -1 -0 -0 -1 -0 -0 -1 -0 -0 -1 -0 -0 -1 -0 -0 -1 -0 -0 -1 -0 -0 -1 -0 -0 -1 -0 -0 -1 -0 -0 -1 -0 -0 -1 -0 -0 -1 0 0 1 0 0 1 0 0 1 0 0 1 0 0 1 0 0 1 0 0 1 0 0 1 0 0 1 0 0 1 0 0 1 0 0 1 0 0 1 0 0 1 0 0 1 0 0 1 0 0 1 0 0 1 0 0 1 0 0 1 0 0 1 0 0 1 0 0 1 0 0 1 0 0 1 0 0 1 0 0 1 0 0 1 0 0 1 0 0 1 0 0 1 0 0 1 0 0 1 0 0 1 0 0 1 0 0 1 0 0 1 0 0 1 -0.019091 0.999818 0 -0.019091 0.999818 0 -0.019091 0.999818 0 -0.019091 0.999818 0 0.856322 0.516442 0 0.856322 0.516442 0 0.856322 0.516442 0 0.856322 0.516442 0 0.875413 -0.483376 0 0.875413 -0.483376 0 0.875413 -0.483376 0 0.875413 -0.483376 0 -0.875413 0.483376 0 -0.875413 0.483376 0 -0.875413 0.483376 0 -0.875413 0.483376 0 0 0 -1 0 0 -1 0 0 -1 0 0 -1 0 0 -1 0 0 -1 0 0 1 0 0 1 0 0 1 0 0 1 0 0 1 0 0 1 0 0 1 0 0 1 0 0 1 0 0 1 0 0 1 0 0 1 0 0 1 0 0 1 0 0 1 0 0 1 0 0 1 0 0 1 0 0 1 0 0 1 0 0 1 0 0 1 0 0 1 0 0 1 0 0 1 0 0 1 0 0 1 0 0 1 0 0 1 0 0 1 0 0 1 0 0 1 0 0 1 0 0 1 0 0 1 0 0 1 0 0 1 0 0 1 0 0 1 0 0 1 0 0 1 0 0 1 0 0 1 0 0 1 0 0 1 0 0 1 0 0 1 0 0 1 0 0 1 0 0 1 0 0 1 0 0 1 0 0 1 0 0 1 0 0 1 0 0 1 0 0 1 0 0 1 0 0 1 0 0 1 0 0 1 0 0 1 0 0 1 0 0 1 0 0 1 0 0 1 0 0 1 0 0 1 0 0 1 0 0 1 0 0 1 0 0 1 0 0 1 0 0 1 0 0 1 0 0 1 0 0 1 0 0 1 0 0 1 0 0 1 0 0 1 0 0 1 0 0 1 0 0 1 0 0 1 0 0 1 0 0 1 0 0 1 0 0 1 0 0 1 0 0 1 0 0 1 0 0 1 0 0 1 0 0 1 0 0 1 0 0 1 0 0 1 0 0 1 0 0 1 0 0 1 0 0 1 0 0 1 0 0 1 0 0 1 0 0 1 0 0 1 0 0 1 0 0 1 0 0 1 0 0 1 0 0 1 -0.875413 -0.483376 -0 -0.875413 -0.483376 -0 -0.875413 -0.483376 -0 -0.875413 -0.483376 -0 0.875413 0.483376 0 0.875413 0.483376 0 0.875413 0.483376 0 0.875413 0.483376 0 0.856322 -0.516442 0 0.856322 -0.516442 0 0.856322 -0.516442 0 0.856322 -0.516442 0 -0.019091 -0.999818 -0 -0.019091 -0.999818 -0 -0.019091 -0.999818 -0 -0.019091 -0.999818 -0 -0 -0 -1 -0 -0 -1 -0 -0 -1 -0 -0 -1 -0 -0 -1 -0 -0 -1 -0.0498461 0.998757 0 -0.0498456 0.998757 0 0.0498459 0.998757 0 -0.149042 0.988831 0 -0.149042 0.988831 0 -0.246757 0.969077 0 -0.246758 0.969077 0 -0.34202 0.939693 0 -0.34202 0.939693 0 -0.433884 0.900969 0 -0.433884 0.900969 0 -0.521435 0.853291 0 -0.521435 0.853291 0 -0.603804 0.797132 0 -0.603804 0.797133 0 -0.680173 0.733052 0 -0.680173 0.733052 0 -0.749781 0.661686 0 -0.749781 0.661686 0 -0.811938 0.583743 0 -0.811938 0.583743 0 -0.866025 0.5 0 -0.866025 0.5 0 -0.911506 0.411287 0 -0.911506 0.411287 0 -0.947927 0.318487 0 -0.947927 0.318487 0 -0.974928 0.222521 0 -0.974928 0.222521 0 -0.992239 0.124344 0 -0.992239 0.124344 0 -0.999689 0.0249307 0 -0.999689 0.0249307 0 -0.997204 -0.0747303 0 -0.997204 -0.0747303 0 -0.984808 -0.173648 0 -0.984808 -0.173648 0 -0.962624 -0.270841 0 -0.962624 -0.270841 0 -0.930874 -0.365341 0 -0.930874 -0.365341 0 -0.889872 -0.456211 0 -0.889872 -0.456211 0 -0.840026 -0.542546 0 -0.840026 -0.542546 0 -0.781831 -0.62349 0 -0.781831 -0.62349 0 -0.715867 -0.698237 0 -0.715867 -0.698237 0 -0.642788 -0.766044 0 -0.642787 -0.766045 0 -0.56332 -0.826239 0 -0.56332 -0.826239 0 -0.478254 -0.878222 0 -0.478254 -0.878222 0 -0.388435 -0.921476 0 -0.388435 -0.921476 0 -0.294755 -0.955573 0 -0.294755 -0.955573 0 -0.198146 -0.980173 0 -0.198146 -0.980173 0 -0.0995679 -0.995031 0 -0.0995679 -0.995031 0 1.74846e-07 -1 0 -3.01992e-07 -1 0 0.0498459 0.998757 0 0.149042 0.988831 0 0.149042 0.988831 0 0.246757 0.969077 0 0.246757 0.969077 0 0.34202 0.939693 0 0.34202 0.939693 0 0.433884 0.900969 0 0.433884 0.900969 0 0.521435 0.853291 0 0.521435 0.853291 0 0.603804 0.797133 0 0.603804 0.797133 0 0.680173 0.733052 0 0.680173 0.733052 0 0.749781 0.661686 0 0.749781 0.661686 0 0.811938 0.583744 0 0.811938 0.583744 0 0.866025 0.5 0 0.866026 0.5 0 0.911506 0.411287 0 0.911506 0.411287 0 0.947927 0.318487 0 0.947927 0.318487 0 0.974928 0.222521 0 0.974928 0.222521 0 0.992239 0.124344 0 0.992239 0.124344 0 0.999689 0.0249307 0 0.999689 0.0249308 0 0.997204 -0.0747301 0 0.997204 -0.0747301 0 0.984808 -0.173648 0 0.984808 -0.173648 0 0.962624 -0.270841 0 0.962624 -0.27084 0 0.930874 -0.365341 0 0.930874 -0.365341 0 0.889872 -0.456211 0 0.889872 -0.456211 0 0.840026 -0.542546 0 0.840026 -0.542546 0 0.781832 -0.62349 0 0.781832 -0.62349 0 0.715867 -0.698237 0 0.715867 -0.698237 0 0.642788 -0.766044 0 0.642788 -0.766044 0 0.56332 -0.826239 0 0.56332 -0.826239 0 0.478254 -0.878222 0 0.478254 -0.878222 0 0.388435 -0.921476 0 0.388435 -0.921476 0 0.294755 -0.955573 0 0.294755 -0.955573 0 0.198146 -0.980173 0 0.198146 -0.980173 0 0.0995679 -0.995031 0 0.0995679 -0.995031 0 -0 -0 -1 -0 -0 -1 -0 -0 -1 -0 -0 -1 -0 -0 -1 -0 -0 -1 -0 -0 -1 -0 -0 -1 -0 -0 -1 -0 -0 -1 -0 -0 -1 -0 -0 -1 -0 -0 -1 -0 -0 -1 -0 -0 -1 -0 -0 -1 -0 -0 -1 -0 -0 -1 -0 -0 -1 -0 -0 -1 -0 -0 -1 -0 -0 -1 -0 -0 -1 -0 -0 -1 -0 -0 -1 -0 -0 -1 -0 -0 -1 -0 -0 -1 -0 -0 -1 -0 -0 -1 -0 -0 -1 -0 -0 -1 -0 -0 -1 -0 -0 -1 -0 -0 -1 -0 -0 -1 -0 -0 -1 -0 -0 -1 -0 -0 -1 -0 -0 -1 -0 -0 -1 -0 -0 -1 -0 -0 -1 -0 -0 -1 -0 -0 -1 -0 -0 -1 -0 -0 -1 -0 -0 -1 -0 -0 -1 -0 -0 -1 -0 -0 -1 -0 -0 -1 -0 -0 -1 -0 -0 -1 -0 -0 -1 -0 -0 -1 -0 -0 -1 -0 -0 -1 -0 -0 -1 -0 -0 -1 -0 -0 -1 -0 -0 -1 0.0498477 0.585668 -0.809017 0.148109 0.568819 -0.809017 0.114396 0.439341 -0.891007 0.344852 -0.617314 -0.707107 0.235565 -0.666715 -0.707107 0.195815 -0.554209 -0.809017 -0.0875995 0.129608 -0.987688 -9.0587e-08 1.05521e-07 -1 -0.108243 0.112939 -0.987688 -0.0755628 0.887797 -0.45399 0.0686094 0.806103 -0.587785 -0.0686094 0.806103 -0.587785 -0.186999 0.413689 -0.891007 -0.242109 0.535607 -0.809017 -0.114396 0.439341 -0.891007 -0.0599668 0.704559 -0.707107 0.0599669 0.704559 -0.707107 -1.00798e-07 9.58153e-08 -1 -0.125773 0.0930212 -0.987688 0.0385011 0.452355 -0.891007 -0.0498478 0.585668 -0.809017 -0.291258 0.644336 -0.707107 -0.178175 0.68429 -0.707107 -0.148109 0.568819 -0.809017 -0.0385011 0.452355 -0.891007 -0.453029 0.670278 -0.587785 -0.498941 0.738208 -0.45399 -0.333235 0.737199 -0.587785 -0.395962 0.585845 -0.707107 -0.139685 0.0704275 -0.987688 -1.30414e-07 4.83e-08 -1 -0.149578 0.0458076 -0.987688 -0.329145 0.486986 -0.809017 -0.365007 0.269958 -0.891007 -0.472578 0.349517 -0.809017 -0.314134 0.327761 -0.891007 -0.489275 0.5105 -0.707107 -1.34631e-07 3.48585e-08 -1 -0.155168 0.01987 -0.987688 -0.795603 0.401135 -0.45399 -0.849223 0.428169 -0.309017 -0.716367 0.529822 -0.45399 -0.406711 0.424355 -0.809017 -0.254223 0.376135 -0.891007 -0.568512 0.420469 -0.707107 1.72693e-07 -0.987688 -0.156435 -3.01992e-07 -1 -1.74846e-07 -0.0995679 -0.995031 -1.74846e-07 -0.524849 0.264623 -0.809017 -0.631394 0.318342 -0.707107 -0.145154 -0.0583277 -0.987688 -0.152924 -0.0329575 -0.987688 -1.34631e-07 -3.48585e-08 -1 -0.851951 0.260907 -0.45399 -0.722392 0.364222 -0.587785 -0.773555 0.236899 -0.587785 -0.88379 0.113174 -0.45399 -0.890204 -0.0378152 -0.45399 -0.9502 -0.0403643 -0.309017 -0.676112 0.207057 -0.707107 -0.562021 0.172117 -0.809017 -0.43409 0.132939 -0.891007 -0.583024 0.0746591 -0.809017 -0.40538 0.204388 -0.891007 -0.0522241 -0.304572 -0.951057 -0.0521146 -0.147499 -0.987688 -0.0264376 -0.154184 -0.987688 -0.701379 0.0898154 -0.707107 -0.450313 0.0576648 -0.891007 -0.587256 -0.0249462 -0.809017 -0.70647 -0.0300107 -0.707107 -0.688902 -0.424173 -0.587785 -0.758718 -0.467161 -0.45399 -0.750678 -0.301647 -0.587785 -0.871008 -0.187717 -0.45399 -0.808288 -0.0343355 -0.587785 -0.790859 -0.170443 -0.587785 -0.691236 -0.148973 -0.707107 -0.668854 -0.588666 -0.45399 -1.37467e-07 -2.10592e-08 -1 -0.156294 -0.00663925 -0.987688 -0.713932 -0.628339 -0.309017 -0.198146 -0.980172 -1.74846e-07 -0.16692 -0.973481 -0.156435 -0.329038 -0.931269 -0.156435 -0.481691 -0.862266 -0.156435 -0.463825 -0.830286 -0.309017 -0.316835 -0.89673 -0.309017 -0.434539 -0.777861 -0.45399 -0.29683 -0.84011 -0.45399 -0.620485 -0.768457 -0.156435 -0.597473 -0.739956 -0.309017 -0.602122 -0.370741 -0.707107 -0.656117 -0.263649 -0.707107 -0.559748 -0.693235 -0.45399 -0.453581 -0.0192678 -0.891007 -0.574592 -0.123834 -0.809017 -0.421253 -0.169273 -0.891007 -0.500516 -0.30818 -0.809017 -0.545399 -0.21916 -0.809017 -0.117431 -0.103352 -0.987688 -0.133209 -0.0820198 -0.987688 -1.09974e-07 -8.51261e-08 -1 -0.443801 -0.0956464 -0.891007 -0.285206 -0.353221 -0.891007 -0.369258 -0.457318 -0.809017 -0.340798 -0.29994 -0.891007 -1.00798e-07 -9.58153e-08 -1 -0.0982753 -0.121712 -0.987688 -0.386586 -0.23803 -0.891007 -0.102946 -0.291365 -0.951057 -0.0762924 -0.13657 -0.987688 -7.94468e-08 -1.14144e-07 -1 -9.33205e-08 -0.309017 -0.951057 2.73519e-08 -0.156435 -0.987688 -2.79948e-08 -1.36224e-07 -1 -1.40696e-08 -1.38357e-07 -1 2.43159e-14 -1.39071e-07 -1 -0.151242 -0.428057 -0.891007 -0.0767248 -0.44746 -0.891007 0.178176 0.68429 -0.707107 0.242109 0.535607 -0.809017 0.291258 0.644336 -0.707107 0.186999 0.413689 -0.891007 0.254223 0.376135 -0.891007 0.329145 0.486986 -0.809017 -0.0394181 0.151387 -0.987688 -4.16327e-08 1.32693e-07 -1 -0.0644356 0.142548 -0.987688 0.395962 0.585845 -0.707107 0.0755626 0.887797 -0.45399 0.0806552 0.94763 -0.309017 0.224514 0.862256 -0.45399 -0.0132666 0.155871 -0.987688 -2.79948e-08 1.36224e-07 -1 0.314134 0.327761 -0.891007 0.406711 0.424355 -0.809017 0.333235 0.737199 -0.587785 0.367007 0.811911 -0.45399 0.453029 0.670278 -0.587785 0.365007 0.269958 -0.891007 0.472578 0.349517 -0.809017 0.489275 0.5105 -0.707107 0.0394181 0.151387 -0.987688 2.79948e-08 1.36224e-07 -1 0.0132666 0.155871 -0.987688 0.568512 0.420469 -0.707107 0.524849 0.264623 -0.809017 0.40538 0.204388 -0.891007 0.498941 0.738208 -0.45399 0.532568 0.787959 -0.309017 0.616522 0.643268 -0.45399 0.0644356 0.142548 -0.987688 4.16327e-08 1.32693e-07 -1 0.631394 0.318342 -0.707107 0.43409 0.132939 -0.891007 0.562021 0.172117 -0.809017 0.583024 0.0746592 -0.809017 0.450313 0.0576648 -0.891007 0.676112 0.207057 -0.707107 9.0587e-08 1.05521e-07 -1 0.0875995 0.129608 -0.987688 0.108243 0.112939 -0.987688 0.795603 0.401134 -0.45399 0.773555 0.236899 -0.587785 0.722392 0.364222 -0.587785 0.587256 -0.0249463 -0.809017 0.453581 -0.0192679 -0.891007 0.701379 0.0898152 -0.707107 1.00798e-07 9.58153e-08 -1 0.125773 0.0930212 -0.987688 0.70647 -0.0300105 -0.707107 0.88379 0.113174 -0.45399 0.851951 0.260907 -0.45399 0.909369 0.278491 -0.309017 0.574592 -0.123834 -0.809017 0.443801 -0.0956463 -0.891007 0.545399 -0.219159 -0.809017 0.421253 -0.169273 -0.891007 0.691236 -0.148973 -0.707107 0.139685 0.0704275 -0.987688 0.149578 0.0458076 -0.987688 1.30414e-07 4.83001e-08 -1 0.890204 -0.0378154 -0.45399 0.790859 -0.170443 -0.587785 0.808288 -0.0343357 -0.587785 0.386586 -0.23803 -0.891007 0.500516 -0.30818 -0.809017 0.656117 -0.263649 -0.707107 0.155168 0.01987 -0.987688 1.37467e-07 2.10592e-08 -1 0.602122 -0.370741 -0.707107 0.871008 -0.187717 -0.45399 0.92971 -0.200368 -0.309017 0.826755 -0.332218 -0.45399 0.441234 -0.388335 -0.809017 0.340798 -0.29994 -0.891007 0.369258 -0.457318 -0.809017 0.285206 -0.353221 -0.891007 0.530805 -0.467168 -0.707107 0.152924 -0.0329575 -0.987688 1.37467e-07 -2.10592e-08 -1 0.156294 -0.00663928 -0.987688 0.758718 -0.467161 -0.45399 0.607307 -0.534497 -0.587785 0.688902 -0.424174 -0.587785 0.28666 -0.513145 -0.809017 0.221409 -0.39634 -0.891007 0.444219 -0.550154 -0.707107 1.30414e-07 -4.83001e-08 -1 0.145154 -0.0583277 -0.987688 0.151242 -0.428057 -0.891007 0.713932 -0.628339 -0.309017 0.559748 -0.693235 -0.45399 0.668854 -0.588666 -0.45399 0.117431 -0.103352 -0.987688 1.09974e-07 -8.51261e-08 -1 0.133209 -0.0820198 -0.987688 0.0993362 -0.57933 -0.809017 0.0767247 -0.44746 -0.891007 0.136725 -0.79738 -0.587785 0.269516 -0.762804 -0.587785 0.29683 -0.84011 -0.45399 0.119502 -0.696936 -0.707107 1.39479e-09 -0.707107 -0.707107 1.60368e-09 -0.587785 -0.809017 9.57351e-10 -0.809017 -0.587785 2.68615e-10 -0.45399 -0.891007 0.150581 -0.87819 -0.45399 3.51212e-10 -0.891007 -0.45399 0.160729 -0.937376 -0.309017 9.0587e-08 -1.05521e-07 -1 0.0982754 -0.121712 -0.987688 0.16692 -0.973481 -0.156435 5.1896e-09 -0.951057 -0.309017 0.0762924 -0.13657 -0.987688 0.0521146 -0.147499 -0.987688 5.48434e-08 -1.278e-07 -1 0.0995678 -0.995031 -1.74846e-07 1.40696e-08 -1.38357e-07 -1 0.0264376 -0.154184 -0.987688 0.0522241 -0.304572 -0.951057 1.00798e-07 -9.58153e-08 -1 4.16327e-08 -1.32693e-07 -1 2.79948e-08 -1.36224e-07 -1 6.74914e-08 -1.21596e-07 -1 1.18022e-07 -7.35635e-08 -1 0.102946 -0.291365 -0.951057 0.316835 -0.89673 -0.309017 0.481691 -0.862266 -0.156435 0.388435 -0.921476 -1.74846e-07 0.329038 -0.931269 -0.156435 0.434539 -0.777861 -0.45399 0.294755 -0.955573 -1.74846e-07 0.198146 -0.980173 -1.74846e-07 7.94468e-08 -1.14144e-07 -1 0.150706 -0.269776 -0.951057 0.508241 -0.629444 -0.587785 0.394554 -0.706283 -0.587785 0.463825 -0.830286 -0.309017 1.34631e-07 -3.48585e-08 -1 0.194131 -0.240426 -0.951057 0.597473 -0.739956 -0.309017 0.620486 -0.768457 -0.156435 0.56332 -0.826239 -1.74846e-07 0.478254 -0.878222 -1.74846e-07 1.38892e-07 -7.04384e-09 -1 0.23197 -0.20416 -0.951057 0.74143 -0.652541 -0.156435 0.715867 -0.698237 -1.74846e-07 0.642788 -0.766044 -1.74846e-07 1.24859e-07 -6.1246e-08 -1 0.263137 -0.16202 -0.951057 0.841045 -0.517852 -0.156435 0.809852 -0.498646 -0.309017 0.916465 -0.368266 -0.156435 0.781832 -0.62349 -1.74846e-07 1.34631e-07 3.48585e-08 -1 0.286733 -0.115219 -0.951057 0.750678 -0.301647 -0.587785 0.882475 -0.354608 -0.309017 0.889872 -0.456211 -1.74846e-07 0.840026 -0.542546 -1.74846e-07 1.24859e-07 6.1246e-08 -1 0.302081 -0.0651034 -0.951057 0.96552 -0.208086 -0.156435 0.962624 -0.270841 -1.74846e-07 0.930874 -0.365341 -1.74846e-07 1.38892e-07 7.04382e-09 -1 0.308738 -0.013115 -0.951057 0.9502 -0.040364 -0.309017 0.979688 0.125454 -0.156435 0.986798 -0.0419187 -0.156435 0.997204 -0.0747301 -1.74846e-07 0.984808 -0.173648 -1.74846e-07 1.09974e-07 8.51261e-08 -1 0.306514 0.0392507 -0.951057 0.802464 0.10276 -0.587785 0.943353 0.120801 -0.309017 0.999689 0.0249307 -1.74846e-07 7.94468e-08 1.14144e-07 -1 0.295472 0.0904871 -0.951057 0.944395 0.289218 -0.156435 0.974928 0.222521 -1.74846e-07 0.992239 0.124344 -1.74846e-07 1.18022e-07 7.35635e-08 -1 0.275929 0.139121 -0.951057 0.849223 0.428169 -0.309017 0.794099 0.587312 -0.156435 0.866025 0.5 -1.74846e-07 0.881932 0.444661 -0.156435 0.716367 0.529822 -0.45399 0.911506 0.411287 -1.74846e-07 0.947927 0.318487 -1.74846e-07 5.48434e-08 1.278e-07 -1 0.248449 0.183752 -0.951057 0.55979 0.584075 -0.587785 0.650447 0.481068 -0.587785 0.764647 0.56553 -0.309017 1.40696e-08 1.38357e-07 -1 0.213821 0.223097 -0.951057 0.658073 0.686621 -0.309017 0.68342 0.713068 -0.156435 0.749781 0.661686 -1.74846e-07 0.811938 0.583744 -1.74846e-07 6.74914e-08 1.21596e-07 -1 0.173042 0.256023 -0.951057 0.553081 0.818309 -0.156435 0.603805 0.797132 -1.74846e-07 0.680173 0.733052 -1.74846e-07 -1.40696e-08 1.38357e-07 -1 0.127284 0.281585 -0.951057 0.40683 0.90001 -0.156435 0.391741 0.86663 -0.309017 0.248876 0.955819 -0.156435 0.521435 0.853291 -1.74846e-07 -5.48434e-08 1.278e-07 -1 0.0778654 0.299046 -0.951057 0.203855 0.782912 -0.587785 0.239645 0.920369 -0.309017 0.34202 0.939693 -1.74846e-07 0.433884 0.900969 -1.74846e-07 -1.2158e-14 1.39071e-07 -1 0.0262065 0.307904 -0.951057 0.0837618 0.98413 -0.156435 0.149042 0.988831 -1.74846e-07 0.246757 0.969077 -1.74846e-07 -7.94468e-08 1.14144e-07 -1 -0.0262064 0.307904 -0.951057 -0.0806552 0.94763 -0.309017 -0.248876 0.955819 -0.156435 -0.083762 0.98413 -0.156435 -0.224514 0.862256 -0.45399 -0.0498459 0.998757 -1.74846e-07 0.0498459 0.998757 -1.74846e-07 -1.09974e-07 8.51261e-08 -1 -0.0778655 0.299046 -0.951057 -0.367007 0.811911 -0.45399 -0.203854 0.782912 -0.587785 -0.239645 0.920369 -0.309017 -0.149042 0.988831 -1.74846e-07 -6.74914e-08 1.21596e-07 -1 -0.127284 0.281585 -0.951057 -0.391741 0.86663 -0.309017 -0.40683 0.90001 -0.156435 -0.34202 0.939693 -1.74846e-07 -0.246757 0.969077 -1.74846e-07 -1.24859e-07 6.1246e-08 -1 -0.173042 0.256023 -0.951057 -0.532568 0.78796 -0.309017 -0.68342 0.713068 -0.156435 -0.603804 0.797132 -1.74846e-07 -0.553081 0.818309 -0.156435 -0.616522 0.643268 -0.45399 -0.521435 0.853291 -1.74846e-07 -0.433884 0.900969 -1.74846e-07 -1.37467e-07 2.10592e-08 -1 -0.213821 0.223097 -0.951057 -0.650447 0.481068 -0.587785 -0.55979 0.584075 -0.587785 -0.658073 0.686621 -0.309017 -1.18022e-07 7.35635e-08 -1 -0.248449 0.183752 -0.951057 -0.764647 0.56553 -0.309017 -0.794099 0.587312 -0.156435 -0.749781 0.661686 -1.74846e-07 -0.680173 0.733052 -1.74846e-07 -1.38892e-07 -7.0438e-09 -1 -0.275929 0.13912 -0.951057 -0.881932 0.444661 -0.156435 -0.866025 0.5 -1.74846e-07 -0.811938 0.583744 -1.74846e-07 -1.30414e-07 -4.83e-08 -1 -0.295472 0.0904872 -0.951057 -0.944395 0.289218 -0.156435 -0.909369 0.278491 -0.309017 -0.979688 0.125454 -0.156435 -0.947927 0.318487 -1.74846e-07 -0.911506 0.411287 -1.74846e-07 -1.38892e-07 7.04379e-09 -1 -0.306514 0.0392506 -0.951057 -0.802464 0.102759 -0.587785 -0.943353 0.120801 -0.309017 -0.974928 0.222521 -1.74846e-07 -1.18022e-07 -7.35635e-08 -1 -0.308738 -0.0131151 -0.951057 -0.986798 -0.0419185 -0.156435 -0.999689 0.0249307 -1.74846e-07 -0.992239 0.124344 -1.74846e-07 -9.0587e-08 -1.05521e-07 -1 -0.302081 -0.0651034 -0.951057 -0.92971 -0.200368 -0.309017 -0.916465 -0.368266 -0.156435 -0.962624 -0.27084 -1.74846e-07 -0.96552 -0.208085 -0.156435 -0.826755 -0.332218 -0.45399 -0.984808 -0.173648 -1.74846e-07 -0.997204 -0.0747303 -1.74846e-07 -1.24859e-07 -6.1246e-08 -1 -0.286733 -0.115219 -0.951057 -0.882475 -0.354607 -0.309017 -5.48434e-08 -1.278e-07 -1 -6.74914e-08 -1.21596e-07 -1 -0.263137 -0.16202 -0.951057 -0.607307 -0.534497 -0.587785 -0.809852 -0.498646 -0.309017 -0.841045 -0.517852 -0.156435 -0.889872 -0.45621 -1.74846e-07 -0.930874 -0.365341 -1.74846e-07 -0.441234 -0.388335 -0.809017 -0.23197 -0.20416 -0.951057 -0.530805 -0.467168 -0.707107 -0.715867 -0.698237 -1.74846e-07 -0.74143 -0.65254 -0.156435 -0.781832 -0.62349 -1.74846e-07 -0.840026 -0.542546 -1.74846e-07 -0.444219 -0.550154 -0.707107 -0.194131 -0.240426 -0.951057 -0.50824 -0.629444 -0.587785 -0.388435 -0.921476 -1.74846e-07 -0.221409 -0.39634 -0.891007 -0.28666 -0.513145 -0.809017 -0.150706 -0.269776 -0.951057 -0.344852 -0.617314 -0.707107 -0.394553 -0.706283 -0.587785 -0.56332 -0.826239 -1.74846e-07 -0.642788 -0.766044 -1.74846e-07 -4.16327e-08 -1.32693e-07 -1 -0.195815 -0.554209 -0.809017 -0.235565 -0.666715 -0.707107 -0.269516 -0.762804 -0.587785 -0.478254 -0.878222 -1.74846e-07 -0.0993362 -0.57933 -0.809017 -0.119502 -0.696936 -0.707107 -0.136725 -0.79738 -0.587785 -0.150581 -0.87819 -0.45399 -0.160729 -0.937376 -0.309017 -0.294755 -0.955573 -1.74846e-07 -0.457618 -0.889149 0 -0.298824 -0.954308 0 -0.298824 -0.954308 0 -0.507957 -0.861382 0 -0.60293 -0.797794 0 -0.489536 -0.871983 0 -0.489536 -0.871983 0 -0.917891 -0.396832 0 -0.848888 -0.528573 0 -0.836508 -0.547955 0 -0.73048 -0.682935 0 -0.7536 -0.657333 0 -0.638976 -0.769226 0 -0.972232 -0.234018 0 -0.972232 -0.234018 0 -0.922394 -0.386251 0 -0.507957 -0.861382 0 0 0 1 0 0 1 0 0 1 -0.157573 -0.987507 0 -0.157573 -0.987507 0 -0.109603 -0.993976 0 -0.0613754 -0.998115 0 -0.109603 -0.993976 0 -0.0130044 -0.999915 0 -0.0613754 -0.998115 0 -0.0130044 -0.999915 0 -0.205174 -0.978726 0 -0.252294 -0.967651 0 -0.205174 -0.978726 0 -0.252294 -0.967651 0 -0.298824 -0.954308 0 -0.298824 -0.954308 0 -0.985301 -0.170829 0 -0.985301 -0.170829 0 -0.990299 -0.138952 0 -0.994267 -0.106929 0 -0.990299 -0.138952 0 -0.994267 -0.106929 0 -0.979276 -0.202529 0 -0.979276 -0.202529 0 -0.972232 -0.234018 0 -0.972232 -0.234018 0 -0 -0 -1 -0 -0 -1 -0 -0 -1 -0 -0 -1 -0.848888 0.528573 0 -0.836508 0.547955 0 -0.7536 0.657333 0 -0.457618 0.889149 0 -0.507957 0.861382 0 -0.602931 0.797794 0 -0.489536 0.871983 0 -0.507957 0.861382 0 -0.922394 0.386251 0 -0.917891 0.396832 0 -0.972232 0.234018 0 -0.972232 0.234018 0 -0.73048 0.682934 0 -0.638976 0.769226 0 -0.298824 0.954308 0 -0.298824 0.954308 0 -0.489536 0.871983 0 0 0 1 0 0 1 0 0 1 -0.157573 0.987507 0 -0.157573 0.987507 0 -0.205174 0.978726 0 -0.252294 0.967651 0 -0.205174 0.978726 0 -0.298824 0.954308 0 -0.252294 0.967651 0 -0.298824 0.954308 0 -0.109603 0.993976 0 -0.0613753 0.998115 0 -0.109603 0.993976 0 -0.0613753 0.998115 0 -0.0130043 0.999915 0 -0.0130043 0.999915 0 -0.990299 0.138952 0 -0.985301 0.170829 0 -0.985301 0.170829 0 -0.994267 0.106929 0 -0.990299 0.138952 0 -0.994267 0.106929 0 -0.979276 0.202529 0 -0.979276 0.202529 0 -0.972232 0.234018 0 -0.972232 0.234018 0 0.930752 0.365651 0 0.878404 0.477918 0 0.878404 0.477918 0 0.812578 0.582852 0 0.812578 0.582852 0 0.734284 0.678843 0 0.734284 0.678843 0 0.644722 0.764417 0 0.644722 0.764417 0 0.930752 0.365651 0 0.968818 0.247773 0 0.968818 0.247773 0 0.992018 0.126093 0 0.992018 0.126093 0 0.999997 0.00247807 0 0.999997 0.00247807 0 0.878404 -0.477918 0 0.930752 -0.365651 0 0.930752 -0.365651 0 0.968818 -0.247773 0 0.968818 -0.247773 0 0.992018 -0.126093 0 0.992018 -0.126093 0 0.999997 -0.00247813 0 0.999997 -0.00247813 0 0.878404 -0.477918 0 0.812578 -0.582852 0 0.812578 -0.582852 0 0.734283 -0.678843 0 0.734283 -0.678843 0 0.644722 -0.764417 0 0.644722 -0.764417 0 0.324406 0.945918 0 0.27394 0.961747 0 0.308787 0.951131 0 0.255794 0.966731 0 0.222707 0.974885 0 0.170852 0.985297 0 0.20202 0.979381 0 0.118519 0.992952 0 0.14763 0.989043 0 0.0927885 0.995686 0 0.0658536 0.997829 0 0.0130044 0.999915 0 0.0376645 0.99929 0 0.0134948 0.999909 0 0.0130044 0.999915 0 0.360838 0.932629 0 0.411788 0.91128 0 0.373965 0.927443 0 0.461481 0.88715 0 0.422477 0.906374 0 0.469808 0.882769 0 0.509766 0.860313 0 0.556495 0.830851 0 0.515824 0.856694 0 0.601526 0.798853 0 0.560398 0.828223 0 0.603404 0.797436 0 0.644722 0.764417 0 0.644722 0.764417 0 0.360838 -0.932628 0 0.324406 -0.945918 0 0.373965 -0.927443 0 0.0130043 -0.999915 0 0.0376645 -0.99929 0 0.0134947 -0.999909 0 0.422477 -0.906373 0 0.411788 -0.91128 0 0.469808 -0.882769 0 0.461481 -0.88715 0 0.509766 -0.860313 0 0.515825 -0.856694 0 0.560398 -0.828223 0 0.556495 -0.830851 0 0.603404 -0.797436 0 0.601526 -0.798853 0 0.644722 -0.764417 0 0.644722 -0.764417 0 0.308787 -0.951131 0 0.255794 -0.966731 0 0.27394 -0.961747 0 0.222707 -0.974885 0 0.20202 -0.979381 0 0.14763 -0.989043 0 0.170852 -0.985297 0 0.0927887 -0.995686 0 0.118518 -0.992952 0 0.0658535 -0.997829 0 0.0130043 -0.999915 0 -0.999186 -0.0403393 0 -1 -8.74228e-08 0 -0.99977 -0.0214251 0 -0.997935 -0.0642363 0 -0.997282 -0.0736754 0 -0.994267 -0.106929 0 -0.994267 -0.106929 0 -0.99977 0.0214252 0 -0.999186 0.0403394 0 -0.997935 0.0642362 0 -0.994267 0.106929 0 -0.997282 0.0736755 0 -0.994267 0.106929 0 -0.490783 -0.871282 0 -0.39698 -0.917827 0 -0.39698 -0.917827 0 -0.490783 -0.871282 0 -0.298824 -0.954308 0 -0.298824 -0.954308 0 -0.781829 -0.623493 0 -0.864049 -0.503407 0 -0.781829 -0.623493 0 -0.683049 -0.730372 0 -0.683049 -0.730372 0 -0.569802 -0.821782 0 -0.569802 -0.821782 0 -0.864049 -0.503407 0 -0.927968 -0.372659 0 -0.927968 -0.372659 0 -0.972232 -0.234018 0 -0.972232 -0.234018 0 -0.864049 0.503407 0 -0.781829 0.623493 0 -0.781829 0.623493 0 -0.683049 0.730373 0 -0.683049 0.730373 0 -0.569801 0.821782 0 -0.569801 0.821782 0 -0.864049 0.503407 0 -0.927968 0.372659 0 -0.927968 0.372659 0 -0.972232 0.234018 0 -0.972232 0.234018 0 -0.39698 0.917827 0 -0.490783 0.871282 0 -0.39698 0.917827 0 -0.490783 0.871282 0 -0.298824 0.954308 0 -0.298824 0.954308 0 0 0 1 0 0 1 0 0 1 0 0 1 0 0 1 0 0 1 0 0 1 0 0 1 0 0 1 0 0 1 0 0 1 0 0 1 0 0 1 0 0 1 0 0 1 0 0 1 0 0 1 0 0 1 0 0 1 0 0 1 0 0 1 0 0 1 0 0 1 0 0 1 0 0 1 0 0 1 0 0 1 0 0 1 0 0 1 0 0 1 0 0 1 0 0 1 0 0 1 0 0 1 0 0 1 0 0 1 0 0 1 0 0 1 0 0 1 0 0 1 0 0 1 0 0 1 0 0 1 0 0 1 0 0 1 0 0 1 0 0 1 0 0 1 0 0 1 0 0 1 0 0 1 0 0 1 0 0 1 0 0 1 0 0 1 0 0 1 0 0 1 0 0 1 0 0 1 0 0 1 0 0 1 0 0 1 0 0 1 0 0 1 0 0 1 0 0 1 0 0 1 0 0 1 0 0 1 0 0 1 0 0 1 0 0 1 0 0 1 0 0 1 0 0 1 0 0 1 0 0 1 0 0 1 0 0 1 0 0 1 0 0 1 0 0 1 0 0 1 0 0 1 0 0 1 0 0 1 0 0 1 0 0 1 0 0 1 0 0 1 0 0 1 0 0 1 0 0 1 0 0 1 0 0 1 0 0 1 0 0 1 0 0 1 0 0 1 0 0 1 0 0 1 0 0 1 0 0 1 0 0 1 0 0 1 0 0 1 0 0 1 0 0 1 0 0 1 -0.991267 0.131867 0 -0.986104 0.16613 0 -0.991267 0.131867 0 -0.986104 0.16613 0 -0.979756 0.200194 0 -0.972232 0.234018 0 -0.979756 0.200194 0 -0.972232 0.234018 0 -0.995241 0.0974456 0 -0.998019 0.062907 0 -0.995241 0.0974456 0 -0.998019 0.062907 0 -0.9996 0.028293 0 -0.9996 0.028293 0 0.120289 0.992739 0 0.120289 0.992739 0 0.172716 0.984972 0 0.224657 0.974438 0 0.172716 0.984972 0 0.275968 0.961167 0 0.224657 0.974438 0 0.275968 0.961167 0 0.326503 0.945196 0 0.376121 0.926571 0 0.326503 0.945196 0 0.424683 0.905342 0 0.376121 0.926571 0 0.424683 0.905342 0 0.472051 0.881571 0 0.518094 0.855323 0 0.472051 0.881571 0 0.518094 0.855323 0 0.0675244 0.997718 0 0.0675244 0.997718 0 0.0145703 0.999894 0 -0.0384249 0.999261 0 0.0145703 0.999894 0 -0.091312 0.995822 0 -0.0384249 0.999261 0 -0.091312 0.995822 0 -0.143943 0.989586 0 -0.196169 0.98057 0 -0.143943 0.989586 0 -0.247845 0.9688 0 -0.196169 0.98057 0 -0.247845 0.9688 0 -0.298824 0.954308 0 -0.298824 0.954308 0 1 0 0 1 0 0 1 0 0 1 0 0 0.125333 -0.992115 0 4.37114e-08 -1 0 4.37114e-08 -1 0 0.481754 -0.876307 0 0.368125 -0.929776 0 0.368125 -0.929776 0 0.24869 -0.968583 0 0.125333 -0.992115 0 0.24869 -0.968583 0 0.684547 -0.728969 0 0.770513 -0.637424 0 0.684547 -0.728969 0 0.481754 -0.876307 0 0.587785 -0.809017 0 0.587785 -0.809017 0 0.904827 -0.425779 0 0.904827 -0.425779 0 0.951056 -0.309017 0 0.844328 -0.535827 0 0.770513 -0.637424 0 0.844328 -0.535827 0 0.998027 0.0627904 0 0.998027 -0.0627905 0 0.998027 -0.0627905 0 0.982287 -0.187381 0 0.982287 -0.187381 0 0.951056 -0.309017 0 0.951057 0.309017 0 0.904827 0.425779 0 0.951057 0.309017 0 0.998027 0.0627904 0 0.982287 0.187381 0 0.982287 0.187381 0 0.770513 0.637424 0 0.770513 0.637424 0 0.684547 0.728969 0 0.844328 0.535827 0 0.904827 0.425779 0 0.844328 0.535827 0 0.684547 0.728969 0 0.587785 0.809017 0 0.587785 0.809017 0 0.481754 0.876307 0 0.481754 0.876307 0 0.368125 0.929776 0 0.368125 0.929776 0 0.24869 0.968583 0 0.24869 0.968583 0 0.125333 0.992115 0 0.125333 0.992115 0 -1.19249e-08 1 0 -1.19249e-08 1 0 1 1.27078e-15 0 1 1.27078e-15 0 1 1.27078e-15 0 1 1.27078e-15 0 0.120289 -0.992739 0 0.120289 -0.992739 0 0.0675243 -0.997718 0 0.0145702 -0.999894 0 0.0675243 -0.997718 0 -0.038425 -0.999261 0 0.0145702 -0.999894 0 -0.038425 -0.999261 0 -0.0913121 -0.995822 0 -0.143943 -0.989586 0 -0.0913121 -0.995822 0 -0.196169 -0.98057 0 -0.143943 -0.989586 0 -0.196169 -0.98057 0 -0.247844 -0.9688 0 -0.298824 -0.954308 0 -0.247844 -0.9688 0 -0.298824 -0.954308 0 0.172715 -0.984972 0 0.172715 -0.984972 0 0.224657 -0.974438 0 0.275967 -0.961167 0 0.224657 -0.974438 0 0.326503 -0.945196 0 0.275967 -0.961167 0 0.326503 -0.945196 0 0.376121 -0.926571 0 0.424683 -0.905342 0 0.376121 -0.926571 0 0.472052 -0.881571 0 0.424683 -0.905342 0 0.472052 -0.881571 0 0.518094 -0.855323 0 0.518094 -0.855323 0 -0.991267 -0.131867 0 -0.995241 -0.0974456 0 -0.991267 -0.131867 0 -0.995241 -0.0974456 0 -0.998019 -0.0629071 0 -0.9996 -0.0282929 0 -0.998019 -0.0629071 0 -0.9996 -0.0282929 0 -0.986104 -0.16613 0 -0.979756 -0.200194 0 -0.986104 -0.16613 0 -0.979756 -0.200194 0 -0.972232 -0.234018 0 -0.972232 -0.234018 0 -0 -0 -1 -0 -0 -1 -0 -0 -1 -0 -0 -1 -0 -0 -1 -0 -0 -1 0.878586 0.477583 0 0.878586 0.477583 0 0.878586 0.477583 0 0.878586 0.477583 0 0.0256938 0.99967 0 0.0256938 0.99967 0 0.0256938 0.99967 0 0.0256938 0.99967 0 -0.852893 0.522086 0 -0.852893 0.522086 0 -0.852893 0.522086 0 -0.852893 0.522086 0 -0.878586 -0.477583 -0 -0.878586 -0.477583 -0 -0.878586 -0.477583 -0 -0.878586 -0.477583 -0 -0.0256938 -0.99967 -0 -0.0256938 -0.99967 -0 -0.0256938 -0.99967 -0 -0.0256938 -0.99967 -0 0.852893 -0.522086 0 0.852893 -0.522086 0 0.852893 -0.522086 0 0.852893 -0.522086 0 0 0 -1 0 0 -1 0 0 -1 0 0 -1 0 0 -1 0 0 -1 0.852893 0.522086 0 0.852893 0.522086 0 0.852893 0.522086 0 0.852893 0.522086 0 -0.0256938 0.99967 0 -0.0256938 0.99967 0 -0.0256938 0.99967 0 -0.0256938 0.99967 0 -0.878586 0.477583 0 -0.878586 0.477583 0 -0.878586 0.477583 0 -0.878586 0.477583 0 -0.852893 -0.522086 -0 -0.852893 -0.522086 -0 -0.852893 -0.522086 -0 -0.852893 -0.522086 -0 0.0256938 -0.99967 0 0.0256938 -0.99967 0 0.0256938 -0.99967 0 0.0256938 -0.99967 0 0.878586 -0.477583 0 0.878586 -0.477583 0 0.878586 -0.477583 0 0.878586 -0.477583 0 -1 -0 -0 -1 -0 -0 -1 -0 -0 -1 -0 -0 1.73472e-16 1 0 1.73472e-16 1 0 1.73472e-16 1 0 1.73472e-16 1 0 1 -1.73472e-16 0 1 -1.73472e-16 0 1 -1.73472e-16 0 1 -1.73472e-16 0 -1.73472e-16 -1 -0 -1.73472e-16 -1 -0 -1.73472e-16 -1 -0 -1.73472e-16 -1 -0 0 0 -1 0 0 -1 0 0 -1 0 0 -1 0 0 -1 -0.707107 -0.707107 0 -0.707107 -0.707107 0 -0.707107 -0.707107 0 -0.707107 -0.707107 0</float_array>
          <technique_common>
            <accessor count="6160" source="#ID7" stride="3">
              <param name="X" type="float"/>
              <param name="Y" type="float"/>
              <param name="Z" type="float"/>
            </accessor>
          </technique_common>
        </source>
        <vertices id="ID8">
          <input semantic="POSITION" source="#ID4"/>
          <input semantic="NORMAL" source="#ID6"/>
        </vertices>
        <triangles count="1188" material="ID9">
          <input offset="0" semantic="VERTEX" source="#ID8"/>
          <p>868 869 870 871 872 873 874 875 868 868 870 874 875 876 877 876 875 874 878 877 879 876 879 877 880 881 878 878 879 880 881 882 883 882 881 880 884 883 885 882 885 883 886 887 884 884 885 886 887 888 889 888 887 886 888 890 889 869 891 892 892 870 869 893 891 894 891 893 892 895 896 894 893 894 896 895 897 898 898 896 895 899 897 900 897 899 898 901 902 900 899 900 902 903 904 902 902 901 903 904 905 906 905 904 903 905 872 906 906 872 871 907 908 909 910 911 912 913 914 915 916 917 918 919 920 921 922 923 924 925 926 927 928 929 930 931 932 933 934 935 936 937 938 939 940 941 942 943 944 945 946 947 948 949 950 951 952 953 954 955 956 957 958 959 960 961 962 963 964 965 966 967 968 969 970 971 972 973 974 975 976 977 978 979 980 981 982 983 984 985 986 987 988 989 990 982 990 989 988 991 992 992 989 988 993 991 994 991 993 992 995 996 994 993 994 996 997 996 995 998 997 995 999 998 1000 998 999 997 1001 1002 1000 999 1000 1002 1001 1003 1004 1004 1002 1001 1005 1003 1006 1003 1005 1004 1007 1008 1006 1005 1006 1008 1007 1009 1010 1010 1008 1007 1011 1009 1012 1009 1011 1010 889 1013 1012 1011 1012 1013 890 1013 889 983 987 984 982 984 990 985 977 986 983 985 987 976 978 979 986 977 976 981 980 972 979 978 980 974 971 970 971 981 972 964 973 975 975 974 970 965 969 966 964 966 973 967 959 968 965 967 969 958 960 961 968 959 958 963 962 954 961 960 962 956 953 952 953 963 954 946 955 957 957 956 952 947 951 948 946 948 955 949 941 950 947 949 951 940 942 943 950 941 940 945 944 936 943 942 944 938 935 934 935 945 936 928 937 939 939 938 934 929 933 930 928 930 937 931 923 932 929 931 933 922 924 925 932 923 922 927 926 918 925 924 926 920 917 916 917 927 918 910 919 921 921 920 916 911 915 912 910 912 919 913 907 914 911 913 915 909 908 873 914 907 909 871 873 908 1014 1015 1016 1017 1018 1019 1020 1021 1022 1023 1024 1025 1026 1020 1022 1021 1020 1027 1028 1029 1030 1031 1032 1033 1034 1035 1036 1037 1038 1039 1040 1041 1042 1043 1044 1045 1042 1041 1046 1047 1048 1034 1049 1050 1051 1052 1033 1053 1054 1055 1056 1046 1057 1058 1059 1060 1061 1062 1063 1064 1065 1066 1067 1068 1069 1070 1071 1072 1073 1074 1075 1076 1077 1065 1067 1078 1079 1080 1081 1082 1083 1019 1084 1027 1085 1086 1087 1088 1089 1090 1059 1061 1018 1091 1092 1023 1093 1091 1089 1094 1095 1096 1097 1098 1099 1097 1100 1098 1076 1101 1102 1103 1104 1105 1106 1107 1108 1104 1109 1105 1103 1105 1110 1111 1112 1113 1114 1111 1115 1116 1117 1118 1119 1120 1065 1121 1115 1122 1123 1124 1125 1126 1127 1128 1129 1066 1130 1067 1066 1131 1132 1133 1134 1134 1135 1071 1136 1137 1138 1113 1115 1111 1139 1062 1140 1140 1069 1141 1142 1143 1144 1051 1144 1143 1064 1145 1146 1064 1147 1145 1058 1045 1044 1051 1050 1148 1149 1150 1151 1152 1153 1046 1057 1046 1153 1122 1115 1065 1154 1155 1126 1156 1099 1157 1089 1156 1090 1158 1100 1108 1106 1094 1107 1086 1078 1080 1086 1080 1087 1079 1159 1118 1078 1159 1079 1079 1118 1117 1083 1117 1160 1116 1160 1117 1083 1160 1081 1083 1161 1162 1082 1161 1083 1076 1162 1101 1083 1162 1076 1074 1163 1075 1102 1074 1076 1075 1164 1165 1163 1164 1075 1126 1075 1154 1165 1154 1075 1155 1166 1126 1128 1123 1126 1166 1127 1126 1125 1072 1123 1128 1124 1123 1071 1135 1072 1125 1073 1072 1134 1133 1135 1167 1070 1168 1141 1069 1068 1168 1056 1133 1169 1146 1145 1170 1171 1172 1173 1052 1174 1175 1176 1177 1148 1050 1178 1136 1179 1180 1138 1179 1136 1066 1180 1130 1136 1180 1066 1129 1131 1066 1065 1077 1119 1120 1122 1065 1115 1121 1114 1178 1181 1182 1113 1112 1109 1059 1183 1060 1104 1113 1109 1183 1110 1184 1044 1043 1185 1052 1053 1186 1027 1017 1019 1028 1187 1188 1044 1185 1189 1025 1024 1103 1087 1096 1095 1092 1190 1023 1087 1095 1191 1192 1193 1194 1195 1196 1197 1152 1046 1041 1198 1199 1200 1201 1202 1203 1016 1015 1143 1016 1143 1142 1144 1051 1148 1204 1181 1178 1050 1204 1178 1182 1205 1206 1181 1205 1182 1207 1177 1206 1182 1206 1177 1177 1176 1136 1177 1207 1175 1137 1136 1176 1208 1209 1210 1211 1212 1213 1214 1045 1058 1057 1214 1058 1202 1201 1215 1185 1201 1203 1203 1216 1189 1217 1038 1215 1218 1149 1037 1219 1015 1014 1219 1220 1221 1222 1223 1224 1049 1051 1225 1052 1173 1033 1085 1191 1169 1026 1049 1225 1191 1146 1169 1054 1048 1047 1034 1171 1035 1030 1029 1172 1187 1028 1226 1186 1227 1192 1173 1031 1033 1032 1197 1196 1031 1197 1032 1213 1196 1228 1195 1228 1196 1213 1228 1211 1199 1213 1229 1212 1229 1213 1199 1230 1200 1199 1229 1230 1210 1199 1231 1198 1231 1199 1208 1210 1232 1210 1231 1232 1209 1233 1210 1234 1042 1233 1210 1233 1042 1040 1042 1235 1042 1234 1235 1225 1020 1026 1173 1174 1236 1025 1110 1183 1027 1084 1021 1059 1018 1017 1183 1184 1060 1025 1103 1110 1023 1190 1024 1091 1093 1092 1089 1088 1093 1156 1157 1090 1156 1097 1099 1100 1237 1098 1158 1108 1238 1237 1100 1158 1095 1094 1106 1107 1238 1108 1087 1191 1085 1133 1132 1168 1064 1063 1147 1167 1068 1070 1062 1069 1140 1063 1062 1139 1132 1167 1168 1056 1055 1133 1056 1048 1054 1034 1036 1047 1171 1170 1035 1171 1030 1172 1186 1053 1239 1028 1188 1029 1187 1226 1194 1227 1193 1192 1194 1226 1192 1227 1186 1239 1236 1174 1222 1150 1224 1223 1222 1174 1223 1037 1149 1151 1151 1150 1223 1037 1039 1218 1038 1217 1039 1038 1202 1215 1185 1203 1189 1216 1203 1220 1219 1221 1015 1220 1203 1221 1573 1574 1575 1576 1577 1578 1579 1580 1581 1582 1583 1584 1573 1585 1586 1587 1588 1589 1579 1590 1591 1582 1580 1575 1592 1593 1586 1575 1579 1585 1594 1591 1595 1592 1591 1594 1596 1597 1594 1591 1592 1585 1597 1592 1594 1598 1596 1594 1599 1600 1601 1602 1600 1596 1597 1596 1600 1596 1603 1602 1604 1605 1601 1606 1607 1608 1602 1604 1600 1609 1610 1602 1611 1605 1612 1613 1606 1614 1612 1604 1610 1615 1610 1616 1611 1617 1618 1614 1619 1620 1612 1615 1617 1615 1621 1622 1619 1623 1624 1618 1625 1626 1622 1625 1617 1622 1627 1628 1629 1630 1628 1631 1632 1626 1633 1632 1634 1635 1636 1624 1637 1638 1639 1625 1628 1631 1633 1640 1641 1635 1642 1643 1634 1644 1640 1631 1630 1634 1642 1645 1646 1647 1648 1649 1650 1645 1651 1652 1649 1653 1652 1654 1655 1656 1657 1658 1651 1659 1660 1652 1655 1661 1655 1662 1663 1664 1662 1655 1665 1666 1667 1668 1651 1669 1659 1670 1671 1641 1672 1673 1674 1644 1630 1667 1675 1676 1677 1678 1679 1679 1644 1680 1681 1682 1683 1677 1684 1678 1685 1686 1687 1688 1689 1690 1691 1638 1683 1692 1687 1693 1694 1685 1692 1693 1687 1695 1696 1692 1693 1589 1697 1698 1597 1599 1593 1583 1699 1700 1701 1584 1700 1698 1702 1703 1704 1582 1574 1705 1699 1706 1700 1705 1707 1708 1703 1709 1583 1704 1710 1705 1711 1712 1699 1710 1713 1706 1714 1711 1711 1715 1716 1708 1717 1718 1713 1719 1706 1720 1715 1714 1721 1722 1715 1714 1719 1723 1717 1724 1725 1721 1720 1726 1727 1721 1728 1723 1729 1720 1730 1731 1725 1726 1732 1728 1728 1733 1734 1735 1726 1729 1736 1731 1737 1738 1733 1732 1739 1740 1733 1732 1735 1741 1738 1742 1739 1732 1733 1728 1743 1738 1741 1739 1744 1745 1746 1744 1742 1739 1733 1738 1742 1744 1739 1747 1748 1744 1747 1746 1749 1743 1750 1742 1749 1751 1752 1753 1747 1752 1754 1755 1756 1757 1746 1750 1758 1759 1751 1752 1759 1760 1761 1762 1756 1749 1757 1763 1764 1758 1578 1764 1765 1759 1766 1762 1767 1763 1768 1751 1769 1770 1578 1771 1764 1770 1772 1773 1766 1576 1758 1768 1774 1769 1775 1770 1774 1776 1777 1778 1773 1779 1775 1780 1781 1769 1577 1780 1775 1782 1775 1781 1782 1779 1774 1775 1783 1777 1784 1785 1786 1787 1779 1780 1788 1783 1647 1786 1781 1785 1787 1783 1786 1785 1774 1779 1789 1778 1777 1783 1788 1790 1779 1791 1647 1784 1788 1792 1790 1647 1791 1648 1793 1794 1795 1796 1797 1794 1794 1798 1795 1792 1694 1799 1792 1799 1790 1800 1799 1694 1793 1801 1802 1694 1692 1800 1803 1804 1800 1804 1805 1800 1692 1803 1800 1803 1692 1696 1806 1796 1805 1796 1806 1797 1796 1800 1805 1807 1808 1809 1810 1799 1796 1809 1793 1802 1810 1789 1790 1774 1770 1769 1779 1790 1789 1785 1778 1783 1772 1777 1773 1782 1781 1787 1769 1781 1775 1811 1784 1812 1785 1577 1778 1784 1811 1813 1791 1784 1813 1647 1783 1784 1800 1796 1799 1798 1794 1797 1814 1815 1816 1799 1810 1790 1817 1810 1794 1809 1808 1816 1817 1776 1789 1770 1764 1578 1789 1776 1774 1772 1812 1777 1767 1772 1766 1781 1577 1785 1578 1577 1769 1818 1812 1819 1778 1576 1773 1812 1818 1820 1811 1812 1820 1784 1777 1812 1796 1794 1810 1801 1793 1795 1821 1822 1823 1810 1817 1789 1824 1817 1793 1816 1815 1823 1824 1771 1776 1764 1759 1758 1770 1776 1771 1825 1826 1827 1767 1819 1772 1577 1576 1778 1578 1758 1576 1828 1819 1825 1766 1773 1768 1819 1828 1829 1818 1819 1829 1812 1772 1819 1794 1793 1817 1807 1809 1802 1830 1831 1832 1817 1824 1776 1833 1824 1809 1823 1822 1832 1833 1765 1771 1759 1752 1751 1764 1771 1765 1834 1835 1836 1767 1761 1825 1576 1768 1773 1758 1751 1768 1826 1825 1834 1766 1763 1762 1761 1767 1762 1828 1825 1827 1819 1767 1825 1793 1809 1824 1814 1816 1808 1837 1838 1839 1824 1833 1771 1840 1833 1816 1832 1831 1839 1840 1760 1765 1752 1747 1749 1759 1765 1760 1835 1841 1842 1761 1755 1834 1768 1763 1766 1751 1749 1763 1834 1755 1835 1762 1757 1756 1755 1761 1756 1826 1834 1836 1825 1761 1834 1809 1816 1833 1821 1823 1815 1843 1844 1845 1833 1840 1765 1846 1840 1823 1839 1838 1845 1760 1846 1753 1747 1744 1746 1752 1760 1753 1841 1847 1848 1755 1849 1835 1763 1757 1762 1749 1746 1757 1835 1849 1841 1756 1750 1754 1835 1850 1836 1754 1849 1755 1842 1850 1835 1816 1823 1840 1830 1832 1822 1851 1852 1853 1840 1846 1760 1854 1846 1832 1845 1844 1853 1854 1748 1753 1847 1855 1856 1747 1753 1748 1754 1857 1849 1849 1858 1841 1757 1750 1756 1746 1742 1750 1841 1858 1847 1754 1743 1857 1841 1859 1842 1857 1858 1849 1848 1859 1841 1823 1832 1846 1837 1839 1831 1860 1861 1862 1846 1854 1753 1863 1854 1839 1852 1862 1853 1863 1745 1748 1856 1864 1865 1744 1748 1745 1857 1866 1858 1858 1855 1847 1750 1743 1754 1738 1743 1742 1867 1847 1856 1857 1741 1866 1847 1868 1848 1866 1855 1858 1867 1868 1847 1832 1839 1854 1843 1845 1838 1869 1870 1871 1854 1863 1748 1872 1863 1845 1862 1861 1871 1872 1740 1745 1865 1736 1737 1739 1745 1740 1866 1873 1855 1855 1864 1856 1743 1741 1857 1732 1741 1738 1874 1856 1865 1866 1735 1873 1856 1875 1867 1873 1864 1855 1874 1875 1856 1839 1845 1863 1851 1853 1844 1876 1877 1878 1863 1872 1745 1879 1872 1853 1871 1870 1878 1879 1734 1740 1721 1726 1728 1733 1740 1734 1873 1880 1864 1864 1736 1865 1741 1735 1866 1726 1735 1732 1881 1865 1737 1873 1729 1880 1865 1882 1874 1880 1736 1864 1881 1882 1865 1845 1853 1872 1860 1862 1852 1883 1884 1885 1872 1879 1740 1886 1879 1862 1878 1877 1885 1886 1727 1734 1715 1720 1721 1728 1734 1727 1880 1887 1736 1730 1737 1731 1735 1729 1873 1720 1729 1726 1888 1737 1730 1880 1723 1887 1737 1889 1881 1887 1731 1736 1888 1889 1737 1853 1862 1879 1869 1871 1861 1890 1891 1892 1879 1886 1734 1893 1886 1871 1894 1892 1891 1893 1722 1727 1711 1714 1715 1721 1727 1722 1887 1895 1731 1717 1725 1718 1729 1723 1880 1714 1723 1720 1896 1730 1724 1887 1719 1895 1730 1897 1888 1895 1725 1731 1896 1897 1730 1862 1871 1886 1876 1878 1870 1898 1899 1894 1886 1893 1727 1900 1893 1878 1901 1894 1899 1900 1716 1722 1711 1705 1706 1715 1722 1716 1895 1718 1725 1709 1717 1708 1723 1719 1887 1706 1719 1714 1902 1724 1903 1895 1713 1718 1724 1902 1904 1896 1724 1904 1730 1725 1724 1871 1878 1893 1883 1885 1877 1892 1885 1884 1893 1900 1722 1905 1900 1885 1906 1901 1907 1905 1712 1716 1705 1700 1699 1716 1712 1711 1709 1903 1717 1702 1709 1703 1719 1713 1895 1699 1713 1706 1908 1903 1909 1718 1710 1708 1903 1908 1910 1902 1903 1910 1724 1717 1903 1878 1885 1900 1890 1892 1884 1901 1911 1907 1900 1905 1716 1912 1905 1892 1913 1906 1914 1912 1707 1712 1700 1584 1583 1705 1712 1707 1915 1916 1917 1702 1909 1709 1713 1710 1718 1699 1583 1710 1918 1909 1915 1708 1704 1703 1909 1918 1919 1908 1909 1919 1903 1709 1909 1885 1892 1905 1898 1894 1891 1906 1920 1914 1905 1912 1712 1921 1912 1894 1922 1913 1923 1921 1701 1707 1584 1580 1582 1700 1707 1701 1924 1925 1926 1697 1915 1702 1710 1704 1708 1583 1582 1704 1916 1915 1924 1703 1574 1698 1697 1702 1698 1918 1915 1917 1909 1702 1915 1892 1894 1912 1911 1901 1899 1913 1927 1923 1912 1921 1707 1928 1921 1901 1929 1580 1584 1928 1929 1701 1580 1579 1575 1584 1701 1929 1925 1930 1931 1697 1588 1924 1704 1574 1703 1582 1575 1574 1924 1588 1925 1698 1573 1589 1588 1697 1589 1916 1924 1926 1915 1697 1924 1894 1901 1921 1920 1906 1907 1932 1933 1922 1921 1928 1701 1906 1934 1928 1922 1933 1935 1929 1934 1581 1579 1591 1585 1580 1929 1581 1930 1936 1937 1588 1938 1925 1574 1573 1698 1575 1585 1573 1925 1938 1930 1589 1586 1587 1925 1939 1926 1587 1938 1588 1931 1939 1925 1901 1906 1928 1927 1913 1914 1940 1941 1935 1928 1934 1929 1913 1942 1934 1935 1941 1943 1942 1590 1581 1936 1944 1945 1579 1581 1590 1587 1946 1938 1938 1947 1930 1573 1586 1589 1585 1592 1586 1930 1947 1936 1587 1593 1946 1930 1948 1931 1946 1947 1938 1937 1948 1930 1906 1913 1934 1932 1922 1923 1949 1950 1943 1934 1942 1581 1922 1951 1942 1943 1950 1952 1951 1595 1590 1945 1953 1954 1591 1590 1595 1946 1955 1947 1947 1944 1936 1586 1593 1587 1597 1593 1592 1956 1936 1945 1946 1599 1955 1936 1957 1937 1955 1944 1947 1956 1957 1936 1922 1942 1913 1940 1935 1933 1958 1952 1959 1942 1951 1590 1935 1960 1951 1958 1961 1952 1960 1598 1595 1954 1608 1607 1595 1598 1594 1955 1962 1944 1944 1953 1945 1593 1599 1946 1600 1599 1597 1963 1945 1954 1955 1601 1962 1945 1964 1956 1962 1953 1944 1963 1964 1945 1935 1951 1922 1949 1943 1941 1965 1961 1966 1951 1960 1595 1967 1960 1943 1965 1968 1961 1603 1598 1967 1610 1604 1602 1598 1603 1596 1962 1969 1953 1953 1608 1954 1599 1601 1955 1604 1601 1600 1970 1954 1607 1962 1605 1969 1954 1971 1963 1969 1608 1953 1970 1971 1954 1943 1960 1935 1959 1952 1950 1968 1972 1973 1960 1967 1598 1974 1967 1952 1973 1975 1968 1609 1603 1974 1615 1612 1610 1603 1609 1602 1969 1976 1608 1613 1607 1606 1601 1605 1962 1612 1605 1604 1977 1607 1613 1969 1611 1976 1607 1978 1970 1976 1606 1608 1977 1978 1607 1952 1967 1943 1966 1961 1958 1975 1979 1980 1967 1974 1603 1981 1974 1961 1980 1982 1975 1616 1609 1981 1622 1617 1615 1609 1616 1610 1976 1983 1606 1619 1614 1623 1605 1611 1969 1617 1611 1612 1984 1613 1620 1976 1618 1983 1613 1985 1977 1983 1614 1606 1984 1985 1613 1961 1974 1952 1972 1968 1965 1982 1986 1987 1974 1981 1609 1988 1981 1968 1987 1989 1982 1621 1616 1988 1622 1628 1625 1616 1621 1615 1983 1623 1614 1636 1619 1624 1611 1618 1976 1625 1618 1617 1990 1620 1991 1983 1626 1623 1620 1990 1992 1984 1620 1992 1613 1614 1620 1968 1981 1961 1979 1975 1973 1989 1993 1994 1981 1988 1616 1995 1988 1975 1994 1996 1989 1627 1621 1995 1628 1630 1631 1627 1622 1621 1636 1991 1619 1643 1636 1635 1618 1626 1983 1631 1626 1625 1997 1991 1998 1623 1632 1624 1991 1997 1999 1990 1991 1999 1620 1619 1991 1975 1988 1968 1986 1982 1980 2000 2001 2002 1988 1995 1621 2003 1995 1982 2002 1996 2000 1629 1627 2003 1644 1634 1630 1627 1629 1628 1643 1998 1636 1642 1646 1643 1626 1632 1623 1631 1634 1632 2004 1998 2005 1624 1633 1635 1998 2004 2006 1997 1998 2006 1991 1636 1998 1982 1995 1975 1993 1989 1987 2007 2008 1681 1995 2003 1627 2009 2003 1989 1681 2002 2007 1674 1629 2009 1679 1640 1644 1674 1630 1629 2010 2011 2012 1646 2005 1643 1632 1633 1624 1634 1640 1633 2013 2005 2010 1642 1635 1641 2005 2013 2014 2004 2005 2014 1998 1643 2005 1989 2003 1982 2000 1996 1994 1682 2015 1683 2003 2009 1629 2009 1996 2016 1679 1672 1640 1674 2016 1680 1679 1678 1672 1674 1680 1644 2011 2017 2018 1646 1650 2010 1633 1641 1635 1640 1672 1641 2010 1650 2011 1642 1673 1645 1650 1646 1645 2013 2010 2012 2005 1646 2010 1996 2009 1989 2007 2002 2001 1691 2019 1638 2009 2016 1674 2020 2016 2002 1678 1657 1672 1680 2020 1677 1657 1669 1673 1680 1677 1679 2017 1676 2021 1650 1660 2011 1641 1673 1642 1657 1673 1672 2011 1660 2017 1645 1669 1651 2011 2022 2012 1651 1660 1650 2018 2022 2011 2002 2016 1996 1682 1681 2008 2023 1637 1639 2016 2020 1680 2024 2020 1681 1657 1678 1658 2024 1684 1677 1669 1657 1656 1684 1658 1678 1666 1662 1667 1660 1671 2017 1673 1669 1645 1656 1668 1669 2017 1671 1676 1651 1668 1659 2017 2025 2018 1659 1671 1660 2021 2025 2017 1681 2020 2002 1691 1683 2015 1684 2026 1658 2020 2024 1677 2027 2024 1683 1658 2028 1656 2027 2026 1684 1656 2029 1668 2026 2028 1658 1668 2030 1659 2029 1656 2028 1671 1665 1676 2030 1668 2029 1676 1665 1667 2030 1670 1659 1676 2031 2021 1670 1665 1671 1675 2031 1676 1683 2024 1681 1639 1638 2019 2026 1690 2028 2024 2027 1684 1638 2032 2027 2028 1689 2029 2032 1690 2026 2029 2033 2030 1690 1689 2028 2030 2034 1670 1689 2033 2029 2035 1665 1670 2034 2030 2033 2036 1667 1662 2034 2035 1670 1667 2037 1675 2035 1666 1665 2036 2037 1667 1638 2027 1683 1637 2023 2038 2039 2033 1689 2027 2032 2026 1637 1686 2032 2040 2034 2033 1686 1688 1690 2041 2035 2034 1688 2039 1689 2042 1666 2035 2039 2040 2033 1652 1653 1654 2040 2041 2034 1666 1663 1662 2042 2035 2041 1662 2043 2036 1663 1666 2042 1664 2043 1662 1638 1637 2032 1687 2038 1695 1685 2044 1688 2032 1686 1690 1685 1688 1686 2044 2045 2039 2044 2039 1688 2045 2046 2040 2045 2040 2039 2046 2047 2041 2046 2041 2040 2047 2048 2042 2047 2042 2041 2048 1661 1663 1663 2042 2048 1655 2049 1664 1663 1661 1655 1654 2049 1655 2038 1687 1637 1686 1637 1687 2044 1694 1792 1692 1685 1687 2045 1792 1788 1694 2044 1685 2046 1788 1780 1792 2045 2044 2047 1780 1782 1788 2046 2045 2048 1782 1787 1780 2047 2046 1661 1787 1786 1782 2048 2047 1652 1786 1647 1787 1661 2048 1786 1652 1661 1649 1652 1647</p>
        </triangles>
        <triangles count="6808" material="ID10">
          <input offset="0" semantic="VERTEX" source="#ID8"/>
          <p>0 1 2 3 4 5 6 7 8 9 10 0 11 12 13 14 15 16 11 2 12 10 17 0 18 0 19 0 17 19 2 1 12 0 18 1 20 11 13 15 14 21 22 23 24 25 26 27 25 27 28 29 30 25 31 25 32 25 30 33 34 35 36 37 36 38 36 37 39 34 36 39 40 31 32 36 40 38 41 42 43 40 36 31 44 25 28 25 33 32 26 45 27 29 25 44 46 45 26 26 43 46 42 47 43 47 46 43 48 49 50 49 21 51 48 52 53 53 52 54 55 54 56 57 55 58 58 55 56 59 60 61 62 57 58 63 4 64 16 15 44 65 29 15 66 67 68 66 69 67 70 29 65 49 48 53 54 52 56 62 58 71 51 21 14 50 49 51 29 44 15 66 22 69 70 65 22 69 22 65 22 72 70 66 73 74 73 66 75 74 76 66 77 78 8 79 80 81 80 79 76 82 83 81 84 85 86 82 87 86 88 89 90 89 91 90 89 88 92 83 79 81 66 76 93 74 80 76 94 8 78 77 66 93 75 66 68 95 96 97 24 72 22 98 11 22 22 99 100 100 101 98 98 22 100 102 101 103 101 102 98 104 102 105 103 105 102 96 8 7 97 96 106 11 20 22 23 22 20 95 99 96 100 99 95 7 106 96 6 8 94 77 8 66 64 107 63 108 109 107 4 63 5 107 109 63 60 3 61 3 5 61 109 110 62 71 60 59 57 62 110 71 59 62 110 109 108 91 111 112 88 85 92 84 113 85 92 85 113 112 111 83 86 87 84 83 111 79 82 86 83 90 91 112 114 115 116 114 117 115 118 119 120 118 121 119 122 123 124 122 125 123 126 127 128 126 129 127 130 131 132 130 133 131 134 135 136 134 137 135 138 139 140 138 141 139 142 143 144 142 145 143 146 147 148 146 149 147 150 151 152 150 153 151 154 155 156 154 157 155 158 159 160 158 161 159 162 163 164 162 165 163 166 167 168 166 169 167 170 171 172 170 173 171 174 175 176 174 177 175 178 179 180 178 181 179 182 183 184 182 185 183 186 187 188 186 189 187 190 191 192 190 193 191 194 195 196 197 198 194 199 194 200 194 196 200 201 194 199 202 203 204 201 197 194 205 206 207 208 209 210 211 212 213 214 215 203 204 203 215 209 208 216 217 215 214 218 219 216 219 209 216 220 221 222 218 223 219 224 225 226 227 228 229 230 229 228 231 226 232 233 234 235 236 237 238 239 240 241 242 243 244 245 246 247 248 249 241 250 251 252 253 254 251 246 213 255 256 252 245 257 258 239 259 260 254 261 249 262 263 264 261 265 266 267 268 257 269 270 271 260 272 273 274 275 276 277 237 278 279 280 238 281 279 278 232 282 283 284 285 286 287 288 289 290 291 292 293 294 295 296 297 298 299 300 297 299 301 302 303 299 304 305 306 307 308 309 310 311 312 313 308 314 308 313 312 315 313 312 316 315 317 318 319 320 321 310 309 305 304 289 288 322 320 310 304 323 324 325 326 327 328 326 321 327 329 330 326 331 332 326 326 332 329 320 327 321 326 328 331 230 333 229 333 230 224 274 225 334 226 225 274 333 224 335 274 334 272 336 337 338 226 231 339 340 214 341 291 198 342 342 292 291 198 197 342 343 344 235 278 237 236 345 346 347 279 232 226 348 325 349 228 227 323 253 259 254 350 351 352 236 238 280 273 353 354 354 238 273 353 273 272 355 356 357 338 337 349 298 358 294 359 341 291 338 302 336 360 361 362 363 292 364 365 301 303 251 250 253 366 367 288 256 250 252 295 368 296 247 256 245 369 370 371 246 255 247 372 370 373 255 213 212 344 374 375 269 212 211 376 377 375 374 376 375 378 379 242 380 381 382 383 384 380 385 386 383 386 387 383 388 266 389 265 390 385 265 389 266 261 264 267 266 261 267 263 261 262 262 249 248 248 241 240 240 239 258 258 257 268 268 269 211 260 259 270 271 270 391 275 277 391 271 391 277 276 275 392 351 392 352 275 352 392 352 280 350 238 354 281 280 281 350 388 393 394 386 385 390 395 380 396 384 383 387 382 396 380 384 347 380 396 394 395 394 393 395 393 388 389 265 385 389 210 205 208 397 398 223 206 340 207 206 205 210 217 214 340 217 340 206 291 341 214 293 359 291 363 293 292 366 364 367 367 364 292 290 366 288 322 361 289 399 400 317 362 368 360 362 361 322 400 401 402 345 402 403 296 368 362 404 295 294 319 318 365 358 404 294 314 369 405 308 405 306 297 358 298 307 311 310 305 300 299 310 309 304 308 307 310 308 314 405 369 371 405 370 372 371 234 233 373 373 233 372 343 235 234 374 344 343 380 346 381 377 356 355 356 377 376 244 357 356 406 378 382 379 243 242 243 357 244 378 406 379 381 406 382 347 346 380 403 346 345 401 403 402 399 401 400 319 399 317 303 319 365 302 301 336 349 337 348 349 325 324 324 323 227 224 226 335 407 339 231 226 339 335 407 220 222 222 339 407 285 221 220 287 286 408 285 220 286 284 283 408 287 408 283 284 398 282 223 218 397 398 397 282 409 410 411 412 413 414 415 416 417 418 419 420 421 415 419 422 423 424 425 426 427 428 429 430 431 432 433 434 431 435 436 437 438 437 439 433 440 441 442 438 442 443 444 445 446 440 444 446 432 431 434 447 445 448 449 450 451 452 427 453 448 445 444 448 454 447 442 444 440 443 442 441 436 438 443 439 437 436 437 433 432 455 434 435 456 457 458 459 460 461 459 430 429 422 462 463 459 463 460 464 465 466 467 468 469 470 471 472 473 474 464 475 471 470 476 477 478 477 479 480 481 482 483 476 478 483 482 481 451 450 482 451 450 449 484 484 485 486 486 487 488 488 484 486 489 490 491 489 488 490 492 489 491 490 488 487 449 485 484 482 476 483 493 494 495 477 480 478 496 497 498 499 500 501 502 479 503 504 505 506 507 508 509 510 511 417 411 466 409 512 410 513 514 515 511 513 516 517 515 518 519 517 519 518 520 521 522 506 505 473 502 523 524 525 477 493 526 509 508 527 509 526 508 468 467 507 468 508 467 423 422 469 423 467 424 462 422 425 457 456 462 460 463 461 430 459 452 429 428 452 453 429 528 458 457 425 427 457 529 415 530 531 532 530 416 415 421 417 533 510 417 416 533 511 510 514 515 514 518 519 517 516 513 517 512 410 512 411 466 411 464 474 465 464 505 474 473 506 522 534 534 504 506 520 535 521 522 521 534 414 535 536 520 536 535 414 413 499 414 536 412 537 499 538 499 413 538 539 537 471 527 540 541 542 539 471 475 542 471 537 543 544 539 543 537 545 499 544 537 544 499 499 545 500 497 499 546 501 546 499 547 497 548 497 546 548 549 497 550 497 547 550 497 549 498 497 551 552 496 551 497 553 493 552 497 552 493 494 493 553 495 554 493 555 556 493 493 557 558 554 557 493 558 555 493 559 477 525 525 493 556 477 560 479 560 477 559 479 561 562 560 561 479 503 523 502 562 503 479 540 502 524 527 526 540 540 526 502 541 563 527 564 472 563 527 563 472 470 472 564 434 565 566 427 426 453 567 568 569 455 570 571 453 572 573 572 453 426 573 574 575 572 574 573 573 570 455 575 570 573 455 576 565 571 576 455 455 565 434 577 568 566 434 566 568 578 568 579 568 577 579 580 568 581 568 578 581 568 582 569 568 580 582 530 568 583 567 583 568 584 530 585 530 583 585 532 586 530 530 584 531 530 587 588 586 587 530 530 589 529 588 589 530 529 590 415 415 591 420 590 591 415 418 592 419 415 420 419 593 528 592 419 592 528 458 528 594 528 593 594 595 596 597 598 599 600 597 601 602 597 602 595 596 603 604 595 603 596 604 603 605 606 604 605 607 608 606 607 606 605 609 608 610 608 609 606 611 612 610 613 614 615 615 616 617 618 619 614 614 620 618 619 618 621 622 619 621 622 623 624 625 623 622 626 623 627 623 626 624 620 614 613 621 625 622 616 628 617 617 613 615 629 630 631 632 633 634 635 636 632 633 637 638 636 639 640 641 642 616 643 633 644 645 609 646 647 610 612 648 649 650 609 647 646 610 647 609 609 644 633 645 644 609 643 637 633 634 633 638 635 632 651 651 632 634 639 636 635 650 649 640 649 636 640 616 652 628 653 654 648 653 648 650 654 631 630 654 630 648 629 655 656 631 655 629 629 657 658 656 657 629 616 658 641 629 658 616 616 659 660 642 659 616 660 652 616 628 661 662 652 661 628 600 628 663 662 663 628 664 600 665 600 663 665 666 600 667 600 664 667 600 599 610 600 666 598 611 610 668 610 599 668 669 670 671 669 672 670 673 674 675 673 676 674 677 678 679 680 681 682 683 684 685 686 687 688 689 690 688 691 692 693 694 689 695 696 697 698 699 700 701 702 703 696 704 705 706 678 677 703 707 708 709 709 679 707 710 711 712 710 708 713 713 711 710 677 679 709 713 708 707 696 703 677 714 702 715 702 714 716 717 718 692 719 690 689 716 686 702 720 719 680 719 720 690 680 682 721 720 680 721 722 682 681 722 684 683 684 722 681 684 723 685 723 724 685 685 724 725 726 727 728 726 729 727 686 730 731 716 730 686 686 732 733 731 732 686 734 687 686 733 734 686 688 735 736 687 735 688 688 737 738 736 737 688 739 689 738 688 738 689 689 739 695 689 717 692 694 717 689 718 693 692 740 700 692 740 692 691 701 700 740 727 729 699 729 700 699 726 728 741 741 742 743 743 726 741 743 744 745 744 743 742 705 745 746 744 746 745 706 705 747 705 746 747 704 748 705 696 705 749 748 749 705 697 696 750 696 749 750 696 698 702 715 702 751 702 698 751 752 753 754 755 753 752 756 755 752 757 753 755 752 754 758 759 758 760 754 760 758 759 761 758 762 763 764 765 766 762 767 768 769 764 769 765 762 764 765 767 770 768 771 770 767 769 764 767 772 773 774 775 773 772 776 775 772 777 773 775 772 774 778 779 778 780 774 780 778 779 781 778 782 783 784 785 786 782 787 788 789 784 789 785 782 784 785 787 790 788 791 790 787 789 784 787 792 793 794 795 796 797 793 798 799 798 793 792 800 799 801 798 801 799 802 803 800 800 801 802 803 804 805 804 803 802 806 805 807 804 807 805 808 809 806 806 807 808 809 810 811 810 809 808 812 811 813 810 813 811 814 815 812 812 813 814 792 794 816 817 818 816 816 794 817 818 819 820 819 818 817 821 820 822 819 822 820 823 824 821 821 822 823 824 825 826 825 824 823 827 826 828 825 828 826 829 830 827 827 828 829 830 831 832 831 830 829 831 797 832 832 797 796 833 834 835 836 837 838 839 840 841 842 843 844 845 846 847 848 849 850 851 852 853 854 855 856 857 858 859 860 861 858 862 863 857 857 859 862 863 864 865 864 863 862 866 865 867 864 867 865 815 814 866 866 867 815 851 861 860 858 861 859 852 854 853 860 852 851 856 855 846 853 854 856 845 847 849 846 855 847 841 848 850 848 845 849 844 840 839 839 841 850 842 833 843 844 843 840 834 837 835 842 834 833 836 838 795 835 837 836 796 795 838 1240 1241 1242 1243 1244 1245 1246 1247 1248 1249 1250 1251 1252 1253 1254 1255 1256 1257 1258 1259 1260 1261 1262 1263 1264 1265 1266 1267 1268 1269 1270 1271 1272 1273 1274 1275 1276 1277 1278 1279 1280 1281 1282 1283 1284 1285 1286 1287 1288 1289 1290 1291 1292 1293 1294 1295 1296 1297 1298 1299 1299 1293 1297 1300 1301 1298 1299 1298 1301 1302 1300 1303 1300 1302 1301 1303 1304 1305 1305 1302 1303 1306 1307 1304 1305 1304 1307 1308 1306 1309 1306 1308 1307 1309 1310 1311 1311 1308 1309 1312 1313 1310 1311 1310 1313 1241 1312 1242 1312 1241 1313 1292 1291 1296 1293 1292 1297 1286 1295 1294 1294 1296 1291 1289 1285 1287 1285 1295 1286 1288 1290 1279 1289 1287 1290 1281 1280 1282 1288 1279 1281 1283 1275 1284 1280 1283 1282 1273 1278 1274 1275 1274 1284 1268 1277 1276 1276 1278 1273 1271 1267 1269 1267 1277 1268 1270 1272 1261 1271 1269 1272 1263 1262 1264 1270 1261 1263 1265 1257 1266 1262 1265 1264 1255 1260 1256 1257 1256 1266 1250 1259 1258 1258 1260 1255 1253 1249 1251 1249 1259 1250 1252 1254 1243 1253 1251 1254 1245 1244 1248 1252 1243 1245 1246 1240 1247 1244 1246 1248 1242 1247 1240 1314 1315 1316 1317 1318 1319 1317 1320 1318 1321 1319 1322 1318 1322 1319 1323 1324 1321 1321 1322 1323 1324 1325 1326 1325 1324 1323 1327 1328 1329 1325 1330 1326 1331 1332 1333 1334 1335 1336 1337 1338 1339 1340 1341 1342 1343 1344 1345 1346 1347 1348 1349 1350 1346 1350 1349 1341 1346 1348 1349 1343 1340 1342 1340 1350 1341 1344 1343 1342 1337 1345 1338 1338 1345 1344 1333 1332 1339 1339 1332 1337 1334 1336 1331 1333 1334 1331 1335 1315 1314 1336 1335 1314 1316 1328 1327 1316 1315 1328 1326 1330 1329 1330 1327 1329 1351 1352 1353 1354 1355 1356 1357 1358 1359 1360 1361 1362 1363 1364 1365 1366 1367 1368 1369 1370 1371 1372 1373 1374 1375 1376 1377 1378 1379 1380 1381 1382 1383 1384 1385 1386 1387 1388 1389 1390 1391 1392 1393 1394 1395 1396 1397 1398 1399 1400 1401 1402 1403 1404 1405 1406 1407 1408 1409 1410 1410 1404 1408 1411 1412 1409 1410 1409 1412 1413 1411 1414 1411 1413 1412 1414 1415 1416 1416 1413 1414 1417 1418 1415 1416 1415 1418 1419 1417 1420 1417 1419 1418 1420 1421 1422 1422 1419 1420 1423 1424 1421 1422 1421 1424 1352 1423 1353 1423 1352 1424 1403 1402 1407 1404 1403 1408 1397 1406 1405 1405 1407 1402 1400 1396 1398 1396 1406 1397 1399 1401 1390 1400 1398 1401 1392 1391 1393 1399 1390 1392 1394 1386 1395 1391 1394 1393 1384 1389 1385 1386 1385 1395 1379 1388 1387 1387 1389 1384 1382 1378 1380 1378 1388 1379 1381 1383 1372 1382 1380 1383 1374 1373 1375 1381 1372 1374 1376 1368 1377 1373 1376 1375 1366 1371 1367 1368 1367 1377 1361 1370 1369 1369 1371 1366 1364 1360 1362 1360 1370 1361 1363 1365 1354 1364 1362 1365 1356 1355 1359 1363 1354 1356 1357 1351 1358 1355 1357 1359 1353 1358 1351 1425 1426 1427 1428 1429 1430 1428 1431 1429 1432 1430 1433 1429 1433 1430 1434 1435 1432 1432 1433 1434 1435 1436 1437 1436 1435 1434 1438 1439 1440 1436 1441 1437 1442 1443 1444 1445 1446 1447 1448 1449 1450 1451 1452 1453 1454 1455 1456 1457 1458 1459 1460 1461 1457 1461 1460 1452 1457 1459 1460 1454 1451 1453 1451 1461 1452 1455 1454 1453 1448 1456 1449 1449 1456 1455 1444 1443 1450 1450 1443 1448 1445 1447 1442 1444 1445 1442 1446 1426 1425 1447 1446 1425 1427 1439 1438 1427 1426 1439 1437 1441 1440 1441 1438 1440 1462 1463 1464 1465 1466 1467 1468 1469 1470 1471 1472 1473 1474 1475 1476 1477 1478 1479 1480 1481 1482 1483 1484 1485 1486 1487 1488 1489 1490 1491 1492 1493 1494 1495 1496 1497 1498 1499 1500 1501 1502 1503 1504 1505 1506 1507 1508 1509 1510 1511 1512 1513 1514 1515 1516 1517 1518 1519 1520 1521 1521 1515 1519 1522 1523 1520 1521 1520 1523 1524 1522 1525 1522 1524 1523 1525 1526 1527 1527 1524 1525 1528 1529 1526 1527 1526 1529 1530 1528 1531 1528 1530 1529 1531 1532 1533 1533 1530 1531 1534 1535 1532 1533 1532 1535 1463 1534 1464 1534 1463 1535 1514 1513 1518 1515 1514 1519 1508 1517 1516 1516 1518 1513 1511 1507 1509 1507 1517 1508 1510 1512 1501 1511 1509 1512 1503 1502 1504 1510 1501 1503 1505 1497 1506 1502 1505 1504 1495 1500 1496 1497 1496 1506 1490 1499 1498 1498 1500 1495 1493 1489 1491 1489 1499 1490 1492 1494 1483 1493 1491 1494 1485 1484 1486 1492 1483 1485 1487 1479 1488 1484 1487 1486 1477 1482 1478 1479 1478 1488 1472 1481 1480 1480 1482 1477 1475 1471 1473 1471 1481 1472 1474 1476 1465 1475 1473 1476 1467 1466 1470 1474 1465 1467 1468 1462 1469 1466 1468 1470 1464 1469 1462 1536 1537 1538 1539 1540 1541 1539 1542 1540 1543 1541 1544 1540 1544 1541 1545 1546 1543 1543 1544 1545 1546 1547 1548 1547 1546 1545 1549 1550 1551 1547 1552 1548 1553 1554 1555 1556 1557 1558 1559 1560 1561 1562 1563 1564 1565 1566 1567 1568 1569 1570 1571 1572 1568 1572 1571 1563 1568 1570 1571 1565 1562 1564 1562 1572 1563 1566 1565 1564 1559 1567 1560 1560 1567 1566 1555 1554 1561 1561 1554 1559 1556 1558 1553 1555 1556 1553 1557 1537 1536 1558 1557 1536 1538 1550 1549 1538 1537 1550 1548 1552 1551 1552 1549 1551 2050 2051 2052 2053 2054 2055 2052 2056 2057 2058 2059 2060 2061 2062 2057 2051 2060 2063 2061 2056 2064 2065 2056 2051 2066 2061 2067 2068 2069 2070 2071 2068 2066 2072 2073 2069 2068 2074 2072 2075 2073 2076 2076 2072 2077 2078 2079 2075 2078 2076 2080 2078 2081 2082 2083 2084 2085 2086 2084 2087 2088 2079 2082 2089 2090 2091 2088 2092 2093 2094 2095 2096 2097 2087 2098 2099 2100 2090 2101 2098 2102 2103 2104 2105 2106 2090 2107 2108 2081 2080 2109 2110 2111 2112 2113 2114 2109 2111 2115 2116 2117 2118 2119 2120 2121 2122 2113 2123 2116 2121 2120 2124 2058 2125 2066 2070 2062 2126 2127 2125 2128 2060 2050 2126 2129 2130 2128 2131 2058 2132 2129 2133 2125 2131 2134 2135 2136 2133 2137 2126 2134 2129 2137 2138 2133 2138 2139 2135 2140 2141 2135 2139 2142 2143 2140 2144 2142 2145 2140 2146 2147 2144 2145 2148 2144 2146 2149 2150 2151 2146 2148 2152 2149 2153 2154 2149 2151 2155 2156 2153 2153 2154 2157 2155 2158 2159 2160 2155 2157 2161 2158 2162 2160 2163 2158 2164 2165 2162 2163 2166 2162 2164 2167 2168 2164 2166 2169 2170 2167 2054 2055 2167 2169 2171 2172 2054 2173 2174 2175 2171 2175 2176 2177 2178 2179 2180 2181 2175 2182 2085 2177 2178 2180 2179 2182 2177 2179 2173 2175 2181 2085 2183 2083 2174 2173 2184 2185 2117 2186 2187 2184 2185 2180 2171 2053 2185 2186 2187 2174 2184 2187 2117 2188 2186 2189 2190 2188 2117 2116 2188 2190 2191 2188 2189 2116 2120 2189 2188 2116 2191 2190 2192 2193 2194 2195 2196 2197 2198 2186 2191 2197 2196 2176 2174 2196 2187 2197 2199 2182 2179 2187 2196 2174 2174 2176 2175 2182 2200 2183 2181 2180 2178 2171 2180 2175 2201 2083 2183 2053 2199 2179 2085 2182 2183 2182 2199 2200 2201 2183 2202 2188 2191 2186 2195 2203 2192 2203 2195 2194 2186 2197 2187 2203 2198 2197 2204 2172 2176 2204 2196 2198 2205 2200 2199 2204 2176 2196 2176 2172 2171 2200 2206 2202 2180 2053 2179 2054 2053 2171 2201 2202 2207 2055 2205 2199 2183 2200 2202 2200 2205 2206 2207 2202 2208 2197 2191 2203 2192 2203 2191 2193 2209 2194 2198 2210 2204 2198 2194 2210 2211 2170 2172 2211 2204 2210 2212 2206 2205 2211 2172 2204 2172 2170 2054 2206 2213 2208 2053 2055 2199 2167 2055 2054 2207 2208 2214 2169 2212 2205 2202 2206 2208 2206 2212 2213 2214 2208 2215 2194 2198 2203 2216 2209 2193 2217 2218 2219 2220 2221 2222 2210 2209 2223 2224 2168 2170 2224 2211 2223 2225 2213 2212 2224 2170 2211 2170 2168 2167 2213 2226 2215 2055 2169 2205 2164 2169 2167 2214 2215 2227 2166 2225 2212 2208 2213 2215 2213 2225 2226 2227 2215 2228 2194 2209 2210 2217 2229 2216 2230 2231 2232 2210 2223 2211 2229 2221 2223 2220 2165 2168 2220 2224 2221 2233 2226 2225 2220 2168 2224 2164 2168 2165 2226 2234 2228 2169 2166 2212 2166 2164 2162 2227 2228 2235 2163 2233 2225 2215 2226 2228 2226 2233 2234 2235 2228 2236 2223 2209 2229 2216 2229 2209 2219 2218 2237 2223 2221 2224 2219 2222 2221 2238 2161 2165 2238 2220 2222 2234 2233 2239 2238 2165 2220 2162 2165 2161 2234 2240 2236 2166 2163 2225 2163 2162 2158 2235 2236 2241 2160 2239 2233 2228 2234 2236 2234 2239 2240 2241 2236 2242 2221 2229 2219 2217 2219 2229 2243 2237 2244 2222 2245 2238 2222 2237 2245 2246 2159 2161 2246 2238 2245 2240 2239 2247 2246 2161 2238 2158 2161 2159 2240 2248 2242 2163 2160 2233 2160 2158 2155 2241 2242 2249 2157 2247 2239 2236 2240 2242 2240 2247 2248 2249 2242 2250 2219 2237 2222 2218 2244 2237 2251 2243 2252 2253 2254 2255 2245 2243 2256 2257 2156 2159 2246 2245 2256 2248 2247 2258 2246 2257 2159 2159 2156 2155 2259 2250 2248 2160 2157 2239 2153 2157 2155 2249 2250 2260 2154 2258 2247 2242 2248 2250 2248 2258 2259 2260 2250 2261 2237 2243 2245 2244 2252 2243 2251 2230 2232 2246 2256 2257 2256 2251 2262 2263 2152 2156 2257 2256 2262 2264 2259 2258 2263 2156 2257 2153 2156 2152 2259 2265 2261 2157 2154 2247 2154 2153 2149 2261 2250 2259 2151 2264 2258 2264 2265 2259 2266 2261 2267 2261 2266 2260 2243 2251 2256 2252 2230 2251 2268 2269 2270 2257 2262 2263 2231 2271 2272 2273 2150 2152 2273 2263 2274 2265 2264 2275 2273 2152 2263 2152 2150 2149 2267 2265 2276 2154 2151 2258 2151 2149 2146 2266 2267 2277 2148 2275 2264 2261 2265 2267 2265 2275 2276 2277 2267 2278 2262 2232 2274 2232 2262 2251 2272 2271 2279 2262 2274 2263 2272 2253 2274 2255 2147 2150 2273 2274 2253 2276 2275 2280 2255 2150 2273 2146 2150 2147 2276 2281 2278 2151 2148 2264 2148 2146 2144 2278 2267 2276 2145 2280 2275 2280 2281 2276 2282 2278 2283 2278 2282 2277 2274 2232 2272 2231 2272 2232 2279 2284 2285 2273 2253 2255 2279 2254 2253 2286 2143 2147 2286 2255 2254 2281 2280 2287 2286 2147 2255 2147 2143 2144 2283 2281 2288 2148 2145 2275 2145 2144 2140 2282 2283 2289 2142 2287 2280 2278 2281 2283 2281 2287 2288 2289 2283 2290 2272 2279 2253 2271 2284 2279 2291 2285 2292 2293 2294 2295 2254 2285 2296 2297 2141 2143 2286 2254 2296 2288 2287 2298 2297 2143 2286 2140 2143 2141 2288 2299 2290 2145 2142 2280 2142 2140 2135 2290 2283 2288 2139 2298 2287 2298 2299 2288 2300 2290 2301 2290 2300 2289 2279 2285 2254 2284 2292 2285 2291 2302 2303 2286 2296 2297 2291 2304 2296 2305 2136 2141 2297 2296 2304 2299 2298 2306 2297 2305 2141 2141 2136 2135 2307 2301 2299 2142 2139 2287 2139 2135 2133 2300 2301 2308 2138 2306 2298 2290 2299 2301 2307 2299 2306 2308 2301 2309 2285 2291 2296 2292 2302 2291 2303 2310 2311 2297 2304 2305 2304 2303 2312 2313 2132 2136 2305 2304 2312 2307 2306 2314 2313 2136 2305 2136 2132 2133 2315 2309 2307 2139 2138 2298 2129 2138 2133 2316 2308 2309 2137 2314 2306 2301 2307 2309 2307 2314 2315 2316 2309 2317 2291 2303 2304 2302 2310 2303 2311 2318 2319 2305 2312 2313 2311 2320 2312 2321 2130 2132 2313 2312 2320 2322 2315 2314 2313 2321 2132 2132 2130 2129 2315 2323 2317 2138 2137 2306 2137 2129 2126 2315 2322 2323 2134 2322 2314 2317 2324 2325 2316 2317 2325 2309 2315 2317 2303 2311 2312 2310 2318 2311 2319 2268 2270 2313 2320 2321 2320 2319 2326 2327 2127 2130 2321 2320 2326 2323 2322 2328 2327 2130 2321 2130 2127 2126 2329 2324 2323 2137 2134 2314 2125 2134 2126 2330 2325 2324 2328 2322 2131 2317 2323 2324 2329 2323 2328 2330 2324 2331 2311 2319 2320 2318 2268 2319 2332 2333 2334 2321 2326 2327 2269 2333 2335 2336 2124 2127 2327 2326 2337 2338 2329 2328 2327 2336 2127 2127 2124 2125 2339 2331 2329 2134 2131 2322 2131 2125 2058 2340 2331 2341 2338 2328 2128 2338 2339 2329 2330 2331 2340 2324 2329 2331 2326 2270 2337 2270 2326 2319 2334 2342 2343 2327 2337 2336 2337 2335 2344 2345 2059 2124 2336 2337 2344 2339 2338 2346 2336 2345 2124 2058 2124 2059 2347 2341 2339 2131 2128 2328 2128 2058 2060 2348 2341 2349 2050 2346 2338 2346 2347 2339 2340 2341 2348 2331 2339 2341 2337 2270 2335 2269 2335 2270 2342 2350 2351 2336 2344 2345 2332 2293 2344 2295 2063 2059 2295 2345 2293 2347 2346 2352 2345 2295 2059 2059 2063 2060 2353 2349 2347 2128 2050 2338 2051 2050 2060 2354 2348 2349 2052 2352 2346 2341 2347 2349 2347 2352 2353 2354 2349 2355 2344 2335 2332 2333 2332 2335 2343 2342 2351 2344 2293 2345 2343 2294 2293 2356 2065 2063 2356 2295 2294 2357 2353 2352 2356 2063 2295 2051 2063 2065 2353 2358 2355 2050 2052 2346 2056 2052 2051 2355 2349 2353 2057 2357 2352 2353 2357 2358 2359 2355 2360 2355 2359 2354 2293 2332 2343 2334 2343 2332 2361 2362 2363 2294 2364 2356 2294 2351 2364 2365 2064 2065 2365 2356 2364 2366 2358 2357 2365 2065 2356 2056 2065 2064 2367 2360 2358 2052 2057 2352 2057 2056 2061 2368 2360 2369 2062 2366 2357 2366 2367 2358 2359 2360 2368 2355 2358 2360 2351 2294 2343 2361 2370 2350 2371 2362 2372 2373 2374 2375 2364 2370 2376 2377 2067 2064 2365 2364 2376 2367 2366 2378 2365 2377 2064 2061 2064 2067 2367 2379 2369 2057 2062 2357 2062 2061 2066 2380 2368 2369 2070 2378 2366 2360 2367 2369 2367 2378 2379 2380 2369 2381 2364 2351 2370 2350 2370 2351 2382 2383 2384 2365 2376 2377 2363 2373 2376 2375 2071 2067 2375 2377 2373 2379 2378 2385 2377 2375 2067 2067 2071 2066 2386 2381 2379 2062 2070 2366 2068 2070 2066 2380 2381 2387 2069 2385 2378 2369 2379 2381 2379 2385 2386 2387 2381 2388 2376 2370 2363 2361 2363 2370 2371 2372 2389 2376 2373 2377 2371 2374 2373 2390 2074 2071 2390 2375 2374 2391 2386 2385 2390 2071 2375 2068 2071 2074 2386 2392 2388 2070 2069 2378 2072 2069 2068 2388 2381 2386 2073 2391 2385 2386 2391 2392 2393 2388 2394 2388 2393 2387 2373 2363 2371 2362 2371 2363 2395 2396 2383 2397 2398 2399 2374 2389 2400 2401 2077 2074 2390 2374 2400 2402 2392 2391 2390 2401 2074 2072 2074 2077 2403 2394 2392 2069 2073 2385 2073 2072 2076 2404 2394 2405 2075 2402 2391 2402 2403 2392 2393 2394 2404 2388 2392 2394 2371 2389 2374 2372 2382 2389 2406 2407 2408 2390 2400 2401 2400 2384 2397 2399 2080 2077 2401 2400 2397 2403 2402 2409 2401 2399 2077 2077 2080 2076 2410 2405 2403 2073 2075 2391 2078 2075 2076 2411 2404 2405 2079 2409 2402 2394 2403 2405 2403 2409 2410 2411 2405 2412 2400 2389 2384 2382 2384 2389 2396 2395 2413 2401 2397 2399 2396 2398 2397 2110 2081 2414 2398 2108 2399 2415 2410 2409 2108 2080 2399 2080 2081 2078 2416 2412 2410 2075 2079 2402 2082 2079 2078 2412 2405 2410 2088 2415 2409 2410 2415 2416 2417 2412 2418 2412 2417 2411 2397 2384 2396 2383 2396 2384 2407 2413 2408 2108 2398 2419 2413 2419 2398 2110 2092 2082 2414 2108 2419 2089 2416 2415 2414 2081 2108 2110 2082 2081 2091 2418 2416 2079 2088 2409 2092 2088 2082 2091 2416 2089 2093 2089 2415 2418 2420 2421 2417 2418 2421 2412 2416 2418 2396 2413 2398 2395 2408 2413 2422 2423 2406 2114 2423 2422 2419 2407 2424 2109 2103 2092 2414 2419 2424 2103 2099 2093 2414 2111 2110 2110 2109 2092 2106 2420 2091 2088 2093 2415 2093 2092 2103 2425 2420 2426 2099 2090 2089 2090 2106 2091 2421 2420 2425 2418 2091 2420 2413 2407 2419 2406 2423 2407 2114 2422 2112 2414 2424 2111 2423 2427 2424 2103 2109 2104 2427 2115 2111 2099 2103 2105 2115 2104 2109 2428 2107 2429 2428 2426 2106 2093 2099 2089 2099 2105 2100 2430 2425 2426 2100 2107 2090 2420 2106 2426 2106 2107 2428 2430 2426 2431 2424 2407 2423 2432 2433 2434 2115 2435 2104 2424 2427 2111 2112 2123 2113 2104 2436 2105 2437 2435 2115 2105 2438 2100 2435 2436 2104 2100 2439 2107 2438 2105 2436 2428 2095 2431 2439 2100 2438 2431 2426 2428 2439 2429 2107 2428 2429 2095 2440 2431 2094 2431 2440 2430 2427 2423 2114 2427 2114 2437 2435 2433 2436 2427 2437 2115 2113 2441 2437 2436 2432 2438 2441 2433 2435 2438 2442 2439 2433 2432 2436 2439 2443 2429 2432 2442 2438 2444 2095 2429 2439 2442 2443 2102 2094 2101 2429 2443 2444 2444 2096 2095 2440 2094 2102 2431 2095 2094 2113 2437 2114 2122 2123 2119 2445 2442 2432 2437 2441 2435 2122 2446 2441 2447 2443 2442 2446 2434 2433 2448 2444 2443 2434 2445 2432 2449 2096 2444 2445 2447 2442 2450 2101 2096 2447 2448 2443 2101 2450 2097 2449 2444 2448 2094 2096 2101 2096 2449 2450 2098 2101 2097 2441 2113 2122 2121 2118 2446 2118 2451 2434 2441 2446 2433 2118 2434 2446 2451 2452 2445 2451 2445 2434 2452 2453 2447 2452 2447 2445 2453 2454 2448 2453 2448 2447 2454 2455 2449 2454 2449 2448 2455 2456 2450 2455 2450 2449 2097 2456 2086 2097 2450 2456 2087 2097 2086 2122 2119 2121 2446 2122 2121 2451 2117 2185 2116 2118 2121 2452 2185 2184 2117 2451 2118 2453 2184 2173 2185 2452 2451 2454 2173 2181 2184 2453 2452 2455 2181 2178 2173 2454 2453 2456 2178 2177 2181 2455 2454 2086 2177 2085 2178 2456 2455 2085 2084 2086 2177 2086 2456 2457 2458 2459 2460 2461 2462 2459 2463 2464 2465 2466 2467 2468 2469 2464 2458 2467 2470 2468 2463 2471 2472 2463 2458 2473 2468 2474 2475 2476 2477 2478 2475 2473 2479 2480 2476 2475 2481 2479 2482 2480 2483 2483 2479 2484 2485 2486 2482 2485 2483 2487 2485 2488 2489 2490 2491 2492 2493 2491 2494 2495 2486 2489 2496 2497 2498 2495 2499 2500 2501 2502 2503 2504 2494 2505 2506 2507 2497 2508 2505 2509 2510 2511 2512 2513 2497 2514 2515 2488 2487 2516 2517 2518 2519 2520 2521 2516 2518 2522 2523 2524 2525 2526 2527 2528 2529 2520 2530 2523 2528 2527 2531 2465 2532 2473 2477 2469 2533 2534 2532 2535 2467 2457 2533 2536 2537 2535 2538 2465 2539 2536 2540 2532 2538 2541 2542 2543 2540 2544 2533 2541 2536 2544 2545 2540 2545 2546 2542 2547 2548 2542 2546 2549 2550 2547 2551 2549 2552 2547 2553 2554 2551 2552 2555 2551 2553 2556 2557 2558 2553 2555 2559 2556 2560 2561 2556 2558 2562 2563 2560 2560 2561 2564 2562 2565 2566 2567 2562 2564 2568 2565 2569 2567 2570 2565 2571 2572 2569 2570 2573 2569 2571 2574 2575 2571 2573 2576 2577 2574 2461 2462 2574 2576 2578 2579 2461 2580 2581 2582 2578 2582 2583 2584 2585 2586 2587 2588 2582 2589 2492 2584 2585 2587 2586 2589 2584 2586 2580 2582 2588 2492 2590 2490 2581 2580 2591 2592 2524 2593 2594 2591 2592 2587 2578 2460 2592 2593 2594 2581 2591 2594 2524 2595 2593 2596 2597 2595 2524 2523 2595 2597 2598 2595 2596 2523 2527 2596 2595 2523 2598 2597 2599 2600 2601 2602 2603 2604 2605 2593 2598 2604 2603 2583 2581 2603 2594 2604 2606 2589 2586 2594 2603 2581 2581 2583 2582 2589 2607 2590 2588 2587 2585 2578 2587 2582 2608 2490 2590 2460 2606 2586 2492 2589 2590 2589 2606 2607 2608 2590 2609 2595 2598 2593 2602 2610 2599 2610 2602 2601 2593 2604 2594 2610 2605 2604 2611 2579 2583 2611 2603 2605 2612 2607 2606 2611 2583 2603 2583 2579 2578 2607 2613 2609 2587 2460 2586 2461 2460 2578 2608 2609 2614 2462 2612 2606 2590 2607 2609 2607 2612 2613 2614 2609 2615 2604 2598 2610 2599 2610 2598 2600 2616 2601 2605 2617 2611 2605 2601 2617 2618 2577 2579 2618 2611 2617 2619 2613 2612 2618 2579 2611 2579 2577 2461 2613 2620 2615 2460 2462 2606 2574 2462 2461 2614 2615 2621 2576 2619 2612 2609 2613 2615 2613 2619 2620 2621 2615 2622 2601 2605 2610 2623 2616 2600 2624 2625 2626 2627 2628 2629 2617 2616 2630 2631 2575 2577 2631 2618 2630 2632 2620 2619 2631 2577 2618 2577 2575 2574 2620 2633 2622 2462 2576 2612 2571 2576 2574 2621 2622 2634 2573 2632 2619 2615 2620 2622 2620 2632 2633 2634 2622 2635 2601 2616 2617 2624 2636 2623 2637 2638 2639 2617 2630 2618 2636 2628 2630 2627 2572 2575 2627 2631 2628 2640 2633 2632 2627 2575 2631 2571 2575 2572 2633 2641 2635 2576 2573 2619 2573 2571 2569 2634 2635 2642 2570 2640 2632 2622 2633 2635 2633 2640 2641 2642 2635 2643 2630 2616 2636 2623 2636 2616 2626 2625 2644 2630 2628 2631 2626 2629 2628 2645 2568 2572 2645 2627 2629 2641 2640 2646 2645 2572 2627 2569 2572 2568 2641 2647 2643 2573 2570 2632 2570 2569 2565 2642 2643 2648 2567 2646 2640 2635 2641 2643 2641 2646 2647 2648 2643 2649 2628 2636 2626 2624 2626 2636 2650 2644 2651 2629 2652 2645 2629 2644 2652 2653 2566 2568 2653 2645 2652 2647 2646 2654 2653 2568 2645 2565 2568 2566 2647 2655 2649 2570 2567 2640 2567 2565 2562 2648 2649 2656 2564 2654 2646 2643 2647 2649 2647 2654 2655 2656 2649 2657 2626 2644 2629 2625 2651 2644 2658 2650 2659 2660 2661 2662 2652 2650 2663 2664 2563 2566 2653 2652 2663 2655 2654 2665 2653 2664 2566 2566 2563 2562 2666 2657 2655 2567 2564 2646 2560 2564 2562 2656 2657 2667 2561 2665 2654 2649 2655 2657 2655 2665 2666 2667 2657 2668 2644 2650 2652 2651 2659 2650 2658 2637 2639 2653 2663 2664 2663 2658 2669 2670 2559 2563 2664 2663 2669 2671 2666 2665 2670 2563 2664 2560 2563 2559 2666 2672 2668 2564 2561 2654 2561 2560 2556 2668 2657 2666 2558 2671 2665 2671 2672 2666 2673 2668 2674 2668 2673 2667 2650 2658 2663 2659 2637 2658 2675 2676 2677 2664 2669 2670 2638 2678 2679 2680 2557 2559 2680 2670 2681 2672 2671 2682 2680 2559 2670 2559 2557 2556 2674 2672 2683 2561 2558 2665 2558 2556 2553 2673 2674 2684 2555 2682 2671 2668 2672 2674 2672 2682 2683 2684 2674 2685 2669 2639 2681 2639 2669 2658 2679 2678 2686 2669 2681 2670 2679 2660 2681 2662 2554 2557 2680 2681 2660 2683 2682 2687 2662 2557 2680 2553 2557 2554 2683 2688 2685 2558 2555 2671 2555 2553 2551 2685 2674 2683 2552 2687 2682 2687 2688 2683 2689 2685 2690 2685 2689 2684 2681 2639 2679 2638 2679 2639 2686 2691 2692 2680 2660 2662 2686 2661 2660 2693 2550 2554 2693 2662 2661 2688 2687 2694 2693 2554 2662 2554 2550 2551 2690 2688 2695 2555 2552 2682 2552 2551 2547 2689 2690 2696 2549 2694 2687 2685 2688 2690 2688 2694 2695 2696 2690 2697 2679 2686 2660 2678 2691 2686 2698 2692 2699 2700 2701 2702 2661 2692 2703 2704 2548 2550 2693 2661 2703 2695 2694 2705 2704 2550 2693 2547 2550 2548 2695 2706 2697 2552 2549 2687 2549 2547 2542 2697 2690 2695 2546 2705 2694 2705 2706 2695 2707 2697 2708 2697 2707 2696 2686 2692 2661 2691 2699 2692 2698 2709 2710 2693 2703 2704 2698 2711 2703 2712 2543 2548 2704 2703 2711 2706 2705 2713 2704 2712 2548 2548 2543 2542 2714 2708 2706 2549 2546 2694 2546 2542 2540 2707 2708 2715 2545 2713 2705 2697 2706 2708 2714 2706 2713 2715 2708 2716 2692 2698 2703 2699 2709 2698 2710 2717 2718 2704 2711 2712 2711 2710 2719 2720 2539 2543 2712 2711 2719 2714 2713 2721 2720 2543 2712 2543 2539 2540 2722 2716 2714 2546 2545 2705 2536 2545 2540 2723 2715 2716 2544 2721 2713 2708 2714 2716 2714 2721 2722 2723 2716 2724 2698 2710 2711 2709 2717 2710 2718 2725 2726 2712 2719 2720 2718 2727 2719 2728 2537 2539 2720 2719 2727 2729 2722 2721 2720 2728 2539 2539 2537 2536 2722 2730 2724 2545 2544 2713 2544 2536 2533 2722 2729 2730 2541 2729 2721 2724 2731 2732 2723 2724 2732 2716 2722 2724 2710 2718 2719 2717 2725 2718 2726 2675 2677 2720 2727 2728 2727 2726 2733 2734 2534 2537 2728 2727 2733 2730 2729 2735 2734 2537 2728 2537 2534 2533 2736 2731 2730 2544 2541 2721 2532 2541 2533 2737 2732 2731 2735 2729 2538 2724 2730 2731 2736 2730 2735 2737 2731 2738 2718 2726 2727 2725 2675 2726 2739 2740 2741 2728 2733 2734 2676 2740 2742 2743 2531 2534 2734 2733 2744 2745 2736 2735 2734 2743 2534 2534 2531 2532 2746 2738 2736 2541 2538 2729 2538 2532 2465 2747 2738 2748 2745 2735 2535 2745 2746 2736 2737 2738 2747 2731 2736 2738 2733 2677 2744 2677 2733 2726 2741 2749 2750 2734 2744 2743 2744 2742 2751 2752 2466 2531 2743 2744 2751 2746 2745 2753 2743 2752 2531 2465 2531 2466 2754 2748 2746 2538 2535 2735 2535 2465 2467 2755 2748 2756 2457 2753 2745 2753 2754 2746 2747 2748 2755 2738 2746 2748 2744 2677 2742 2676 2742 2677 2749 2757 2758 2743 2751 2752 2739 2700 2751 2702 2470 2466 2702 2752 2700 2754 2753 2759 2752 2702 2466 2466 2470 2467 2760 2756 2754 2535 2457 2745 2458 2457 2467 2761 2755 2756 2459 2759 2753 2748 2754 2756 2754 2759 2760 2761 2756 2762 2751 2742 2739 2740 2739 2742 2750 2749 2758 2751 2700 2752 2750 2701 2700 2763 2472 2470 2763 2702 2701 2764 2760 2759 2763 2470 2702 2458 2470 2472 2760 2765 2762 2457 2459 2753 2463 2459 2458 2762 2756 2760 2464 2764 2759 2760 2764 2765 2766 2762 2767 2762 2766 2761 2700 2739 2750 2741 2750 2739 2768 2769 2770 2701 2771 2763 2701 2758 2771 2772 2471 2472 2772 2763 2771 2773 2765 2764 2772 2472 2763 2463 2472 2471 2774 2767 2765 2459 2464 2759 2464 2463 2468 2775 2767 2776 2469 2773 2764 2773 2774 2765 2766 2767 2775 2762 2765 2767 2758 2701 2750 2768 2777 2757 2778 2769 2779 2780 2781 2782 2771 2777 2783 2784 2474 2471 2772 2771 2783 2774 2773 2785 2772 2784 2471 2468 2471 2474 2774 2786 2776 2464 2469 2764 2469 2468 2473 2787 2775 2776 2477 2785 2773 2767 2774 2776 2774 2785 2786 2787 2776 2788 2771 2758 2777 2757 2777 2758 2789 2790 2791 2772 2783 2784 2770 2780 2783 2782 2478 2474 2782 2784 2780 2786 2785 2792 2784 2782 2474 2474 2478 2473 2793 2788 2786 2469 2477 2773 2475 2477 2473 2787 2788 2794 2476 2792 2785 2776 2786 2788 2786 2792 2793 2794 2788 2795 2783 2777 2770 2768 2770 2777 2778 2779 2796 2783 2780 2784 2778 2781 2780 2797 2481 2478 2797 2782 2781 2798 2793 2792 2797 2478 2782 2475 2478 2481 2793 2799 2795 2477 2476 2785 2479 2476 2475 2795 2788 2793 2480 2798 2792 2793 2798 2799 2800 2795 2801 2795 2800 2794 2780 2770 2778 2769 2778 2770 2802 2803 2790 2804 2805 2806 2781 2796 2807 2808 2484 2481 2797 2781 2807 2809 2799 2798 2797 2808 2481 2479 2481 2484 2810 2801 2799 2476 2480 2792 2480 2479 2483 2811 2801 2812 2482 2809 2798 2809 2810 2799 2800 2801 2811 2795 2799 2801 2778 2796 2781 2779 2789 2796 2813 2814 2815 2797 2807 2808 2807 2791 2804 2806 2487 2484 2808 2807 2804 2810 2809 2816 2808 2806 2484 2484 2487 2483 2817 2812 2810 2480 2482 2798 2485 2482 2483 2818 2811 2812 2486 2816 2809 2801 2810 2812 2810 2816 2817 2818 2812 2819 2807 2796 2791 2789 2791 2796 2803 2802 2820 2808 2804 2806 2803 2805 2804 2517 2488 2821 2805 2515 2806 2822 2817 2816 2515 2487 2806 2487 2488 2485 2823 2819 2817 2482 2486 2809 2489 2486 2485 2819 2812 2817 2495 2822 2816 2817 2822 2823 2824 2819 2825 2819 2824 2818 2804 2791 2803 2790 2803 2791 2814 2820 2815 2515 2805 2826 2820 2826 2805 2517 2499 2489 2821 2515 2826 2496 2823 2822 2821 2488 2515 2517 2489 2488 2498 2825 2823 2486 2495 2816 2499 2495 2489 2498 2823 2496 2500 2496 2822 2825 2827 2828 2824 2825 2828 2819 2823 2825 2803 2820 2805 2802 2815 2820 2829 2830 2813 2521 2830 2829 2826 2814 2831 2516 2510 2499 2821 2826 2831 2510 2506 2500 2821 2518 2517 2517 2516 2499 2513 2827 2498 2495 2500 2822 2500 2499 2510 2832 2827 2833 2506 2497 2496 2497 2513 2498 2828 2827 2832 2825 2498 2827 2820 2814 2826 2813 2830 2814 2521 2829 2519 2821 2831 2518 2830 2834 2831 2510 2516 2511 2834 2522 2518 2506 2510 2512 2522 2511 2516 2835 2514 2836 2835 2833 2513 2500 2506 2496 2506 2512 2507 2837 2832 2833 2507 2514 2497 2827 2513 2833 2513 2514 2835 2837 2833 2838 2831 2814 2830 2839 2840 2841 2522 2842 2511 2831 2834 2518 2519 2530 2520 2511 2843 2512 2844 2842 2522 2512 2845 2507 2842 2843 2511 2507 2846 2514 2845 2512 2843 2835 2502 2838 2846 2507 2845 2838 2833 2835 2846 2836 2514 2835 2836 2502 2847 2838 2501 2838 2847 2837 2834 2830 2521 2834 2521 2844 2842 2840 2843 2834 2844 2522 2520 2848 2844 2843 2839 2845 2848 2840 2842 2845 2849 2846 2840 2839 2843 2846 2850 2836 2839 2849 2845 2851 2502 2836 2846 2849 2850 2509 2501 2508 2836 2850 2851 2851 2503 2502 2847 2501 2509 2838 2502 2501 2520 2844 2521 2529 2530 2526 2852 2849 2839 2844 2848 2842 2529 2853 2848 2854 2850 2849 2853 2841 2840 2855 2851 2850 2841 2852 2839 2856 2503 2851 2852 2854 2849 2857 2508 2503 2854 2855 2850 2508 2857 2504 2856 2851 2855 2501 2503 2508 2503 2856 2857 2505 2508 2504 2848 2520 2529 2528 2525 2853 2525 2858 2841 2848 2853 2840 2525 2841 2853 2858 2859 2852 2858 2852 2841 2859 2860 2854 2859 2854 2852 2860 2861 2855 2860 2855 2854 2861 2862 2856 2861 2856 2855 2862 2863 2857 2862 2857 2856 2504 2863 2493 2504 2857 2863 2494 2504 2493 2529 2526 2528 2853 2529 2528 2858 2524 2592 2523 2525 2528 2859 2592 2591 2524 2858 2525 2860 2591 2580 2592 2859 2858 2861 2580 2588 2591 2860 2859 2862 2588 2585 2580 2861 2860 2863 2585 2584 2588 2862 2861 2493 2584 2492 2585 2863 2862 2492 2491 2493 2584 2493 2863 2864 2865 2866 2867 2868 2869 2866 2870 2871 2872 2873 2874 2875 2876 2871 2865 2874 2877 2875 2870 2878 2879 2870 2865 2880 2875 2881 2882 2883 2884 2885 2882 2880 2886 2887 2883 2882 2888 2886 2889 2887 2890 2890 2886 2891 2892 2893 2889 2892 2890 2894 2892 2895 2896 2897 2898 2899 2900 2898 2901 2902 2893 2896 2903 2904 2905 2902 2906 2907 2908 2909 2910 2911 2901 2912 2913 2914 2904 2915 2912 2916 2917 2918 2919 2920 2904 2921 2922 2895 2894 2923 2924 2925 2926 2927 2928 2923 2925 2929 2930 2931 2932 2933 2934 2935 2936 2927 2937 2930 2935 2934 2938 2872 2939 2880 2884 2876 2940 2941 2939 2942 2874 2864 2940 2943 2944 2942 2945 2872 2946 2943 2947 2939 2945 2948 2949 2950 2947 2951 2940 2948 2943 2951 2952 2947 2952 2953 2949 2954 2955 2949 2953 2956 2957 2954 2958 2956 2959 2954 2960 2961 2958 2959 2962 2958 2960 2963 2964 2965 2960 2962 2966 2963 2967 2968 2963 2965 2969 2970 2967 2967 2968 2971 2969 2972 2973 2974 2969 2971 2975 2972 2976 2974 2977 2972 2978 2979 2976 2977 2980 2976 2978 2981 2982 2978 2980 2983 2984 2981 2868 2869 2981 2983 2985 2986 2868 2987 2988 2989 2985 2989 2990 2991 2992 2993 2994 2995 2989 2996 2899 2991 2992 2994 2993 2996 2991 2993 2987 2989 2995 2899 2997 2897 2988 2987 2998 2999 2931 3000 3001 2998 2999 2994 2985 2867 2999 3000 3001 2988 2998 3001 2931 3002 3000 3003 3004 3002 2931 2930 3002 3004 3005 3002 3003 2930 2934 3003 3002 2930 3005 3004 3006 3007 3008 3009 3010 3011 3012 3000 3005 3011 3010 2990 2988 3010 3001 3011 3013 2996 2993 3001 3010 2988 2988 2990 2989 2996 3014 2997 2995 2994 2992 2985 2994 2989 3015 2897 2997 2867 3013 2993 2899 2996 2997 2996 3013 3014 3015 2997 3016 3002 3005 3000 3009 3017 3006 3017 3009 3008 3000 3011 3001 3017 3012 3011 3018 2986 2990 3018 3010 3012 3019 3014 3013 3018 2990 3010 2990 2986 2985 3014 3020 3016 2994 2867 2993 2868 2867 2985 3015 3016 3021 2869 3019 3013 2997 3014 3016 3014 3019 3020 3021 3016 3022 3011 3005 3017 3006 3017 3005 3007 3023 3008 3012 3024 3018 3012 3008 3024 3025 2984 2986 3025 3018 3024 3026 3020 3019 3025 2986 3018 2986 2984 2868 3020 3027 3022 2867 2869 3013 2981 2869 2868 3021 3022 3028 2983 3026 3019 3016 3020 3022 3020 3026 3027 3028 3022 3029 3008 3012 3017 3030 3023 3007 3031 3032 3033 3034 3035 3036 3024 3023 3037 3038 2982 2984 3038 3025 3037 3039 3027 3026 3038 2984 3025 2984 2982 2981 3027 3040 3029 2869 2983 3019 2978 2983 2981 3028 3029 3041 2980 3039 3026 3022 3027 3029 3027 3039 3040 3041 3029 3042 3008 3023 3024 3031 3043 3030 3044 3045 3046 3024 3037 3025 3043 3035 3037 3034 2979 2982 3034 3038 3035 3047 3040 3039 3034 2982 3038 2978 2982 2979 3040 3048 3042 2983 2980 3026 2980 2978 2976 3041 3042 3049 2977 3047 3039 3029 3040 3042 3040 3047 3048 3049 3042 3050 3037 3023 3043 3030 3043 3023 3033 3032 3051 3037 3035 3038 3033 3036 3035 3052 2975 2979 3052 3034 3036 3048 3047 3053 3052 2979 3034 2976 2979 2975 3048 3054 3050 2980 2977 3039 2977 2976 2972 3049 3050 3055 2974 3053 3047 3042 3048 3050 3048 3053 3054 3055 3050 3056 3035 3043 3033 3031 3033 3043 3057 3051 3058 3036 3059 3052 3036 3051 3059 3060 2973 2975 3060 3052 3059 3054 3053 3061 3060 2975 3052 2972 2975 2973 3054 3062 3056 2977 2974 3047 2974 2972 2969 3055 3056 3063 2971 3061 3053 3050 3054 3056 3054 3061 3062 3063 3056 3064 3033 3051 3036 3032 3058 3051 3065 3057 3066 3067 3068 3069 3059 3057 3070 3071 2970 2973 3060 3059 3070 3062 3061 3072 3060 3071 2973 2973 2970 2969 3073 3064 3062 2974 2971 3053 2967 2971 2969 3063 3064 3074 2968 3072 3061 3056 3062 3064 3062 3072 3073 3074 3064 3075 3051 3057 3059 3058 3066 3057 3065 3044 3046 3060 3070 3071 3070 3065 3076 3077 2966 2970 3071 3070 3076 3078 3073 3072 3077 2970 3071 2967 2970 2966 3073 3079 3075 2971 2968 3061 2968 2967 2963 3075 3064 3073 2965 3078 3072 3078 3079 3073 3080 3075 3081 3075 3080 3074 3057 3065 3070 3066 3044 3065 3082 3083 3084 3071 3076 3077 3045 3085 3086 3087 2964 2966 3087 3077 3088 3079 3078 3089 3087 2966 3077 2966 2964 2963 3081 3079 3090 2968 2965 3072 2965 2963 2960 3080 3081 3091 2962 3089 3078 3075 3079 3081 3079 3089 3090 3091 3081 3092 3076 3046 3088 3046 3076 3065 3086 3085 3093 3076 3088 3077 3086 3067 3088 3069 2961 2964 3087 3088 3067 3090 3089 3094 3069 2964 3087 2960 2964 2961 3090 3095 3092 2965 2962 3078 2962 2960 2958 3092 3081 3090 2959 3094 3089 3094 3095 3090 3096 3092 3097 3092 3096 3091 3088 3046 3086 3045 3086 3046 3093 3098 3099 3087 3067 3069 3093 3068 3067 3100 2957 2961 3100 3069 3068 3095 3094 3101 3100 2961 3069 2961 2957 2958 3097 3095 3102 2962 2959 3089 2959 2958 2954 3096 3097 3103 2956 3101 3094 3092 3095 3097 3095 3101 3102 3103 3097 3104 3086 3093 3067 3085 3098 3093 3105 3099 3106 3107 3108 3109 3068 3099 3110 3111 2955 2957 3100 3068 3110 3102 3101 3112 3111 2957 3100 2954 2957 2955 3102 3113 3104 2959 2956 3094 2956 2954 2949 3104 3097 3102 2953 3112 3101 3112 3113 3102 3114 3104 3115 3104 3114 3103 3093 3099 3068 3098 3106 3099 3105 3116 3117 3100 3110 3111 3105 3118 3110 3119 2950 2955 3111 3110 3118 3113 3112 3120 3111 3119 2955 2955 2950 2949 3121 3115 3113 2956 2953 3101 2953 2949 2947 3114 3115 3122 2952 3120 3112 3104 3113 3115 3121 3113 3120 3122 3115 3123 3099 3105 3110 3106 3116 3105 3117 3124 3125 3111 3118 3119 3118 3117 3126 3127 2946 2950 3119 3118 3126 3121 3120 3128 3127 2950 3119 2950 2946 2947 3129 3123 3121 2953 2952 3112 2943 2952 2947 3130 3122 3123 2951 3128 3120 3115 3121 3123 3121 3128 3129 3130 3123 3131 3105 3117 3118 3116 3124 3117 3125 3132 3133 3119 3126 3127 3125 3134 3126 3135 2944 2946 3127 3126 3134 3136 3129 3128 3127 3135 2946 2946 2944 2943 3129 3137 3131 2952 2951 3120 2951 2943 2940 3129 3136 3137 2948 3136 3128 3131 3138 3139 3130 3131 3139 3123 3129 3131 3117 3125 3126 3124 3132 3125 3133 3082 3084 3127 3134 3135 3134 3133 3140 3141 2941 2944 3135 3134 3140 3137 3136 3142 3141 2944 3135 2944 2941 2940 3143 3138 3137 2951 2948 3128 2939 2948 2940 3144 3139 3138 3142 3136 2945 3131 3137 3138 3143 3137 3142 3144 3138 3145 3125 3133 3134 3132 3082 3133 3146 3147 3148 3135 3140 3141 3083 3147 3149 3150 2938 2941 3141 3140 3151 3152 3143 3142 3141 3150 2941 2941 2938 2939 3153 3145 3143 2948 2945 3136 2945 2939 2872 3154 3145 3155 3152 3142 2942 3152 3153 3143 3144 3145 3154 3138 3143 3145 3140 3084 3151 3084 3140 3133 3148 3156 3157 3141 3151 3150 3151 3149 3158 3159 2873 2938 3150 3151 3158 3153 3152 3160 3150 3159 2938 2872 2938 2873 3161 3155 3153 2945 2942 3142 2942 2872 2874 3162 3155 3163 2864 3160 3152 3160 3161 3153 3154 3155 3162 3145 3153 3155 3151 3084 3149 3083 3149 3084 3156 3164 3165 3150 3158 3159 3146 3107 3158 3109 2877 2873 3109 3159 3107 3161 3160 3166 3159 3109 2873 2873 2877 2874 3167 3163 3161 2942 2864 3152 2865 2864 2874 3168 3162 3163 2866 3166 3160 3155 3161 3163 3161 3166 3167 3168 3163 3169 3158 3149 3146 3147 3146 3149 3157 3156 3165 3158 3107 3159 3157 3108 3107 3170 2879 2877 3170 3109 3108 3171 3167 3166 3170 2877 3109 2865 2877 2879 3167 3172 3169 2864 2866 3160 2870 2866 2865 3169 3163 3167 2871 3171 3166 3167 3171 3172 3173 3169 3174 3169 3173 3168 3107 3146 3157 3148 3157 3146 3175 3176 3177 3108 3178 3170 3108 3165 3178 3179 2878 2879 3179 3170 3178 3180 3172 3171 3179 2879 3170 2870 2879 2878 3181 3174 3172 2866 2871 3166 2871 2870 2875 3182 3174 3183 2876 3180 3171 3180 3181 3172 3173 3174 3182 3169 3172 3174 3165 3108 3157 3175 3184 3164 3185 3176 3186 3187 3188 3189 3178 3184 3190 3191 2881 2878 3179 3178 3190 3181 3180 3192 3179 3191 2878 2875 2878 2881 3181 3193 3183 2871 2876 3171 2876 2875 2880 3194 3182 3183 2884 3192 3180 3174 3181 3183 3181 3192 3193 3194 3183 3195 3178 3165 3184 3164 3184 3165 3196 3197 3198 3179 3190 3191 3177 3187 3190 3189 2885 2881 3189 3191 3187 3193 3192 3199 3191 3189 2881 2881 2885 2880 3200 3195 3193 2876 2884 3180 2882 2884 2880 3194 3195 3201 2883 3199 3192 3183 3193 3195 3193 3199 3200 3201 3195 3202 3190 3184 3177 3175 3177 3184 3185 3186 3203 3190 3187 3191 3185 3188 3187 3204 2888 2885 3204 3189 3188 3205 3200 3199 3204 2885 3189 2882 2885 2888 3200 3206 3202 2884 2883 3192 2886 2883 2882 3202 3195 3200 2887 3205 3199 3200 3205 3206 3207 3202 3208 3202 3207 3201 3187 3177 3185 3176 3185 3177 3209 3210 3197 3211 3212 3213 3188 3203 3214 3215 2891 2888 3204 3188 3214 3216 3206 3205 3204 3215 2888 2886 2888 2891 3217 3208 3206 2883 2887 3199 2887 2886 2890 3218 3208 3219 2889 3216 3205 3216 3217 3206 3207 3208 3218 3202 3206 3208 3185 3203 3188 3186 3196 3203 3220 3221 3222 3204 3214 3215 3214 3198 3211 3213 2894 2891 3215 3214 3211 3217 3216 3223 3215 3213 2891 2891 2894 2890 3224 3219 3217 2887 2889 3205 2892 2889 2890 3225 3218 3219 2893 3223 3216 3208 3217 3219 3217 3223 3224 3225 3219 3226 3214 3203 3198 3196 3198 3203 3210 3209 3227 3215 3211 3213 3210 3212 3211 2924 2895 3228 3212 2922 3213 3229 3224 3223 2922 2894 3213 2894 2895 2892 3230 3226 3224 2889 2893 3216 2896 2893 2892 3226 3219 3224 2902 3229 3223 3224 3229 3230 3231 3226 3232 3226 3231 3225 3211 3198 3210 3197 3210 3198 3221 3227 3222 2922 3212 3233 3227 3233 3212 2924 2906 2896 3228 2922 3233 2903 3230 3229 3228 2895 2922 2924 2896 2895 2905 3232 3230 2893 2902 3223 2906 2902 2896 2905 3230 2903 2907 2903 3229 3232 3234 3235 3231 3232 3235 3226 3230 3232 3210 3227 3212 3209 3222 3227 3236 3237 3220 2928 3237 3236 3233 3221 3238 2923 2917 2906 3228 3233 3238 2917 2913 2907 3228 2925 2924 2924 2923 2906 2920 3234 2905 2902 2907 3229 2907 2906 2917 3239 3234 3240 2913 2904 2903 2904 2920 2905 3235 3234 3239 3232 2905 3234 3227 3221 3233 3220 3237 3221 2928 3236 2926 3228 3238 2925 3237 3241 3238 2917 2923 2918 3241 2929 2925 2913 2917 2919 2929 2918 2923 3242 2921 3243 3242 3240 2920 2907 2913 2903 2913 2919 2914 3244 3239 3240 2914 2921 2904 3234 2920 3240 2920 2921 3242 3244 3240 3245 3238 3221 3237 3246 3247 3248 2929 3249 2918 3238 3241 2925 2926 2937 2927 2918 3250 2919 3251 3249 2929 2919 3252 2914 3249 3250 2918 2914 3253 2921 3252 2919 3250 3242 2909 3245 3253 2914 3252 3245 3240 3242 3253 3243 2921 3242 3243 2909 3254 3245 2908 3245 3254 3244 3241 3237 2928 3241 2928 3251 3249 3247 3250 3241 3251 2929 2927 3255 3251 3250 3246 3252 3255 3247 3249 3252 3256 3253 3247 3246 3250 3253 3257 3243 3246 3256 3252 3258 2909 3243 3253 3256 3257 2916 2908 2915 3243 3257 3258 3258 2910 2909 3254 2908 2916 3245 2909 2908 2927 3251 2928 2936 2937 2933 3259 3256 3246 3251 3255 3249 2936 3260 3255 3261 3257 3256 3260 3248 3247 3262 3258 3257 3248 3259 3246 3263 2910 3258 3259 3261 3256 3264 2915 2910 3261 3262 3257 2915 3264 2911 3263 3258 3262 2908 2910 2915 2910 3263 3264 2912 2915 2911 3255 2927 2936 2935 2932 3260 2932 3265 3248 3255 3260 3247 2932 3248 3260 3265 3266 3259 3265 3259 3248 3266 3267 3261 3266 3261 3259 3267 3268 3262 3267 3262 3261 3268 3269 3263 3268 3263 3262 3269 3270 3264 3269 3264 3263 2911 3270 2900 2911 3264 3270 2901 2911 2900 2936 2933 2935 3260 2936 2935 3265 2931 2999 2930 2932 2935 3266 2999 2998 2931 3265 2932 3267 2998 2987 2999 3266 3265 3268 2987 2995 2998 3267 3266 3269 2995 2992 2987 3268 3267 3270 2992 2991 2995 3269 3268 2900 2991 2899 2992 3270 3269 2899 2898 2900 2991 2900 3270 3271 3272 3273 3274 3275 3276 3277 3278 3279 3280 3281 3282 3283 3284 3285 3286 3287 3288 3289 3290 3291 3292 3293 3294 3295 3296 3297 3298 3299 3300 3301 3302 3303 3304 3305 3306 3307 3308 3309 3310 3311 3312 3313 3314 3315 3316 3317 3318 3319 3320 3321 3322 3323 3324 3325 3326 3327 3328 3329 3330 3331 3332 3333 3334 3335 3336 3337 3338 3339 3339 3340 3337 3341 3342 3338 3339 3338 3342 3343 3341 3344 3341 3343 3342 3344 3345 3346 3346 3343 3344 3347 3348 3345 3346 3345 3348 3349 3347 3350 3347 3349 3348 3350 3351 3352 3352 3349 3350 3353 3354 3351 3352 3351 3354 3355 3353 3356 3353 3355 3354 3356 3357 3358 3358 3355 3356 3274 3276 3357 3358 3357 3276 3340 3333 3332 3332 3337 3340 3331 3336 3335 3331 3333 3336 3334 3326 3325 3335 3334 3325 3329 3328 3327 3326 3329 3327 3319 3321 3330 3330 3321 3328 3324 3320 3322 3322 3320 3319 3314 3323 3315 3314 3324 3323 3313 3318 3317 3313 3315 3318 3316 3308 3307 3317 3316 3307 3311 3310 3309 3308 3311 3309 3301 3303 3312 3312 3303 3310 3306 3302 3304 3304 3302 3301 3296 3305 3297 3296 3306 3305 3295 3300 3299 3295 3297 3300 3298 3290 3289 3299 3298 3289 3293 3292 3291 3290 3293 3291 3283 3285 3294 3294 3285 3292 3288 3284 3286 3286 3284 3283 3278 3287 3279 3278 3288 3287 3277 3280 3282 3277 3279 3280 3281 3271 3273 3282 3281 3273 3275 3274 3272 3271 3275 3272 3359 3360 3361 3362 3363 3364 3364 3365 3362 3366 3362 3367 3362 3366 3363 3368 3369 3367 3366 3367 3369 3370 3371 3369 3369 3368 3370 3372 3370 3373 3370 3372 3371 3374 3375 3376 3373 3377 3372 3378 3379 3380 3381 3382 3383 3384 3385 3386 3387 3388 3389 3390 3391 3392 3393 3394 3395 3396 3397 3395 3398 3399 3400 3401 3398 3400 3393 3401 3394 3394 3401 3400 3396 3395 3402 3394 3402 3395 3396 3388 3397 3389 3390 3387 3388 3387 3397 3391 3384 3392 3389 3391 3390 3386 3385 3379 3392 3384 3386 3378 3380 3381 3379 3385 3380 3359 3383 3382 3383 3378 3381 3375 3361 3360 3360 3359 3382 3376 3377 3374 3375 3374 3361 3377 3376 3372 3403 3404 3405 3406 3407 3408 3409 3410 3411 3412 3413 3414 3415 3416 3417 3418 3419 3420 3421 3422 3423 3424 3425 3426 3427 3428 3429 3430 3431 3432 3433 3434 3435 3436 3437 3438 3439 3440 3441 3442 3443 3444 3445 3446 3447 3448 3449 3450 3451 3452 3453 3454 3455 3456 3457 3458 3459 3460 3458 3461 3457 3462 3463 3462 3457 3459 3464 3465 3463 3463 3462 3464 3466 3465 3467 3464 3467 3465 3466 3468 3469 3468 3466 3467 3470 3471 3469 3469 3468 3470 3472 3471 3473 3470 3473 3471 3472 3474 3475 3474 3472 3473 3476 3408 3475 3475 3474 3476 3460 3461 3453 3476 3406 3408 3458 3460 3459 3454 3452 3451 3451 3453 3461 3446 3456 3455 3456 3452 3454 3445 3447 3450 3446 3455 3447 3449 3448 3439 3445 3450 3449 3440 3443 3441 3448 3440 3439 3444 3435 3442 3443 3442 3441 3436 3434 3433 3433 3435 3444 3428 3438 3437 3438 3434 3436 3427 3429 3432 3428 3437 3429 3431 3430 3421 3427 3432 3431 3422 3425 3423 3430 3422 3421 3426 3417 3424 3425 3424 3423 3418 3416 3415 3415 3417 3426 3410 3420 3419 3420 3416 3418 3409 3411 3412 3410 3419 3411 3414 3413 3405 3409 3412 3414 3403 3407 3404 3413 3403 3405 3406 3404 3407 3477 3478 3479 3480 3481 3482 3483 3484 3485 3486 3487 3488 3489 3490 3491 3492 3493 3494 3495 3496 3497 3498 3499 3500 3501 3502 3503 3504 3505 3506 3507 3508 3509 3510 3511 3512 3513 3514 3515 3516 3517 3518 3519 3520 3521 3522 3523 3524 3525 3526 3527 3528 3529 3530 3531 3532 3533 3534 3532 3535 3531 3536 3537 3536 3531 3533 3538 3539 3537 3537 3536 3538 3540 3539 3541 3538 3541 3539 3540 3542 3543 3542 3540 3541 3544 3545 3543 3543 3542 3544 3546 3545 3547 3544 3547 3545 3546 3548 3549 3548 3546 3547 3550 3482 3549 3549 3548 3550 3534 3535 3527 3550 3480 3482 3532 3534 3533 3528 3526 3525 3525 3527 3535 3520 3530 3529 3530 3526 3528 3519 3521 3524 3520 3529 3521 3523 3522 3513 3519 3524 3523 3514 3517 3515 3522 3514 3513 3518 3509 3516 3517 3516 3515 3510 3508 3507 3507 3509 3518 3502 3512 3511 3512 3508 3510 3501 3503 3506 3502 3511 3503 3505 3504 3495 3501 3506 3505 3496 3499 3497 3504 3496 3495 3500 3491 3498 3499 3498 3497 3492 3490 3489 3489 3491 3500 3484 3494 3493 3494 3490 3492 3483 3485 3486 3484 3493 3485 3488 3487 3479 3483 3486 3488 3477 3481 3478 3487 3477 3479 3480 3478 3481 3551 3552 3553 3554 3555 3556 3557 3558 3552 3553 3552 3558 3559 3557 3560 3557 3559 3558 3560 3561 3562 3562 3559 3560 3563 3564 3561 3562 3561 3564 3565 3563 3566 3563 3565 3564 3566 3567 3568 3568 3565 3566 3569 3570 3567 3568 3567 3570 3571 3569 3572 3569 3571 3570 3573 3571 3572 3573 3572 3574 3553 3575 3551 3576 3575 3577 3575 3576 3551 3577 3578 3579 3579 3576 3577 3580 3581 3578 3579 3578 3581 3582 3580 3583 3580 3582 3581 3583 3584 3585 3585 3582 3583 3586 3587 3584 3585 3584 3587 3588 3586 3589 3586 3588 3587 3589 3590 3591 3591 3588 3589 3591 3590 3556 3592 3593 3594 3590 3554 3556 3595 3596 3597 3598 3599 3600 3601 3602 3603 3604 3605 3606 3607 3608 3609 3610 3611 3612 3613 3614 3615 3616 3617 3618 3619 3620 3621 3613 3621 3620 3619 3622 3623 3622 3619 3621 3624 3625 3623 3623 3622 3624 3574 3625 3626 3624 3626 3625 3573 3574 3626 3615 3614 3617 3613 3620 3614 3616 3618 3609 3615 3617 3616 3607 3610 3608 3618 3607 3609 3611 3602 3612 3610 3612 3608 3606 3601 3603 3603 3602 3611 3595 3605 3604 3605 3601 3606 3597 3596 3599 3595 3604 3596 3598 3600 3592 3597 3599 3598 3593 3555 3594 3600 3593 3592 3554 3594 3555 3627 3628 3629 3630 3631 3632 3633 3634 3628 3629 3628 3634 3635 3633 3636 3633 3635 3634 3636 3637 3638 3638 3635 3636 3639 3640 3637 3638 3637 3640 3641 3639 3642 3639 3641 3640 3642 3643 3644 3644 3641 3642 3645 3646 3643 3644 3643 3646 3647 3645 3648 3645 3647 3646 3649 3647 3648 3649 3648 3650 3629 3651 3627 3652 3651 3653 3651 3652 3627 3653 3654 3655 3655 3652 3653 3656 3657 3654 3655 3654 3657 3658 3656 3659 3656 3658 3657 3659 3660 3661 3661 3658 3659 3662 3663 3660 3661 3660 3663 3664 3662 3665 3662 3664 3663 3665 3666 3667 3667 3664 3665 3667 3666 3632 3668 3669 3670 3666 3630 3632 3671 3672 3673 3674 3675 3676 3677 3678 3679 3680 3681 3682 3683 3684 3685 3686 3687 3688 3689 3690 3691 3692 3693 3694 3695 3696 3697 3689 3697 3696 3695 3698 3699 3698 3695 3697 3700 3701 3699 3699 3698 3700 3650 3701 3702 3700 3702 3701 3649 3650 3702 3691 3690 3693 3689 3696 3690 3692 3694 3685 3691 3693 3692 3683 3686 3684 3694 3683 3685 3687 3678 3688 3686 3688 3684 3682 3677 3679 3679 3678 3687 3671 3681 3680 3681 3677 3682 3673 3672 3675 3671 3680 3672 3674 3676 3668 3673 3675 3674 3669 3631 3670 3676 3669 3668 3630 3670 3631 3703 3704 3705 3706 3707 3708 3709 3710 3711 3712 3713 3714 3710 3715 3716 3717 3718 3719 3715 3720 3721 3722 3723 3724 3720 3725 3726 3727 3728 3729 3730 3725 3705 3731 3732 3733 3703 3734 3735 3736 3737 3738 3739 3740 3741 3742 3743 3744 3745 3746 3747 3748 3749 3750 3751 3752 3753 3754 3753 3755 3745 3756 3757 3752 3758 3756 3759 3755 3760 3761 3762 3747 3750 3763 3760 3764 3748 3765 3766 3740 3762 3739 3767 3768 3706 3709 3707 3744 3732 3742 3769 3737 3768 3770 3736 3771 3731 3742 3732 3772 3773 3734 3770 3774 3772 3775 3776 3728 3733 3777 3731 3777 3733 3775 3764 3765 3743 3765 3744 3743 3749 3748 3764 3763 3750 3749 3759 3760 3763 3754 3755 3759 3751 3753 3754 3758 3752 3751 3757 3756 3758 3746 3745 3757 3761 3747 3746 3766 3762 3761 3741 3740 3766 3767 3739 3741 3769 3768 3767 3738 3737 3769 3771 3736 3738 3774 3770 3771 3773 3772 3774 3735 3734 3773 3704 3703 3735 3730 3705 3704 3726 3725 3730 3721 3720 3726 3716 3715 3721 3711 3710 3716 3707 3709 3711 3713 3706 3708 3717 3712 3714 3714 3713 3708 3718 3723 3719 3717 3719 3712 3724 3727 3722 3718 3724 3723 3729 3728 3776 3722 3727 3729 3775 3728 3777 3778 3779 3780 3781 3782 3783 3784 3785 3786 3787 3788 3789 3790 3791 3792 3793 3794 3795 3796 3797 3798 3799 3800 3801 3802 3803 3804 3805 3806 3807 3808 3809 3810 3811 3812 3813 3814 3815 3816 3817 3818 3819 3820 3821 3822 3823 3824 3825 3826 3827 3828 3829 3830 3831 3832 3833 3834 3835 3833 3836 3832 3837 3838 3837 3832 3834 3839 3840 3838 3838 3837 3839 3841 3840 3842 3839 3842 3840 3841 3843 3844 3843 3841 3842 3845 3846 3844 3844 3843 3845 3847 3846 3848 3845 3848 3846 3847 3849 3850 3849 3847 3848 3851 3783 3850 3850 3849 3851 3835 3836 3828 3851 3781 3783 3833 3835 3834 3829 3827 3826 3826 3828 3836 3821 3831 3830 3831 3827 3829 3820 3822 3825 3821 3830 3822 3824 3823 3814 3820 3825 3824 3815 3818 3816 3823 3815 3814 3819 3810 3817 3818 3817 3816 3811 3809 3808 3808 3810 3819 3803 3813 3812 3813 3809 3811 3802 3804 3807 3803 3812 3804 3806 3805 3796 3802 3807 3806 3797 3800 3798 3805 3797 3796 3801 3792 3799 3800 3799 3798 3793 3791 3790 3790 3792 3801 3785 3795 3794 3795 3791 3793 3784 3786 3787 3785 3794 3786 3789 3788 3780 3784 3787 3789 3778 3782 3779 3788 3778 3780 3781 3779 3782 3852 3853 3854 3855 3856 3857 3858 3859 3857 3860 3861 3862 3863 3864 3865 3866 3867 3868 3869 3870 3871 3872 3873 3874 3875 3876 3870 3877 3878 3879 3880 3881 3876 3882 3883 3884 3885 3886 3887 3888 3889 3890 3891 3892 3893 3894 3895 3896 3897 3898 3899 3900 3901 3899 3893 3902 3903 3898 3904 3902 3895 3905 3906 3900 3906 3907 3908 3892 3909 3896 3910 3911 3888 3912 3908 3865 3871 3863 3883 3911 3913 3882 3914 3915 3885 3887 3916 3887 3886 3917 3918 3853 3915 3919 3920 3921 3920 3852 3922 3923 3924 3877 3925 3881 3919 3879 3917 3886 3917 3879 3878 3890 3889 3916 3889 3885 3916 3912 3888 3890 3909 3888 3908 3891 3909 3892 3903 3891 3893 3904 3903 3902 3897 3904 3898 3901 3897 3899 3907 3901 3900 3905 3907 3906 3894 3905 3895 3910 3896 3895 3913 3911 3910 3884 3883 3913 3914 3882 3884 3918 3915 3914 3854 3853 3918 3922 3852 3854 3921 3920 3922 3925 3919 3921 3880 3919 3881 3875 3880 3876 3869 3875 3870 3865 3869 3871 3864 3863 3859 3856 3858 3857 3858 3864 3859 3862 3856 3855 3860 3867 3861 3860 3862 3855 3868 3872 3866 3860 3868 3867 3874 3873 3923 3866 3872 3874 3877 3924 3878 3923 3873 3924 3926 3927 3928 3929 3928 3930 3927 3930 3928 3931 3932 3929 3929 3930 3931 3932 3933 3934 3933 3932 3931 3935 3934 3936 3933 3936 3934 3937 3938 3935 3935 3936 3937 3938 3939 3940 3939 3938 3937 3941 3940 3942 3939 3942 3940 3943 3944 3941 3941 3942 3943 3944 3945 3946 3945 3944 3943 3947 3946 3948 3945 3948 3946 3949 3950 3947 3947 3948 3949 3950 3951 3952 3951 3950 3949 3953 3952 3954 3951 3954 3952 3955 3956 3953 3953 3954 3955 3956 3957 3958 3957 3956 3955 3959 3958 3960 3957 3960 3958 3961 3962 3959 3959 3960 3961 3963 3962 3961 3963 3964 3962 3927 3926 3965 3966 3967 3965 3965 3926 3966 3967 3968 3969 3968 3967 3966 3970 3969 3971 3968 3971 3969 3972 3973 3970 3970 3971 3972 3973 3974 3975 3974 3973 3972 3976 3975 3977 3974 3977 3975 3978 3979 3976 3976 3977 3978 3979 3980 3981 3980 3979 3978 3982 3981 3983 3980 3983 3981 3984 3985 3982 3982 3983 3984 3985 3986 3987 3986 3985 3984 3988 3987 3989 3986 3989 3987 3990 3991 3988 3988 3989 3990 3991 3992 3993 3992 3991 3990 3994 3993 3995 3992 3995 3993 3996 3997 3994 3994 3995 3996 3997 3998 3999 3998 3997 3996 3998 3964 3999 3999 3964 3963 4000 4001 4002 4003 4004 4005 4003 4006 4004 4007 4005 4008 4004 4008 4005 4009 4010 4007 4007 4008 4009 4010 4011 4012 4011 4010 4009 4013 4014 4015 4011 4016 4012 4017 4018 4019 4020 4021 4022 4023 4024 4025 4026 4027 4028 4029 4030 4031 4032 4033 4034 4035 4036 4032 4036 4035 4027 4032 4034 4035 4029 4026 4028 4026 4036 4027 4030 4029 4028 4023 4031 4024 4024 4031 4030 4019 4018 4025 4025 4018 4023 4020 4022 4017 4019 4020 4017 4021 4001 4000 4022 4021 4000 4002 4014 4013 4002 4001 4014 4012 4016 4015 4016 4013 4015 4037 4038 4039 4038 4040 4041 4040 4038 4037 4042 4041 4043 4040 4043 4041 4044 4045 4042 4042 4043 4044 4045 4046 4047 4046 4045 4044 4048 4047 4049 4046 4049 4047 4050 4051 4048 4048 4049 4050 4051 4052 4053 4052 4051 4050 4054 4053 4055 4052 4055 4053 4056 4057 4054 4054 4055 4056 4057 4058 4059 4058 4057 4056 4060 4059 4061 4058 4061 4059 4062 4063 4060 4060 4061 4062 4063 4064 4065 4064 4063 4062 4066 4065 4067 4064 4067 4065 4068 4069 4066 4066 4067 4068 4069 4070 4071 4070 4069 4068 4072 4071 4073 4070 4073 4071 4074 4075 4072 4072 4073 4074 4037 4039 4076 4077 4078 4076 4076 4039 4077 4078 4079 4080 4079 4078 4077 4081 4080 4082 4079 4082 4080 4083 4084 4081 4081 4082 4083 4084 4085 4086 4085 4084 4083 4087 4086 4088 4085 4088 4086 4089 4090 4087 4087 4088 4089 4090 4091 4092 4091 4090 4089 4093 4092 4094 4091 4094 4092 4095 4096 4093 4093 4094 4095 4096 4097 4098 4097 4096 4095 4099 4098 4100 4097 4100 4098 4101 4102 4099 4099 4100 4101 4102 4103 4104 4103 4102 4101 4105 4104 4106 4103 4106 4104 4107 4108 4105 4105 4106 4107 4108 4109 4110 4109 4108 4107 4109 4075 4110 4110 4075 4074 4111 4112 4113 4114 4115 4116 4117 4118 4116 4119 4120 4121 4122 4123 4124 4125 4126 4127 4128 4129 4130 4131 4132 4133 4134 4135 4136 4137 4138 4139 4135 4140 4141 4142 4143 4144 4145 4146 4147 4134 4128 4130 4148 4149 4150 4151 4152 4153 4154 4155 4156 4157 4158 4154 4148 4159 4160 4161 4155 4160 4162 4151 4163 4158 4164 4163 4165 4166 4149 4167 4152 4168 4169 4165 4170 4171 4172 4145 4144 4173 4168 4174 4142 4175 4145 4147 4171 4147 4146 4176 4175 4111 4177 4178 4179 4180 4138 4176 4139 4181 4182 4137 4140 4178 4183 4176 4146 4139 4112 4180 4184 4165 4172 4170 4172 4171 4170 4165 4169 4166 4149 4166 4150 4148 4150 4159 4160 4159 4161 4155 4161 4156 4154 4156 4157 4158 4157 4164 4163 4164 4162 4151 4162 4152 4167 4153 4152 4173 4167 4168 4143 4173 4144 4174 4143 4142 4177 4174 4175 4113 4177 4111 4184 4113 4112 4179 4184 4180 4140 4179 4178 4140 4183 4141 4135 4141 4136 4134 4136 4128 4130 4129 4124 4123 4122 4118 4124 4129 4122 4115 4117 4116 4117 4123 4118 4121 4115 4114 4119 4126 4120 4119 4121 4114 4127 4131 4125 4119 4127 4126 4133 4132 4181 4125 4131 4133 4137 4182 4138 4181 4132 4182 4185 4186 4187 4188 4189 4190 4187 4191 4192 4193 4194 4195 4186 4196 4191 4186 4195 4197 4191 4198 4199 4200 4201 4202 4202 4199 4203 4204 4205 4200 4206 4204 4202 4207 4208 4205 4209 4210 4211 4212 4208 4213 4213 4207 4214 4212 4215 4216 4215 4213 4217 4215 4218 4219 4220 4216 4219 4221 4222 4223 4224 4220 4225 4223 4210 4226 4204 4227 4207 4228 4229 4230 4231 4232 4211 4233 4234 4235 4236 4237 4228 4238 4228 4239 4240 4241 4242 4218 4217 4243 4244 4245 4246 4247 4248 4249 4248 4250 4249 4251 4252 4253 4254 4255 4246 4256 4257 4258 4251 4257 4256 4193 4259 4260 4201 4192 4199 4261 4262 4259 4263 4195 4185 4261 4264 4265 4263 4266 4193 4267 4264 4268 4259 4266 4269 4270 4271 4268 4272 4261 4269 4264 4272 4273 4268 4273 4274 4270 4275 4276 4270 4274 4277 4278 4275 4279 4277 4280 4275 4281 4282 4279 4280 4283 4279 4281 4284 4285 4286 4281 4283 4287 4284 4288 4289 4284 4286 4290 4291 4288 4288 4289 4292 4290 4293 4294 4295 4290 4292 4296 4293 4297 4295 4298 4293 4299 4300 4297 4298 4301 4297 4299 4302 4303 4299 4301 4304 4305 4302 4189 4190 4302 4304 4306 4307 4189 4308 4309 4310 4306 4310 4311 4312 4313 4314 4315 4316 4310 4317 4221 4312 4313 4315 4314 4317 4312 4314 4308 4310 4316 4221 4318 4222 4309 4308 4319 4320 4252 4321 4322 4319 4320 4315 4306 4188 4320 4321 4322 4309 4319 4322 4252 4323 4321 4324 4325 4323 4252 4251 4323 4325 4326 4323 4324 4251 4256 4324 4323 4251 4326 4325 4327 4328 4329 4330 4331 4332 4333 4321 4326 4332 4331 4311 4309 4331 4322 4332 4334 4317 4314 4322 4331 4309 4309 4311 4310 4317 4335 4318 4316 4315 4313 4306 4315 4310 4336 4222 4318 4188 4334 4314 4221 4317 4318 4317 4334 4335 4336 4318 4337 4323 4326 4321 4330 4338 4327 4338 4330 4329 4321 4332 4322 4338 4333 4332 4339 4307 4311 4339 4331 4333 4340 4335 4334 4339 4311 4331 4311 4307 4306 4335 4341 4337 4315 4188 4314 4189 4188 4306 4336 4337 4342 4190 4340 4334 4318 4335 4337 4335 4340 4341 4342 4337 4343 4332 4326 4338 4327 4338 4326 4328 4344 4329 4333 4345 4339 4333 4329 4345 4346 4305 4307 4346 4339 4345 4347 4341 4340 4346 4307 4339 4307 4305 4189 4341 4348 4343 4188 4190 4334 4302 4190 4189 4342 4343 4349 4304 4347 4340 4337 4341 4343 4341 4347 4348 4349 4343 4350 4329 4333 4338 4351 4344 4328 4352 4353 4354 4355 4356 4357 4345 4344 4358 4359 4303 4305 4359 4346 4358 4360 4348 4347 4359 4305 4346 4305 4303 4302 4348 4361 4350 4190 4304 4340 4299 4304 4302 4349 4350 4362 4301 4360 4347 4343 4348 4350 4348 4360 4361 4362 4350 4363 4329 4344 4345 4352 4364 4351 4365 4366 4367 4345 4358 4346 4364 4356 4358 4355 4300 4303 4355 4359 4356 4368 4361 4360 4355 4303 4359 4299 4303 4300 4361 4369 4363 4304 4301 4347 4301 4299 4297 4362 4363 4370 4298 4368 4360 4350 4361 4363 4361 4368 4369 4370 4363 4371 4358 4344 4364 4351 4364 4344 4354 4353 4372 4358 4356 4359 4354 4357 4356 4373 4296 4300 4373 4355 4357 4369 4368 4374 4373 4300 4355 4297 4300 4296 4369 4375 4371 4301 4298 4360 4298 4297 4293 4370 4371 4376 4295 4374 4368 4363 4369 4371 4369 4374 4375 4376 4371 4377 4356 4364 4354 4352 4354 4364 4378 4372 4379 4357 4380 4373 4357 4372 4380 4381 4294 4296 4381 4373 4380 4375 4374 4382 4381 4296 4373 4293 4296 4294 4375 4383 4377 4298 4295 4368 4295 4293 4290 4376 4377 4384 4292 4382 4374 4371 4375 4377 4375 4382 4383 4384 4377 4385 4354 4372 4357 4353 4379 4372 4386 4378 4387 4388 4389 4390 4380 4378 4391 4392 4291 4294 4381 4380 4391 4383 4382 4393 4381 4392 4294 4294 4291 4290 4394 4385 4383 4295 4292 4374 4288 4292 4290 4384 4385 4395 4289 4393 4382 4377 4383 4385 4383 4393 4394 4395 4385 4396 4372 4378 4380 4379 4387 4378 4386 4365 4367 4381 4391 4392 4391 4386 4397 4398 4287 4291 4392 4391 4397 4399 4394 4393 4398 4291 4392 4288 4291 4287 4394 4400 4396 4292 4289 4382 4289 4288 4284 4396 4385 4394 4286 4399 4393 4399 4400 4394 4401 4396 4402 4396 4401 4395 4378 4386 4391 4387 4365 4386 4403 4404 4405 4392 4397 4398 4366 4406 4407 4408 4285 4287 4408 4398 4409 4400 4399 4410 4408 4287 4398 4287 4285 4284 4402 4400 4411 4289 4286 4393 4286 4284 4281 4401 4402 4412 4283 4410 4399 4396 4400 4402 4400 4410 4411 4412 4402 4413 4397 4367 4409 4367 4397 4386 4407 4406 4414 4397 4409 4398 4407 4388 4409 4390 4282 4285 4408 4409 4388 4411 4410 4415 4390 4285 4408 4281 4285 4282 4411 4416 4413 4286 4283 4399 4283 4281 4279 4413 4402 4411 4280 4415 4410 4415 4416 4411 4417 4413 4418 4413 4417 4412 4409 4367 4407 4366 4407 4367 4414 4419 4420 4408 4388 4390 4414 4389 4388 4421 4278 4282 4421 4390 4389 4416 4415 4422 4421 4282 4390 4282 4278 4279 4418 4416 4423 4283 4280 4410 4280 4279 4275 4417 4418 4424 4277 4422 4415 4413 4416 4418 4416 4422 4423 4424 4418 4425 4407 4414 4388 4406 4419 4414 4426 4420 4427 4428 4429 4430 4389 4420 4431 4432 4276 4278 4421 4389 4431 4423 4422 4433 4432 4278 4421 4275 4278 4276 4423 4434 4425 4280 4277 4415 4277 4275 4270 4425 4418 4423 4274 4433 4422 4433 4434 4423 4435 4425 4436 4425 4435 4424 4414 4420 4389 4419 4427 4420 4426 4437 4438 4421 4431 4432 4426 4439 4431 4440 4271 4276 4432 4431 4439 4434 4433 4441 4432 4440 4276 4276 4271 4270 4442 4436 4434 4277 4274 4422 4274 4270 4268 4435 4436 4443 4273 4441 4433 4425 4434 4436 4442 4434 4441 4443 4436 4444 4420 4426 4431 4427 4437 4426 4438 4445 4446 4432 4439 4440 4439 4438 4447 4448 4267 4271 4440 4439 4447 4442 4441 4449 4448 4271 4440 4271 4267 4268 4450 4444 4442 4274 4273 4433 4264 4273 4268 4451 4443 4444 4272 4449 4441 4436 4442 4444 4442 4449 4450 4451 4444 4452 4426 4438 4439 4437 4445 4438 4446 4453 4454 4440 4447 4448 4446 4455 4447 4456 4265 4267 4448 4447 4455 4457 4450 4449 4448 4456 4267 4267 4265 4264 4450 4458 4452 4273 4272 4441 4272 4264 4261 4450 4457 4458 4269 4457 4449 4452 4459 4460 4451 4452 4460 4444 4450 4452 4438 4446 4447 4445 4453 4446 4454 4403 4405 4448 4455 4456 4455 4454 4461 4462 4262 4265 4456 4455 4461 4458 4457 4463 4462 4265 4456 4265 4262 4261 4464 4459 4458 4272 4269 4449 4259 4269 4261 4465 4460 4459 4463 4457 4266 4452 4458 4459 4464 4458 4463 4465 4459 4466 4446 4454 4455 4453 4403 4454 4467 4468 4469 4456 4461 4462 4404 4468 4470 4471 4260 4262 4462 4461 4472 4473 4464 4463 4462 4471 4262 4262 4260 4259 4474 4466 4464 4269 4266 4457 4266 4259 4193 4475 4466 4476 4473 4463 4263 4473 4474 4464 4465 4466 4475 4459 4464 4466 4461 4405 4472 4405 4461 4454 4469 4477 4478 4462 4472 4471 4472 4470 4479 4480 4194 4260 4471 4472 4479 4474 4473 4481 4471 4480 4260 4193 4260 4194 4482 4476 4474 4266 4263 4463 4263 4193 4195 4483 4476 4484 4185 4481 4473 4481 4482 4474 4475 4476 4483 4466 4474 4476 4472 4405 4470 4404 4470 4405 4477 4485 4486 4471 4479 4480 4467 4428 4479 4430 4197 4194 4430 4480 4428 4482 4481 4487 4480 4430 4194 4194 4197 4195 4488 4484 4482 4263 4185 4473 4186 4185 4195 4489 4483 4484 4187 4487 4481 4476 4482 4484 4482 4487 4488 4489 4484 4490 4479 4470 4467 4468 4467 4470 4478 4477 4486 4479 4428 4480 4478 4429 4428 4491 4196 4197 4491 4430 4429 4492 4488 4487 4491 4197 4430 4186 4197 4196 4488 4493 4490 4185 4187 4481 4191 4187 4186 4490 4484 4488 4192 4492 4487 4488 4492 4493 4494 4490 4495 4490 4494 4489 4428 4467 4478 4469 4478 4467 4496 4497 4498 4429 4499 4491 4429 4486 4499 4500 4198 4196 4500 4491 4499 4501 4493 4492 4500 4196 4491 4191 4196 4198 4502 4495 4493 4187 4192 4487 4192 4191 4199 4503 4495 4504 4201 4501 4492 4501 4502 4493 4494 4495 4503 4490 4493 4495 4486 4429 4478 4496 4505 4485 4506 4497 4507 4508 4509 4510 4499 4505 4511 4512 4203 4198 4500 4499 4511 4502 4501 4513 4500 4512 4198 4199 4198 4203 4502 4514 4504 4192 4201 4492 4201 4199 4202 4515 4503 4504 4200 4513 4501 4495 4502 4504 4502 4513 4514 4515 4504 4516 4499 4486 4505 4485 4505 4486 4517 4518 4519 4500 4511 4512 4498 4508 4511 4510 4206 4203 4510 4512 4508 4514 4513 4520 4512 4510 4203 4203 4206 4202 4521 4516 4514 4201 4200 4501 4204 4200 4202 4515 4516 4522 4205 4520 4513 4504 4514 4516 4514 4520 4521 4522 4516 4523 4511 4505 4498 4496 4498 4505 4506 4507 4524 4511 4508 4512 4506 4509 4508 4525 4227 4206 4525 4510 4509 4526 4521 4520 4525 4206 4510 4204 4206 4227 4521 4527 4523 4200 4205 4513 4207 4205 4204 4523 4516 4521 4208 4526 4520 4521 4526 4527 4528 4523 4529 4523 4528 4522 4508 4498 4506 4497 4506 4498 4530 4531 4518 4532 4533 4534 4509 4524 4535 4536 4214 4227 4525 4509 4535 4537 4527 4526 4525 4536 4227 4207 4227 4214 4538 4529 4527 4205 4208 4520 4208 4207 4213 4539 4529 4540 4212 4537 4526 4537 4538 4527 4528 4529 4539 4523 4527 4529 4506 4524 4509 4507 4517 4524 4541 4542 4543 4525 4535 4536 4535 4519 4532 4534 4217 4214 4536 4535 4532 4538 4537 4544 4536 4534 4214 4214 4217 4213 4545 4540 4538 4208 4212 4526 4215 4212 4213 4546 4539 4540 4216 4544 4537 4529 4538 4540 4538 4544 4545 4546 4540 4547 4535 4524 4519 4517 4519 4524 4531 4530 4548 4536 4532 4534 4531 4533 4532 4250 4218 4549 4533 4243 4534 4550 4545 4544 4243 4217 4534 4217 4218 4215 4551 4547 4545 4212 4216 4537 4219 4216 4215 4547 4540 4545 4220 4550 4544 4545 4550 4551 4552 4547 4553 4547 4552 4546 4532 4519 4531 4518 4531 4519 4554 4548 4555 4243 4533 4556 4548 4556 4533 4250 4225 4219 4549 4243 4556 4230 4551 4550 4549 4218 4243 4250 4219 4218 4229 4553 4551 4216 4220 4544 4225 4220 4219 4229 4551 4230 4224 4230 4550 4553 4557 4558 4552 4553 4558 4547 4551 4553 4531 4548 4533 4530 4555 4548 4542 4541 4554 4244 4541 4543 4556 4554 4559 4248 4241 4225 4549 4556 4559 4241 4239 4224 4549 4249 4250 4250 4248 4225 4237 4557 4229 4220 4224 4550 4224 4225 4241 4560 4557 4561 4239 4228 4230 4228 4237 4229 4558 4557 4560 4553 4229 4557 4548 4554 4556 4555 4542 4554 4244 4543 4245 4549 4559 4249 4541 4562 4559 4241 4248 4242 4562 4247 4249 4239 4241 4240 4247 4242 4248 4563 4236 4564 4563 4561 4237 4224 4239 4230 4239 4240 4238 4565 4560 4561 4238 4236 4228 4557 4237 4561 4237 4236 4563 4565 4561 4566 4559 4554 4541 4567 4568 4569 4247 4570 4242 4559 4562 4249 4245 4254 4246 4242 4571 4240 4572 4570 4247 4240 4573 4238 4570 4571 4242 4238 4574 4236 4573 4240 4571 4563 4234 4566 4574 4238 4573 4566 4561 4563 4574 4564 4236 4563 4564 4234 4575 4566 4233 4566 4575 4565 4562 4541 4244 4562 4244 4572 4570 4568 4571 4562 4572 4247 4246 4576 4572 4571 4567 4573 4576 4568 4570 4573 4577 4574 4568 4567 4571 4574 4578 4564 4567 4577 4573 4579 4234 4564 4574 4577 4578 4231 4233 4232 4564 4578 4579 4579 4235 4234 4575 4233 4231 4566 4234 4233 4246 4572 4244 4255 4254 4258 4580 4577 4567 4572 4576 4570 4255 4581 4576 4582 4578 4577 4581 4569 4568 4583 4579 4578 4569 4580 4567 4584 4235 4579 4580 4582 4577 4585 4232 4235 4582 4583 4578 4232 4585 4209 4584 4579 4583 4233 4235 4232 4235 4584 4585 4211 4232 4209 4576 4246 4255 4257 4253 4581 4253 4586 4569 4576 4581 4568 4253 4569 4581 4586 4587 4580 4586 4580 4569 4587 4588 4582 4587 4582 4580 4588 4589 4583 4588 4583 4582 4589 4590 4584 4589 4584 4583 4590 4591 4585 4590 4585 4584 4209 4591 4226 4209 4585 4591 4210 4209 4226 4255 4258 4257 4581 4255 4257 4586 4252 4320 4251 4253 4257 4587 4320 4319 4252 4586 4253 4588 4319 4308 4320 4587 4586 4589 4308 4316 4319 4588 4587 4590 4316 4313 4308 4589 4588 4591 4313 4312 4316 4590 4589 4226 4312 4221 4313 4591 4590 4221 4223 4226 4312 4226 4591 4592 4593 4594 4595 4594 4596 4593 4596 4594 4597 4598 4595 4595 4596 4597 4598 4599 4600 4599 4598 4597 4601 4600 4602 4599 4602 4600 4603 4604 4601 4601 4602 4603 4604 4605 4606 4605 4604 4603 4607 4606 4608 4605 4608 4606 4609 4610 4607 4607 4608 4609 4610 4611 4612 4611 4610 4609 4613 4612 4614 4611 4614 4612 4615 4616 4613 4613 4614 4615 4616 4617 4618 4617 4616 4615 4619 4618 4620 4617 4620 4618 4621 4622 4619 4619 4620 4621 4622 4623 4624 4623 4622 4621 4625 4624 4626 4623 4626 4624 4627 4628 4625 4625 4626 4627 4628 4629 4630 4629 4628 4627 4631 4630 4632 4629 4632 4630 4633 4634 4631 4631 4632 4633 4634 4635 4636 4635 4634 4633 4637 4636 4638 4635 4638 4636 4639 4640 4637 4637 4638 4639 4641 4640 4639 4641 4642 4640 4593 4592 4643 4644 4645 4643 4643 4592 4644 4645 4646 4647 4646 4645 4644 4648 4647 4649 4646 4649 4647 4650 4651 4648 4648 4649 4650 4651 4652 4653 4652 4651 4650 4654 4653 4655 4652 4655 4653 4656 4657 4654 4654 4655 4656 4657 4658 4659 4658 4657 4656 4660 4659 4661 4658 4661 4659 4662 4663 4660 4660 4661 4662 4663 4664 4665 4664 4663 4662 4666 4665 4667 4664 4667 4665 4668 4669 4666 4666 4667 4668 4669 4670 4671 4670 4669 4668 4672 4671 4673 4670 4673 4671 4674 4675 4672 4672 4673 4674 4675 4676 4677 4676 4675 4674 4678 4677 4679 4676 4679 4677 4680 4681 4678 4678 4679 4680 4681 4682 4683 4682 4681 4680 4684 4683 4685 4682 4685 4683 4686 4687 4684 4684 4685 4686 4687 4688 4689 4688 4687 4686 4688 4642 4689 4689 4642 4641 4690 4691 4692 4693 4694 4695 4696 4697 4698 4694 4699 4697 4693 4699 4694 4696 4700 4694 4694 4697 4696 4701 4700 4702 4696 4702 4700 4701 4703 4704 4703 4701 4702 4705 4706 4704 4704 4703 4705 4707 4708 4709 4710 4711 4712 4713 4714 4715 4716 4717 4718 4719 4720 4721 4722 4723 4724 4725 4726 4727 4728 4729 4730 4731 4732 4733 4734 4735 4736 4735 4734 4737 4738 4729 4735 4737 4738 4735 4728 4730 4732 4735 4729 4728 4733 4722 4731 4730 4733 4732 4722 4724 4731 4723 4726 4725 4723 4725 4724 4720 4719 4727 4720 4727 4726 4713 4715 4721 4715 4719 4721 4716 4714 4717 4714 4713 4717 4690 4718 4691 4716 4718 4690 4692 4707 4709 4691 4707 4692 4708 4711 4710 4708 4710 4709 4705 4712 4706 4706 4712 4711 4739 4740 4741 4742 4743 4744 4743 4742 4745 4744 4746 4747 4747 4742 4744 4748 4749 4746 4747 4746 4749 4750 4748 4751 4748 4750 4749 4751 4739 4741 4741 4750 4751 4752 4753 4754 4740 4755 4756 4757 4758 4759 4760 4761 4762 4763 4764 4765 4766 4767 4768 4769 4770 4771 4772 4773 4774 4773 4775 4776 4768 4776 4775 4775 4773 4772 4767 4776 4768 4769 4771 4766 4771 4767 4766 4760 4770 4761 4770 4769 4761 4764 4762 4765 4760 4762 4764 4763 4759 4758 4765 4759 4763 4757 4753 4752 4757 4752 4758 4756 4755 4754 4756 4754 4753 4755 4740 4739 4777 4778 4779 4779 4780 4777 4781 4782 4783 4783 4784 4781 4785 4786 4787 4787 4788 4785 4789 4790 4791 4791 4792 4789 4793 4794 4795 4796 4797 4794 4798 4793 4795 4794 4793 4796 4799 4800 4801 4802 4803 4804 4803 4802 4805 4804 4806 4807 4807 4802 4804 4808 4809 4806 4807 4806 4809 4810 4808 4811 4808 4810 4809 4811 4799 4801 4801 4810 4811 4812 4813 4814 4800 4815 4816 4817 4818 4819 4820 4821 4822 4823 4824 4825 4826 4827 4828 4829 4830 4831 4832 4833 4834 4833 4835 4836 4828 4836 4835 4835 4833 4832 4827 4836 4828 4829 4831 4826 4831 4827 4826 4820 4830 4821 4830 4829 4821 4824 4822 4825 4820 4822 4824 4823 4819 4818 4825 4819 4823 4817 4813 4812 4817 4812 4818 4816 4815 4814 4816 4814 4813 4815 4800 4799 4837 4838 4839 4840 4841 4842 4840 4843 4841 4844 4842 4845 4841 4845 4842 4846 4847 4844 4844 4845 4846 4847 4848 4849 4848 4847 4846 4850 4851 4852 4848 4853 4849 4854 4855 4856 4857 4858 4859 4860 4861 4862 4863 4864 4865 4866 4867 4868 4869 4870 4871 4872 4873 4869 4873 4872 4864 4869 4871 4872 4866 4863 4865 4863 4873 4864 4867 4866 4865 4860 4868 4861 4861 4868 4867 4856 4855 4862 4862 4855 4860 4857 4859 4854 4856 4857 4854 4858 4838 4837 4859 4858 4837 4839 4851 4850 4839 4838 4851 4849 4853 4852 4853 4850 4852 4874 4875 4876 4877 4878 4879 4877 4880 4878 4881 4879 4882 4878 4882 4879 4883 4884 4881 4881 4882 4883 4884 4885 4886 4885 4884 4883 4887 4888 4889 4885 4890 4886 4891 4892 4893 4894 4895 4896 4897 4898 4899 4900 4901 4902 4903 4904 4905 4906 4907 4908 4909 4910 4906 4910 4909 4901 4906 4908 4909 4903 4900 4902 4900 4910 4901 4904 4903 4902 4897 4905 4898 4898 4905 4904 4893 4892 4899 4899 4892 4897 4894 4896 4891 4893 4894 4891 4895 4875 4874 4896 4895 4874 4876 4888 4887 4876 4875 4888 4886 4890 4889 4890 4887 4889 4911 4912 4913 4913 4914 4911 4915 4916 4917 4917 4918 4915 4919 4920 4921 4921 4922 4919 4923 4924 4925 4925 4926 4923 4927 4928 4929 4930 4929 4931 4932 4928 4927 4929 4930 4927 4933 4934 4935 4934 4936 4937 4936 4934 4933 4938 4937 4939 4936 4939 4937 4940 4941 4938 4938 4939 4940 4941 4942 4943 4942 4941 4940 4944 4943 4945 4942 4945 4943 4946 4947 4944 4944 4945 4946 4947 4948 4949 4948 4947 4946 4950 4949 4951 4948 4951 4949 4952 4953 4950 4950 4951 4952 4953 4954 4955 4954 4953 4952 4956 4955 4957 4954 4957 4955 4958 4959 4956 4956 4957 4958 4959 4960 4961 4960 4959 4958 4962 4961 4963 4960 4963 4961 4964 4965 4962 4962 4963 4964 4965 4966 4967 4966 4965 4964 4968 4967 4969 4966 4969 4967 4970 4971 4968 4968 4969 4970 4971 4972 4973 4972 4971 4970 4974 4973 4975 4972 4975 4973 4976 4977 4974 4974 4975 4976 4977 4978 4979 4978 4977 4976 4980 4979 4981 4978 4981 4979 4982 4983 4980 4980 4981 4982 4983 4984 4985 4984 4983 4982 4986 4985 4987 4984 4987 4985 4988 4989 4986 4986 4987 4988 4989 4990 4991 4990 4989 4988 4992 4991 4993 4990 4993 4991 4994 4995 4992 4992 4993 4994 4996 4995 4994 4996 4997 4995 4933 4935 4998 4999 4998 5000 4935 5000 4998 5001 5002 4999 4999 5000 5001 5002 5003 5004 5003 5002 5001 5005 5004 5006 5003 5006 5004 5007 5008 5005 5005 5006 5007 5008 5009 5010 5009 5008 5007 5011 5010 5012 5009 5012 5010 5013 5014 5011 5011 5012 5013 5014 5015 5016 5015 5014 5013 5017 5016 5018 5015 5018 5016 5019 5020 5017 5017 5018 5019 5020 5021 5022 5021 5020 5019 5023 5022 5024 5021 5024 5022 5025 5026 5023 5023 5024 5025 5026 5027 5028 5027 5026 5025 5029 5028 5030 5027 5030 5028 5031 5032 5029 5029 5030 5031 5032 5033 5034 5033 5032 5031 5035 5034 5036 5033 5036 5034 5037 5038 5035 5035 5036 5037 5038 5039 5040 5039 5038 5037 5041 5040 5042 5039 5042 5040 5043 5044 5041 5041 5042 5043 5044 5045 5046 5045 5044 5043 5047 5046 5048 5045 5048 5046 5049 5050 5047 5047 5048 5049 5050 5051 5052 5051 5050 5049 5053 5052 5054 5051 5054 5052 5055 5056 5053 5053 5054 5055 5056 5057 5058 5057 5056 5055 5057 4997 5058 5058 4997 4996 5059 5060 5061 5062 5063 5064 5064 5065 5066 5065 5067 5068 5069 5068 5067 5067 5064 5063 5065 5064 5067 5067 5070 5071 5067 5063 5072 5073 5070 5072 5070 5067 5072 5074 5073 5075 5073 5074 5070 5075 5076 5077 5077 5074 5075 5078 5079 5080 5077 5076 5081 5082 5059 5083 5084 5085 5080 5086 5087 5088 5089 5090 5091 5092 5093 5086 5094 5095 5096 5097 5095 5098 5099 5100 5101 5102 5103 5104 5105 5106 5107 5108 5100 5109 5110 5111 5112 5105 5113 5106 5114 5106 5110 5110 5106 5113 5105 5115 5113 5110 5113 5111 5116 5108 5105 5107 5116 5105 5100 5108 5101 5105 5108 5109 5117 5099 5101 5103 5117 5104 5117 5103 5099 5102 5094 5096 5104 5094 5102 5118 5097 5098 5095 5097 5096 5093 5092 5118 5118 5098 5093 5088 5087 5119 5088 5092 5086 5091 5119 5089 5087 5089 5119 5083 5090 5082 5091 5090 5083 5120 5061 5060 5082 5060 5059 5120 5085 5084 5084 5061 5120 5079 5078 5081 5078 5080 5085 5081 5076 5079 5121 5122 5123 5124 5125 5126 5127 5128 5129 5130 5131 5132 5133 5134 5135 5121 5136 5137 5129 5138 5139 5140 5141 5121 5142 5143 5144 5141 5145 5144 5146 5147 5148 5134 5144 5135 5149 5142 5134 5150 5151 5152 5153 5134 5133 5154 5155 5156 5149 5153 5157 5152 5158 5159 5160 5161 5162 5163 5153 5164 5163 5165 5157 5163 5156 5155 5166 5167 5168 5155 5154 5169 5155 5170 5165 5171 5172 5173 5174 5175 5176 5177 5178 5179 5180 5170 5169 5181 5182 5183 5181 5169 5184 5185 5186 5187 5180 5181 5188 5189 5190 5183 5188 5183 5191 5192 5193 5194 5195 5196 5197 5190 5198 5191 5199 5193 5192 5200 5172 5201 5193 5199 5202 5203 5204 5168 5205 5206 5207 5208 5207 5209 5209 5210 5208 5211 5212 5206 5213 5192 5214 5199 5215 5212 5216 5217 5190 5218 5219 5220 5221 5222 5223 5224 5220 5217 5225 5226 5227 5221 5228 5229 5218 5230 5219 5186 5231 5232 5229 5233 5232 5234 5187 5235 5187 5236 5237 5237 5238 5235 5187 5237 5235 5239 5231 5240 5141 5143 5136 5122 5137 5241 5242 5241 5243 5244 5122 5242 5245 5242 5246 5247 5248 5249 5243 5250 5246 5251 5252 5253 5247 5254 5255 5256 5246 5257 5258 5259 5260 5261 5257 5262 5257 5250 5263 5264 5265 5266 5267 5262 5263 5262 5268 5269 5270 5271 5272 5273 5274 5264 5268 5267 5275 5256 5257 5261 5276 5268 5277 5277 5278 5279 5275 5280 5277 5281 5282 5283 5284 5285 5286 5287 5288 5278 5278 5280 5289 5290 5283 5291 5289 5292 5287 5293 5294 5295 5287 5296 5297 5298 5299 5296 5300 5296 5292 5301 5302 5303 5304 5305 5306 5307 5298 5308 5300 5309 5298 5310 5311 5302 5312 5308 5309 5313 5314 5315 5308 5316 5317 5318 5319 5316 5316 5312 5320 5321 5322 5323 5324 5325 5326 5318 5327 5328 5320 5329 5318 5330 5321 5331 5327 5329 5124 5332 5327 5126 5333 5334 5335 5319 5318 5328 5336 5337 5338 5339 5340 5126 5341 5342 5343 5339 5125 5344 5345 5346 5344 5346 5339 5344 5341 5347 5345 5340 5332 5126 5346 5348 5339 5341 5349 5347 5350 5347 5349 5349 5351 5350 5348 5340 5339 5349 5341 5343 5352 5336 5353 5354 5166 5355 5356 5357 5358 5354 5355 5351 5359 5167 5166 5166 5354 5359 5360 5361 5235 5234 5340 5348 5234 5362 5340 5234 5235 5362 5352 5363 5336 5364 5357 5365 5235 5361 5362 5238 5360 5235 5361 5360 5365 5358 5357 5364 5356 5358 5366 5357 5361 5365 5338 5337 5367 5362 5361 5368 5328 5327 5332 5332 5362 5368 5369 5349 5343 5370 5371 5372 5344 5341 5345 5126 5125 5339 5373 5343 5342 5344 5342 5341 5374 5354 5372 5354 5374 5375 5350 5351 5355 5369 5372 5351 5359 5354 5375 5368 5361 5357 5376 5356 5366 5353 5356 5376 5332 5340 5362 5377 5368 5357 5378 5335 5334 5368 5377 5328 5379 5373 5342 5380 5343 5373 5125 5342 5344 5327 5124 5126 5379 5334 5373 5342 5125 5379 5369 5370 5372 5351 5372 5354 5349 5369 5351 5380 5370 5369 5374 5372 5371 5356 5377 5357 5352 5353 5376 5330 5381 5321 5328 5332 5368 5382 5377 5356 5316 5319 5317 5319 5377 5382 5378 5334 5379 5334 5383 5373 5124 5379 5125 5329 5327 5318 5384 5370 5380 5124 5378 5379 5385 5370 5384 5386 5371 5370 5343 5380 5369 5383 5384 5380 5385 5386 5370 5382 5356 5353 5337 5336 5363 5323 5322 5387 5319 5328 5377 5382 5353 5388 5307 5308 5317 5388 5317 5382 5325 5335 5378 5335 5325 5324 5329 5378 5124 5316 5320 5318 5383 5389 5384 5329 5325 5378 5390 5384 5389 5390 5391 5384 5373 5383 5380 5333 5389 5383 5385 5384 5391 5388 5353 5336 5392 5338 5367 5331 5338 5392 5317 5319 5382 5388 5336 5393 5299 5298 5307 5388 5393 5307 5394 5395 5396 5395 5335 5324 5320 5325 5329 5308 5312 5316 5326 5315 5324 5325 5320 5326 5333 5394 5389 5394 5397 5389 5334 5333 5383 5395 5394 5333 5390 5389 5397 5338 5393 5336 5330 5331 5392 5302 5311 5398 5307 5317 5388 5399 5393 5338 5299 5297 5296 5299 5393 5399 5400 5315 5326 5315 5401 5324 5312 5326 5320 5298 5309 5308 5400 5313 5315 5312 5400 5326 5402 5394 5396 5403 5397 5394 5335 5395 5333 5401 5396 5395 5402 5403 5394 5399 5338 5331 5322 5321 5381 5301 5303 5404 5299 5307 5393 5331 5405 5399 5287 5297 5288 5405 5297 5399 5305 5313 5400 5313 5305 5304 5309 5400 5312 5300 5298 5296 5401 5406 5396 5309 5305 5400 5407 5396 5406 5407 5408 5396 5324 5401 5395 5314 5406 5401 5402 5396 5408 5405 5331 5321 5409 5323 5387 5310 5323 5409 5297 5299 5399 5405 5321 5410 5279 5278 5288 5405 5410 5288 5411 5412 5413 5411 5313 5304 5300 5305 5309 5287 5292 5296 5293 5304 5306 5300 5306 5305 5314 5413 5406 5406 5414 5415 5315 5314 5401 5411 5413 5314 5407 5406 5415 5323 5410 5321 5311 5310 5409 5290 5291 5416 5288 5297 5405 5417 5410 5323 5279 5276 5277 5279 5410 5417 5418 5293 5306 5419 5304 5293 5292 5306 5300 5278 5289 5287 5418 5294 5293 5292 5418 5306 5420 5413 5412 5413 5414 5406 5313 5411 5314 5419 5412 5411 5420 5414 5413 5310 5417 5323 5303 5302 5398 5282 5281 5421 5279 5288 5410 5310 5422 5417 5268 5276 5269 5276 5417 5422 5285 5294 5418 5294 5285 5284 5289 5418 5292 5280 5278 5277 5423 5412 5419 5289 5285 5418 5424 5412 5423 5425 5420 5412 5304 5419 5411 5419 5295 5423 5424 5425 5412 5422 5310 5302 5426 5301 5404 5291 5301 5426 5276 5279 5417 5422 5302 5427 5261 5262 5269 5422 5427 5269 5428 5294 5284 5429 5430 5431 5280 5285 5289 5268 5275 5277 5432 5284 5286 5280 5286 5285 5433 5423 5431 5423 5433 5434 5293 5295 5419 5428 5431 5295 5424 5423 5434 5301 5427 5302 5416 5291 5426 5274 5273 5435 5269 5276 5422 5436 5427 5301 5437 5270 5272 5261 5427 5436 5438 5432 5286 5439 5284 5432 5275 5286 5280 5262 5267 5268 5438 5272 5432 5286 5275 5438 5428 5429 5431 5295 5431 5423 5294 5428 5295 5439 5429 5428 5433 5431 5430 5291 5436 5301 5281 5283 5290 5266 5265 5440 5261 5269 5427 5291 5441 5436 5246 5256 5245 5256 5436 5441 5437 5272 5438 5272 5442 5432 5267 5438 5275 5263 5262 5257 5443 5429 5439 5267 5437 5438 5444 5429 5443 5445 5430 5429 5284 5439 5428 5442 5443 5439 5444 5445 5429 5441 5291 5283 5446 5282 5421 5273 5282 5446 5256 5261 5436 5441 5283 5447 5242 5245 5244 5245 5441 5447 5260 5270 5437 5270 5260 5259 5263 5437 5267 5246 5250 5257 5442 5448 5443 5263 5260 5437 5449 5443 5448 5449 5450 5443 5432 5442 5439 5271 5448 5442 5444 5443 5450 5282 5447 5283 5435 5273 5446 5255 5254 5451 5245 5256 5441 5282 5452 5447 5122 5244 5123 5447 5452 5244 5453 5454 5455 5454 5270 5259 5250 5260 5263 5242 5243 5246 5258 5253 5259 5260 5250 5258 5271 5453 5448 5453 5456 5448 5272 5271 5442 5454 5453 5271 5449 5448 5456 5273 5452 5282 5265 5264 5274 5249 5248 5457 5244 5245 5447 5273 5458 5452 5121 5123 5140 5123 5452 5458 5459 5253 5258 5253 5460 5259 5243 5258 5250 5122 5241 5242 5459 5251 5253 5243 5459 5258 5461 5453 5455 5462 5456 5453 5270 5454 5271 5460 5455 5454 5461 5462 5453 5458 5273 5264 5463 5266 5440 5254 5266 5463 5123 5244 5452 5264 5464 5458 5141 5140 5145 5140 5458 5464 5131 5251 5459 5251 5131 5130 5241 5459 5243 5137 5122 5121 5460 5465 5455 5241 5131 5459 5466 5455 5465 5466 5467 5455 5259 5460 5454 5252 5465 5460 5461 5455 5467 5266 5464 5264 5451 5254 5463 5128 5127 5468 5140 5123 5458 5266 5469 5464 5144 5145 5135 5464 5469 5145 5470 5471 5472 5470 5251 5130 5137 5131 5241 5141 5136 5121 5473 5130 5132 5137 5132 5131 5252 5472 5465 5465 5474 5475 5253 5252 5460 5470 5472 5252 5466 5465 5475 5254 5469 5266 5248 5247 5255 5139 5138 5476 5145 5140 5464 5254 5477 5469 5148 5147 5478 5135 5469 5477 5479 5473 5132 5480 5130 5473 5136 5132 5137 5144 5143 5141 5479 5478 5473 5136 5479 5132 5481 5472 5471 5472 5474 5465 5251 5470 5252 5480 5471 5470 5481 5474 5472 5477 5254 5247 5482 5249 5457 5127 5249 5482 5135 5145 5469 5247 5483 5477 5153 5133 5164 5477 5483 5133 5148 5478 5479 5478 5484 5473 5143 5479 5136 5142 5144 5134 5485 5471 5480 5143 5148 5479 5486 5471 5485 5487 5481 5471 5130 5480 5470 5484 5485 5480 5486 5487 5471 5249 5483 5247 5468 5127 5482 5151 5150 5488 5133 5135 5477 5249 5489 5483 5163 5164 5156 5483 5489 5164 5490 5478 5147 5491 5492 5493 5142 5148 5143 5153 5149 5134 5494 5147 5146 5142 5146 5148 5495 5485 5493 5495 5496 5485 5473 5484 5480 5490 5493 5484 5486 5485 5496 5127 5489 5249 5138 5129 5128 5159 5158 5497 5164 5133 5483 5127 5498 5489 5499 5160 5162 5156 5489 5498 5500 5494 5146 5501 5147 5494 5149 5146 5142 5163 5157 5153 5500 5162 5494 5146 5149 5500 5490 5491 5493 5484 5493 5485 5478 5490 5484 5501 5491 5490 5495 5493 5492 5498 5127 5129 5502 5139 5476 5150 5139 5502 5156 5164 5489 5129 5503 5498 5169 5154 5184 5498 5503 5154 5499 5162 5500 5162 5504 5494 5157 5500 5149 5165 5163 5155 5505 5491 5501 5157 5499 5500 5506 5491 5505 5507 5492 5491 5147 5501 5490 5504 5505 5501 5506 5507 5491 5139 5503 5129 5488 5150 5502 5200 5201 5508 5154 5156 5498 5509 5503 5139 5184 5182 5181 5184 5503 5509 5175 5160 5499 5160 5175 5174 5165 5499 5157 5169 5170 5155 5504 5510 5505 5165 5175 5499 5511 5505 5510 5511 5512 5505 5494 5504 5501 5161 5510 5504 5506 5505 5512 5150 5509 5139 5158 5152 5151 5171 5173 5513 5184 5154 5503 5509 5150 5514 5189 5183 5182 5182 5509 5514 5515 5516 5517 5516 5160 5174 5170 5175 5165 5181 5180 5169 5176 5177 5174 5175 5170 5176 5161 5515 5510 5510 5518 5519 5162 5161 5504 5516 5515 5161 5511 5510 5519 5514 5150 5152 5520 5159 5497 5201 5159 5520 5182 5184 5509 5152 5521 5514 5190 5189 5216 5514 5521 5189 5522 5177 5176 5177 5523 5174 5180 5176 5170 5183 5188 5181 5522 5178 5177 5180 5522 5176 5524 5515 5517 5515 5518 5510 5160 5516 5161 5523 5517 5516 5524 5518 5515 5159 5521 5152 5508 5201 5520 5223 5222 5525 5189 5182 5514 5526 5521 5159 5217 5216 5224 5521 5526 5216 5196 5178 5522 5178 5196 5195 5188 5522 5180 5191 5183 5190 5523 5527 5517 5188 5196 5522 5528 5517 5527 5528 5529 5517 5174 5523 5516 5179 5527 5523 5524 5517 5529 5201 5526 5159 5173 5172 5200 5229 5228 5530 5216 5189 5521 5201 5531 5526 5224 5218 5220 5526 5531 5224 5532 5178 5195 5533 5534 5535 5191 5196 5188 5217 5198 5190 5536 5195 5197 5191 5197 5196 5537 5527 5535 5527 5537 5538 5177 5179 5523 5532 5535 5179 5528 5527 5538 5531 5201 5172 5539 5171 5513 5222 5171 5539 5224 5216 5526 5540 5531 5172 5214 5198 5217 5531 5540 5218 5194 5536 5197 5541 5195 5536 5198 5197 5191 5214 5217 5220 5194 5193 5536 5197 5198 5194 5532 5533 5535 5179 5535 5527 5178 5532 5179 5541 5533 5532 5537 5535 5534 5171 5540 5172 5525 5222 5539 5542 5232 5543 5218 5224 5531 5171 5544 5540 5220 5219 5213 5230 5218 5540 5192 5545 5199 5193 5546 5536 5214 5194 5198 5213 5214 5220 5547 5533 5541 5214 5192 5194 5548 5533 5547 5549 5534 5533 5195 5541 5532 5546 5547 5541 5548 5549 5533 5222 5544 5171 5228 5221 5223 5227 5550 5230 5544 5230 5540 5222 5551 5544 5550 5552 5219 5227 5230 5544 5552 5545 5213 5219 5230 5550 5211 5553 5554 5219 5552 5213 5215 5199 5545 5213 5545 5192 5555 5547 5554 5555 5556 5547 5536 5546 5541 5202 5554 5546 5548 5547 5556 5551 5222 5221 5233 5229 5530 5557 5550 5226 5551 5227 5544 5558 5551 5221 5559 5552 5557 5225 5227 5551 5215 5545 5559 5226 5550 5227 5206 5205 5560 5557 5552 5550 5209 5215 5559 5545 5552 5559 5202 5211 5554 5546 5554 5547 5193 5202 5546 5212 5211 5202 5555 5554 5553 5229 5558 5221 5543 5232 5233 5225 5561 5562 5558 5225 5551 5229 5563 5558 5226 5562 5564 5558 5561 5225 5557 5564 5565 5225 5562 5226 5559 5565 5209 5226 5564 5557 5215 5209 5207 5559 5557 5565 5566 5211 5206 5567 5553 5211 5199 5212 5202 5207 5206 5212 5566 5567 5211 5232 5563 5229 5186 5542 5568 5239 5561 5563 5563 5561 5558 5563 5231 5239 5569 5562 5561 5561 5239 5569 5570 5564 5562 5562 5569 5570 5571 5565 5564 5564 5570 5571 5210 5209 5565 5565 5571 5210 5203 5205 5204 5560 5572 5206 5215 5207 5212 5208 5205 5207 5566 5206 5572 5542 5186 5232 5187 5568 5236 5569 5239 5573 5232 5231 5563 5231 5185 5240 5570 5569 5574 5239 5240 5573 5571 5570 5575 5569 5573 5574 5210 5571 5576 5570 5574 5575 5208 5210 5577 5571 5575 5576 5205 5208 5204 5576 5577 5210 5205 5203 5578 5577 5204 5208 5560 5205 5578 5568 5187 5186 5186 5185 5231 5234 5348 5185 5187 5234 5185 5348 5346 5240 5185 5348 5240 5346 5345 5573 5240 5346 5573 5345 5347 5574 5573 5345 5574 5347 5350 5575 5574 5347 5575 5350 5355 5576 5575 5350 5576 5355 5166 5577 5576 5355 5577 5168 5204 5166 5577 5166 5204 5579 5580 5581 5582 5579 5583 5582 5584 5585 5580 5579 5585 5586 5587 5588 5589 5590 5591 5592 5593 5594 5594 5586 5592 5588 5587 5590 5594 5587 5586 5589 5591 5583 5588 5590 5589 5579 5582 5585 5583 5591 5582 5582 5595 5584 5596 5597 5598 5599 5600 5601 5602 5603 5601 5599 5601 5603 5602 5604 5605 5605 5603 5602 5604 5606 5605 5607 5600 5599 5607 5608 5609 5609 5600 5607 5610 5608 5611 5608 5610 5609 5610 5611 5612 5613 5614 5615 5616 5617 5615 5613 5615 5617 5618 5617 5616 5619 5614 5613 5620 5619 5621 5619 5620 5614 5620 5621 5622 5623 5624 5625 5623 5625 5626 5627 5628 5629 5630 5631 5632 5633 5634 5631 5627 5635 5636 5636 5628 5627 5635 5637 5636 5635 5638 5637 5629 5628 5639 5640 5639 5632 5639 5640 5629 5640 5632 5631 5630 5641 5642 5630 5633 5631 5630 5642 5633 5633 5643 5634 5644 5645 5646 5647 5648 5649 5650 5651 5649 5647 5649 5651 5650 5652 5653 5653 5651 5650 5652 5654 5653 5655 5648 5647 5655 5656 5657 5657 5648 5655 5658 5656 5659 5656 5658 5657 5658 5659 5660 5661 5662 5663 5661 5664 5665 5665 5662 5661 5664 5666 5665 5667 5663 5662 5668 5667 5669 5667 5668 5663 5668 5669 5670 5671 5672 5673 5674 5673 5675 5672 5675 5673 5676 5677 5674 5674 5675 5676 5678 5677 5676 5678 5679 5677 5672 5671 5680 5681 5682 5680 5680 5671 5681 5682 5683 5684 5683 5682 5681 5683 5685 5684 5684 5685 5686 5687 5688 5689 5690 5689 5691 5688 5691 5689 5692 5693 5690 5690 5691 5692 5694 5693 5692 5694 5695 5693 5688 5687 5696 5697 5698 5696 5696 5687 5697 5698 5699 5700 5699 5698 5697 5699 5701 5700 5700 5701 5702 5703 5704 5705 5706 5704 5707 5704 5706 5705 5708 5709 5707 5706 5707 5709 5708 5710 5711 5711 5709 5708 5712 5710 5713 5710 5712 5711 5714 5715 5713 5712 5713 5715 5716 5715 5714 5714 5717 5716 5705 5718 5703 5719 5720 5718 5703 5718 5720 5719 5721 5722 5722 5720 5719 5723 5721 5724 5721 5723 5722 5725 5726 5724 5723 5724 5726 5725 5727 5728 5728 5726 5725 5729 5727 5730 5727 5729 5728 5729 5730 5731 5732 5733 5734 5735 5736 5737 5738 5739 5734 5732 5734 5739 5738 5740 5741 5741 5739 5738 5742 5740 5743 5740 5742 5741 5744 5745 5743 5742 5743 5745 5744 5746 5747 5747 5745 5744 5746 5748 5747 5746 5749 5748 5733 5732 5750 5750 5751 5752 5752 5733 5750 5753 5751 5754 5751 5753 5752 5755 5756 5754 5753 5754 5756 5755 5757 5758 5758 5756 5755 5759 5757 5736 5757 5759 5758 5759 5736 5735 5737 5760 5735 5761 5762 5763 5764 5765 5761 5761 5763 5764 5766 5765 5764 5766 5767 5765 5763 5762 5768 5768 5769 5770 5769 5768 5762 5771 5770 5772 5769 5772 5770 5771 5772 5773 5774 5775 5776 5777 5775 5774 5778 5776 5775 5776 5778 5779 5780 5781 5782 5783 5784 5780 5780 5782 5783 5785 5784 5783 5785 5786 5784 5782 5781 5787 5787 5788 5789 5788 5787 5781 5788 5790 5789 5789 5790 5791 5792 5793 5794 5795 5794 5796 5793 5796 5794 5797 5798 5795 5795 5796 5797 5793 5792 5799 5799 5800 5801 5800 5799 5792 5800 5802 5801 5801 5802 5803 5804 5805 5806 5805 5807 5806 5808 5804 5806 5804 5808 5809 5810 5811 5812 5810 5813 5814 5815 5816 5817 5818 5819 5820 5821 5822 5823 5818 5820 5811 5824 5825 5826 5813 5810 5827 5810 5828 5827 5810 5829 5828 5811 5820 5812 5810 5812 5829 5830 5819 5818 5823 5831 5821 5830 5818 5832 5833 5834 5835 5833 5836 5834 5837 5833 5838 5839 5840 5833 5833 5841 5838 5842 5843 5844 5845 5846 5843 5843 5847 5845 5842 5847 5843 5848 5840 5839 5843 5846 5848 5849 5850 5851 5848 5839 5843 5852 5836 5833 5833 5840 5841 5835 5834 5853 5837 5852 5833 5854 5835 5853 5835 5854 5850 5851 5850 5855 5855 5850 5854 5856 5857 5858 5858 5859 5831 5856 5860 5861 5860 5862 5861 5863 5864 5862 5865 5866 5863 5866 5864 5863 5867 5868 5869 5867 5870 5871 5866 5865 5872 5868 5873 5869 5874 5875 5876 5873 5876 5877 5878 5879 5880 5823 5822 5852 5823 5837 5878 5858 5860 5856 5862 5864 5861 5872 5881 5866 5859 5821 5831 5857 5859 5858 5837 5823 5852 5882 5879 5878 5882 5878 5837 5824 5880 5883 5879 5883 5880 5884 5885 5815 5832 5824 5883 5886 5887 5885 5888 5884 5815 5889 5890 5891 5891 5892 5889 5893 5890 5894 5895 5896 5897 5897 5898 5893 5899 5900 5901 5902 5903 5904 5894 5890 5889 5886 5892 5887 5887 5892 5891 5888 5815 5817 5886 5885 5884 5824 5826 5816 5826 5817 5816 5905 5825 5832 5825 5824 5832 5905 5818 5906 5818 5905 5832 5818 5907 5908 5908 5906 5818 5907 5909 5910 5908 5907 5910 5909 5911 5912 5913 5914 5911 5914 5912 5911 5907 5911 5909 5896 5895 5915 5916 5915 5895 5900 5894 5901 5896 5898 5897 5894 5889 5901 5893 5894 5897 5903 5902 5899 5899 5902 5900 5895 5904 5916 5916 5904 5903 5875 5874 5917 5870 5867 5869 5874 5872 5918 5881 5871 5870 5865 5918 5872 5881 5872 5871 5918 5917 5874 5875 5877 5876 5873 5868 5876 5919 5920 5921 5922 5920 5923 5920 5922 5921 5924 5925 5923 5922 5923 5925 5926 5925 5924 5927 5919 5921 5927 5928 5929 5929 5919 5927 5930 5928 5931 5928 5930 5929 5930 5931 5932 5933 5934 5935 5936 5937 5935 5933 5935 5937 5936 5938 5939 5939 5937 5936 5940 5938 5941 5938 5940 5939 5942 5943 5941 5940 5941 5943 5942 5944 5945 5945 5943 5942 5946 5944 5947 5944 5946 5945 5948 5949 5947 5946 5947 5949 5950 5949 5948 5951 5934 5933 5952 5951 5953 5951 5952 5934 5954 5955 5953 5952 5953 5955 5954 5956 5957 5957 5955 5954 5958 5956 5959 5956 5958 5957 5960 5961 5959 5958 5959 5961 5960 5962 5963 5963 5961 5960 5964 5962 5965 5962 5964 5963 5964 5965 5966 5967 5968 5969 5969 5970 5967 5971 5972 5973 5974 5975 5976 5977 5978 5979 5980 5981 5982 5983 5984 5985 5986 5987 5988 5989 5990 5991 5992 5993 5994 5995 5996 5997 5998 5999 6000 6001 6002 6003 6004 6005 6006 6007 6008 6009 6010 6011 6012 6012 6006 6010 6013 6014 6011 6012 6011 6014 6015 6013 6016 6013 6015 6014 6016 6017 6018 6018 6015 6016 6019 6020 6017 6018 6017 6020 6021 6019 6022 6019 6021 6020 6005 6004 6009 6006 6005 6010 5999 6008 6007 6007 6009 6004 6002 5998 6000 5998 6008 5999 6001 6003 5992 6002 6000 6003 5994 5993 5995 6001 5992 5994 5996 5988 5997 5993 5996 5995 5986 5991 5987 5988 5987 5997 5981 5990 5989 5989 5991 5986 5984 5980 5982 5980 5990 5981 5983 5985 5974 5984 5982 5985 5976 5975 5979 5983 5974 5976 5977 5971 5978 5975 5977 5979 5973 5978 5971 6023 6024 6025 6025 6026 6023 6027 6028 6029 6030 6031 6029 6027 6029 6031 6030 6032 6033 6033 6031 6030 6034 6032 6035 6032 6034 6033 6036 6037 6035 6034 6035 6037 6036 6038 6039 6039 6037 6036 6040 6038 6041 6038 6040 6039 6042 6043 6041 6040 6041 6043 6044 6043 6042 6045 6028 6027 6046 6045 6047 6045 6046 6028 6048 6049 6047 6046 6047 6049 6048 6050 6051 6051 6049 6048 6052 6050 6053 6050 6052 6051 6054 6055 6053 6052 6053 6055 6054 6056 6057 6057 6055 6054 6058 6056 6059 6056 6058 6057 6058 6059 6060 6061 6062 6063 6064 6062 6065 6062 6064 6063 6066 6067 6065 6064 6065 6067 6068 6067 6066 6069 6061 6063 6069 6070 6071 6071 6061 6069 6072 6070 6073 6070 6072 6071 6072 6073 6074 6075 6076 6077 6078 6079 6080 6075 6078 6076 6078 6080 6076 6081 6082 6083 6083 6084 6081 6085 6086 6087 6087 6088 6085 6089 6090 6091 6091 6092 6089 6093 6094 6095 6095 6096 6093 6097 6098 6099 6099 6100 6097 6101 6102 6103 6103 6104 6101 6105 6106 6107 6108 6109 6110 6105 6107 6108 6108 6107 6109 6111 6112 6113 6113 6114 6111 6115 6116 6117 6117 6118 6115 6119 6120 6121 6121 6122 6119 6123 6124 6125 6125 6126 6123 6127 6128 6129 6129 6130 6127 6131 6132 6133 6133 6134 6131 6135 6136 6137 6135 6138 6136 6139 6140 6141 6141 6142 6139 6143 6144 6145 6145 6146 6143 6147 6148 6149 6149 6150 6147 6151 6152 6153 6151 6154 6155 6153 6154 6151 6156 6157 6158 6158 6159 6156</p>
        </triangles>
      </mesh>
    </geometry>
  </library_geometries>

  <library_visual_scenes>
    <visual_scene id="ID1">
      <node id="ID2">
        <instance_geometry url="#ID3">
          <bind_material>
            <technique_common>
              <instance_material symbol="ID9" target="#ID9"/>
              <instance_material symbol="ID10" target="#ID10"/>
            </technique_common>
          </bind_material>
        </instance_geometry>
      </node>
    </visual_scene>
  </library_visual_scenes>

  <scene>
    <instance_visual_scene url="#ID1"/>
  </scene>

  <library_nodes/>

</COLLADA>
